bucket,realized_pnl,unrealized_pnl,dividends,withholding_tax,pil_dividends,borrow_fees,short_credit_interest,other_fees,bond_interest,total_pnl
bucket_2,74559.54760873762,79915.29213203612,-1.3531465852212392,-10.739350993532213,-108278.85,-15915.45956374155,6009.685634130675,-1.1198524751461687,0.0,36277.00346110895
bucket_1,-17963.92864959607,64933.028162963885,630.8631465852212,-6.4206490064677855,-728.72,-24762.99543625845,2391.0673969035383,-0.7001475248538315,0.0,24492.19382406681
bucket_3,31.060795170000013,8186.268511,0.0,0.0,-596.6600000000001,-1882.51,182.79257294779933,0.0,0.0,5920.951879117799
bucket_4,-2113.104160871542,10977.164787,0.0,0.0,0.0,-3532.785,343.8994891529648,0.0,0.0,5675.175115281422
bucket_5,0.0,254.005375,0.0,0.0,0.0,-62.78,32.74490686502394,0.0,0.0,223.97028186502394
