bucket,realized_pnl,unrealized_pnl,dividends,withholding_tax,pil_dividends,borrow_fees,short_credit_interest,other_fees,bond_interest,total_pnl
bucket_2,72883.64287618468,88102.7260663996,-72.45350877192982,0.0,-108378.09,-15914.94,5972.007635659772,0.0,0.0,42592.89306947211
bucket_1,-18712.95673455468,61357.02139948206,701.9635087719298,-17.16,-728.72,-25016.17200058527,2399.743533771114,-1.82,0.0,19981.899706885153
bucket_4,681.20136659,9874.342231118353,0.0,0.0,0.0,-3818.2079994147293,406.79228400327986,0.0,0.0,7144.127882296903
bucket_3,31.060795170000013,8186.268511,0.0,0.0,-596.6600000000001,-1882.51,181.646546565836,0.0,0.0,5919.805852735835
