bucket,realized_pnl,unrealized_pnl,dividends,withholding_tax,pil_dividends,borrow_fees,short_credit_interest,other_fees,bond_interest,total_pnl
bucket_2,71490.38593395027,76265.33082737372,-1.3531465852212392,-10.739350993532213,-108278.85,-15915.45956374155,6009.685634130675,-1.1198524751463184,0.0,29557.880481659213
bucket_1,-17477.064367110263,60640.62493529087,630.8631465852212,-6.4206490064677855,-728.72,-24757.33543625845,2391.0673969035383,-0.7001475248536819,0.0,20692.3148788796
bucket_4,295.93541793,18919.529319335405,0.0,0.0,0.0,-3532.785,343.8994891529648,0.0,0.0,16026.57922641837
bucket_3,31.060795170000013,8186.268511,0.0,0.0,-596.6600000000001,-1882.51,182.79257294779933,0.0,0.0,5920.951879117799
bucket_5,0.0,254.005375,0.0,0.0,0.0,-62.78,32.74490686502394,0.0,0.0,223.97028186502394
