{
  "symbols": {
    "LCID": {
      "fetched_at_epoch": 1779379080.462442,
      "info": {}
    },
    "SOUN": {
      "fetched_at_epoch": 1779379080.462442,
      "info": {}
    }
  },
  "updated_at_epoch": 1779380009.8276377
}