bucket,realized_pnl,unrealized_pnl,dividends,withholding_tax,pil_dividends,borrow_fees,short_credit_interest,other_fees,bond_interest,total_pnl
bucket_4,922.61986557,7691.285003373658,0.0,0.0,0.0,-7.5478084001636665,0.0,0.0,0.0,8606.357060543494
bucket_2,13726.719879801387,5272.208616390122,-10.149999999999999,0.0,-12404.09,-975.2900000000001,136.50541486861047,0.0,0.0,5745.90391106012
bucket_1,1113.760114278613,214.30601123622233,252.40000000000003,0.0,-61.04,-2885.0921915998365,675.1669044885809,0.0,0.0,-690.4991615964229
bucket_3,7.10282914000004,-10503.789093,0.0,0.0,-295.89000000000004,-240.06,60.967680642808716,0.0,0.0,-10971.668583217192
