bucket,realized_pnl,unrealized_pnl,dividends,withholding_tax,pil_dividends,borrow_fees,short_credit_interest,other_fees,bond_interest,total_pnl
bucket_1,-2089.0034448662477,9488.494319727055,243.62637103813836,0.0,-61.04,-2901.7599999999998,679.2204316448398,0.0,0.0,5359.537677543784
bucket_4,676.78988399,0.0,0.0,0.0,0.0,-5.4,0.0,0.0,0.0,671.38988399
bucket_2,5055.151583856246,651.257405272946,8.283628961861645,0.0,-9016.98,-668.13,132.13542980883966,0.0,0.0,-3838.2819521001047
bucket_3,7.10282914000004,-10503.789093,0.0,0.0,-295.89000000000004,-240.06,61.284138546320804,0.0,0.0,-10971.352125313679
