bucket,realized_pnl,unrealized_pnl,dividends,withholding_tax,pil_dividends,borrow_fees,short_credit_interest,other_fees,bond_interest,total_pnl
bucket_1,-1898.8931378772454,8972.491538393999,243.65520557044576,0.0,-61.04,-2898.7,678.5676226094217,0.0,0.0,5036.081228696619
bucket_4,676.78988399,0.0,0.0,0.0,0.0,-5.4,0.0,0.0,0.0,671.38988399
bucket_2,4865.041276867245,1156.4528146060015,8.254794429554254,0.0,-9016.98,-662.47,132.58139917590827,0.0,0.0,-3517.11971492129
bucket_3,7.10282914000004,-10503.789093,0.0,0.0,-295.89000000000004,-240.06,61.49097821467006,0.0,0.0,-10971.145285645329
