bucket,realized_pnl,unrealized_pnl,dividends,withholding_tax,pil_dividends,borrow_fees,short_credit_interest,other_fees,bond_interest,total_pnl
bucket_1,1688.430089704414,18809.70777261151,207.54921568645253,0.0,-61.04,-2910.58,675.5408209029086,0.0,0.0,18409.607898905284
bucket_2,13817.679298725585,-7398.384424611512,34.700784313547466,0.0,-12699.98,-1022.6500000000001,137.23927476710932,0.0,0.0,-7131.3950668052685
bucket_3,516.07253175,-10520.222995,0.0,0.0,0.0,-222.72,59.85990432998217,0.0,0.0,-10167.010558920018
