bucket,realized_pnl,unrealized_pnl,dividends,withholding_tax,pil_dividends,borrow_fees,short_credit_interest,other_fees,bond_interest,total_pnl
bucket_2,5027.425282205118,12048.722079029429,-1.5863076890607113,0.0,-10142.689222741321,-944.3859203610001,154.70779958596083,0.0,0.0,6142.193710029127
bucket_1,10226.704871834881,-490.4261260294267,243.83630768906073,0.0,-2618.3307772586795,-3000.874079639,658.3187976382965,0.0,0.0,5019.228994235127
bucket_3,516.07253175,-10520.222995,0.0,0.0,0.0,-222.72,59.613402775742905,0.0,0.0,-10167.257060474258
