bucket,realized_pnl,unrealized_pnl,dividends,withholding_tax,pil_dividends,borrow_fees,short_credit_interest,other_fees,bond_interest,total_pnl
bucket_1,-1073.9032647693211,38798.46241648261,116.34057746668869,0.0,-65.2,-2860.537999742469,672.7122173469345,0.0,0.0,35587.873946784435
bucket_4,854.7508140005885,-1969.8004049375072,0.0,0.0,1.4055499325391527,-9.396232768250826,0.0,0.0,0.0,-1123.0402737726304
bucket_3,7.10282914000004,-10503.789093,0.0,0.0,-295.89000000000004,-240.06,60.967680642808716,0.0,0.0,-10971.668583217192
bucket_2,15982.252307468732,-23650.8623805451,125.90942253331131,0.0,-12401.335549932539,-997.9957674892805,138.96010201025692,0.0,0.0,-20803.07186595462
