bucket,realized_pnl,unrealized_pnl,dividends,withholding_tax,pil_dividends,borrow_fees,short_credit_interest,other_fees,bond_interest,total_pnl
bucket_2,6364.160977827043,9548.439384780435,-1.578804641218981,0.0,-10142.861854718605,-840.524161650564,137.48504824734286,0.0,0.0,5065.120589844435
bucket_1,10226.398922832956,-488.57921878043334,243.828804641219,0.0,-2618.1581452813953,-3000.855838349436,674.1114601581326,0.0,0.0,5036.745985221041
bucket_3,516.07253175,-10520.222995,0.0,0.0,0.0,-222.72,61.043491594524646,0.0,0.0,-10165.826971655475
