bucket,realized_pnl,unrealized_pnl,dividends,withholding_tax,pil_dividends,borrow_fees,short_credit_interest,other_fees,bond_interest,total_pnl
bucket_1,682.1077439299996,95508.878126,0.0,0.0,-61.64736776611604,-2875.6470653410106,672.5662148856895,0.0,0.0,93926.25765170855
bucket_4,676.78988399,0.0,0.0,0.0,0.0,-7.2364833747396515,0.0,0.0,0.0,669.5534006152604
bucket_3,7.10282914000004,-10503.789093,0.0,0.0,-295.89000000000004,-240.06,61.77061540589387,0.0,0.0,-10970.865648454106
bucket_2,13965.095317379999,-84147.420541,242.25,0.0,-12403.482632233883,-968.6464512842498,138.30316970841665,0.0,0.0,-83173.90113742971
