bucket,realized_pnl,unrealized_pnl,dividends,withholding_tax,pil_dividends,borrow_fees,short_credit_interest,other_fees,bond_interest,total_pnl
bucket_2,15189.369818630268,5549.091753889626,30.91690402334362,0.0,-12404.09,-975.2900000000001,136.50541486861047,0.0,0.0,7526.5038914118495
bucket_1,-261.2049874226157,6666.439172885423,211.3330959766564,0.0,-61.04,-2884.1349999999998,675.1669044885809,0.0,0.0,4346.559185928044
bucket_4,834.9350284423468,962.2687042249509,0.0,0.0,0.0,-8.505,0.0,0.0,0.0,1788.6987326672977
bucket_3,7.10282914000004,-10503.789093,0.0,0.0,-295.89000000000004,-240.06,60.967680642808716,0.0,0.0,-10971.668583217192
