bucket,realized_pnl,unrealized_pnl,dividends,withholding_tax,pil_dividends,borrow_fees,short_credit_interest,other_fees,bond_interest,total_pnl
bucket_1,273.9736746627302,10558.672712904656,209.23280512402113,0.0,-61.04,-2876.01,676.0918664061453,0.0,0.0,8780.92105909755
bucket_4,676.78988399,0.0,0.0,0.0,0.0,-5.4,0.0,0.0,0.0,671.38988399
bucket_2,2692.174464327269,-429.7283599046543,42.677194875978884,0.0,-9016.98,-685.16,135.05715537918474,0.0,0.0,-7261.959545322221
bucket_3,7.10282914000004,-10503.789093,0.0,0.0,-295.89000000000004,-240.06,61.49097821467006,0.0,0.0,-10971.145285645329
