bucket,realized_pnl,unrealized_pnl,dividends,withholding_tax,pil_dividends,borrow_fees,short_credit_interest,other_fees,bond_interest,total_pnl
bucket_1,10226.05896489422,-488.9785759437106,243.8359542638189,0.0,-2618.2253468304802,-3000.8693250404785,674.1114601581326,0.0,0.0,5035.9331315015015
bucket_3,516.07253175,-10520.222995,0.0,0.0,0.0,-222.72,61.043491594524646,0.0,0.0,-10165.826971655475
bucket_2,4873.99471776578,-7874.193782806288,-1.5859542638189046,0.0,-10142.79465316952,-840.5106749595217,137.48504824734286,0.0,160.7779664,-13686.827332786026
