bucket,realized_pnl,unrealized_pnl,dividends,withholding_tax,pil_dividends,borrow_fees,short_credit_interest,other_fees,bond_interest,total_pnl
bucket_1,-388.52533486017825,11270.67265172189,211.3330959766564,0.0,-61.04,-2884.1349999999998,675.1669044885809,0.0,0.0,8823.472317326949
bucket_2,15271.813697860178,1907.12697927811,30.91690402334362,0.0,-12404.09,-975.2900000000001,136.50541486861047,0.0,0.0,3966.9829960302427
bucket_4,879.8114963200001,0.0,0.0,0.0,0.0,-8.505,0.0,0.0,0.0,871.3064963200001
bucket_3,7.10282914000004,-10503.789093,0.0,0.0,-295.89000000000004,-240.06,60.967680642808716,0.0,0.0,-10971.668583217192
