{
  "run_date": "2026-03-23",
  "fifo_summary_present": true,
  "total_realized_pnl": 17106.63243241,
  "total_unrealized_pnl": -1460.3628289999906,
  "total_dividends": 242.25,
  "total_withholding_tax": 0.0,
  "total_pil_dividends": -12761.02,
  "total_borrow_fees": -4064.1000000000004,
  "total_short_credit_interest": 872.6400000000001,
  "total_other_fees": 0.0,
  "total_bond_interest": 0.0,
  "total_pnl": -63.96039659000235,
  "excluded_cash_interest_base": -759.1551274,
  "borrow_mode": "borrow_fee_details_cumulative_by_symbol",
  "borrow_total_account_source": -4064.1,
  "borrow_details_file_present": true,
  "borrow_details_rows_cumulative": 254,
  "universe_source": "/home/runner/work/ls-algo/ls-algo/data/etf_screened_today.csv",
  "universe_allowed_etfs": 383,
  "universe_allowed_underlyings": 203,
  "kept_symbols": 411,
  "kept_underlyings": 163,
  "net_exposure_total": 43501.94030786211,
  "gross_exposure_total": 2112877.059692138,
  "net_exposure_bucket_1": 41665.672923354294,
  "gross_exposure_bucket_1": 1997787.9683915558,
  "net_exposure_bucket_2": 1836.267384507815,
  "gross_exposure_bucket_2": 115089.0913005818,
  "net_exposure_bucket_3": 228066.19798979998,
  "gross_exposure_bucket_3": 228066.19798979998,
  "yfinance_override": false,
  "yfinance_symbols_overridden": 0,
  "bucket_pnl": {
    "bucket_2": 5065.120589844435,
    "bucket_1": 5036.745985221041,
    "bucket_3": -10165.826971655475
  }
}