{
  "run_date": "2026-03-23",
  "fifo_summary_present": true,
  "total_realized_pnl": 15616.126214410002,
  "total_unrealized_pnl": -18883.39535374999,
  "total_dividends": 242.25000000000003,
  "total_withholding_tax": 0.0,
  "total_pil_dividends": -12761.02,
  "total_borrow_fees": -4064.1000000000004,
  "total_short_credit_interest": 872.6400000000001,
  "total_other_fees": 0.0,
  "total_bond_interest": 160.7779664,
  "total_pnl": -18816.721172939986,
  "excluded_cash_interest_base": -759.1551274,
  "borrow_mode": "borrow_fee_details_cumulative_by_symbol",
  "borrow_total_account_source": -4064.1,
  "borrow_details_file_present": true,
  "borrow_details_rows_cumulative": 254,
  "universe_source": "/home/runner/work/ls-algo/ls-algo/data/etf_screened_today.csv",
  "universe_allowed_etfs": 383,
  "universe_allowed_underlyings": 206,
  "kept_symbols": 417,
  "kept_underlyings": 166,
  "net_exposure_total": 44083.09161973991,
  "gross_exposure_total": 2112295.90838026,
  "net_exposure_bucket_1": 42220.75460255054,
  "gross_exposure_bucket_1": 1997259.6469905963,
  "net_exposure_bucket_2": 1862.3370171893623,
  "gross_exposure_bucket_2": 115036.26138966375,
  "net_exposure_bucket_3": 227992.35260126996,
  "gross_exposure_bucket_3": 227992.35260126996,
  "yfinance_override": false,
  "yfinance_symbols_overridden": 0,
  "bucket_pnl": {
    "bucket_1": 5035.9331315015015,
    "bucket_3": -10165.826971655475,
    "bucket_2": -13686.827332786026
  }
}