{
  "run_date": "2026-03-23",
  "fifo_summary_present": true,
  "total_realized_pnl": 15770.20268579,
  "total_unrealized_pnl": 1038.0729580000043,
  "total_dividends": 242.25000000000003,
  "total_withholding_tax": 0.0,
  "total_pil_dividends": -12761.02,
  "total_borrow_fees": -4167.9800000000005,
  "total_short_credit_interest": 872.6400000000002,
  "total_other_fees": 0.0,
  "total_bond_interest": 0.0,
  "total_pnl": 994.1656437900238,
  "excluded_cash_interest_base": -759.1551274,
  "borrow_mode": "borrow_fee_details_cumulative_by_symbol",
  "borrow_total_account_source": -4167.9800000000005,
  "borrow_details_file_present": true,
  "borrow_details_rows_cumulative": 260,
  "universe_source": "/home/runner/work/ls-algo/ls-algo/data/etf_screened_today.csv",
  "universe_allowed_etfs": 398,
  "universe_allowed_underlyings": 211,
  "kept_symbols": 420,
  "kept_underlyings": 167,
  "net_exposure_total": 44307.96434268639,
  "gross_exposure_total": 2112071.0356573137,
  "net_exposure_bucket_1": 42425.606387848056,
  "gross_exposure_bucket_1": 1997072.5727898711,
  "net_exposure_bucket_2": 1882.357954838339,
  "gross_exposure_bucket_2": 114998.46286744274,
  "net_exposure_bucket_3": 227886.32444917003,
  "gross_exposure_bucket_3": 227886.32444917003,
  "yfinance_override": false,
  "yfinance_symbols_overridden": 0,
  "bucket_pnl": {
    "bucket_2": 6142.193710029127,
    "bucket_1": 5019.228994235127,
    "bucket_3": -10167.257060474258
  }
}