bucket,realized_pnl,unrealized_pnl,dividends,withholding_tax,pil_dividends,borrow_fees,short_credit_interest,other_fees,bond_interest,total_pnl
bucket_4,0.0,7283.131984614959,0.0,0.0,0.0,-2.9855011837694843,31.3280688311641,0.0,0.0,7311.474552262353
bucket_2,10964.23721082167,2563.96587562597,-9.999999999999998,0.0,-8737.31,-658.3028185130489,49.60717057362898,0.0,0.0,4172.197438508219
bucket_3,413.65016296000005,-3674.1908590000003,0.0,0.0,-292.2,-32.99,18.374716653420933,0.0,0.0,-3567.355979386579
bucket_1,-2745.17360406167,-3756.5869422409273,44.730000000000004,0.0,-40.4,-1323.3116803031817,180.34004394178606,0.0,0.0,-7640.402182663994
