bucket,realized_pnl,unrealized_pnl,dividends,withholding_tax,pil_dividends,borrow_fees,short_credit_interest,other_fees,bond_interest,total_pnl
bucket_1,-6794.955104770627,8000.014913879288,44.730000000000004,0.0,-40.4,-1309.46,196.9256840414527,0.0,0.0,96.85549315011531
bucket_4,0.0,-71.44654000000001,0.0,0.0,0.0,-1.75,8.450997856599065,0.0,0.0,-64.74554214340094
bucket_3,413.65016296000005,-3674.1908590000003,0.0,0.0,-292.2,-32.99,18.785892387021367,0.0,0.0,-3566.9448036529784
bucket_2,2851.5115464906266,-2870.0322148792875,-0.34,0.0,-5580.24,-354.03000000000003,55.48742571492693,0.0,0.0,-5897.643242673734
