bucket,realized_pnl,unrealized_pnl,dividends,withholding_tax,pil_dividends,borrow_fees,short_credit_interest,other_fees,bond_interest,total_pnl
bucket_1,-6940.466331649783,8274.424041428681,44.730000000000004,0.0,-40.4,-1303.8,196.9256840414527,0.0,0.0,231.41339382035176
bucket_4,0.0,-71.44654000000001,0.0,0.0,0.0,-1.75,8.450997856599065,0.0,0.0,-64.74554214340094
bucket_3,413.65016296000005,-3674.1908590000003,0.0,0.0,-292.2,-32.99,18.785892387021367,0.0,0.0,-3566.9448036529784
bucket_2,2997.0227733697825,-3144.4413424286813,-0.34,0.0,-5580.24,-359.69,55.48742571492693,0.0,0.0,-6032.201143343971
