bucket,realized_pnl,unrealized_pnl,dividends,withholding_tax,pil_dividends,borrow_fees,short_credit_interest,other_fees,bond_interest,total_pnl
bucket_2,11631.13489199764,1071.8146770788767,-9.999999999999998,0.0,-8737.31,-658.17,44.709337328012104,0.0,0.0,3342.1789064045297
bucket_4,-0.2811134687728602,447.56568746885,0.0,0.0,0.0,-2.42,10.205315307776367,0.0,0.0,455.06988930785354
bucket_1,-3411.790170938869,4571.130553452273,44.730000000000004,0.0,-40.4,-1324.01,206.36063071079064,0.0,0.0,46.02101322419668
bucket_3,413.65016296000005,-3674.1908590000003,0.0,0.0,-292.2,-32.99,18.374716653420933,0.0,0.0,-3567.355979386579
