bucket,realized_pnl,unrealized_pnl,dividends,withholding_tax,pil_dividends,borrow_fees,short_credit_interest,other_fees,bond_interest,total_pnl
bucket_1,-3412.0712847376417,7264.33821737814,44.730000000000004,0.0,-40.4,-1324.01,206.36063071079064,0.0,0.0,2738.947563351292
bucket_2,11631.13489199764,-1172.7120753781396,-9.999999999999998,0.0,-8737.31,-658.17,44.709337328012104,0.0,0.0,1097.6521539475134
bucket_4,0.0,-1.115224000000012,0.0,0.0,0.0,-2.42,10.205315307776367,0.0,0.0,6.670091307776374
bucket_3,413.65016296000005,-3674.1908590000003,0.0,0.0,-292.2,-32.99,18.374716653420933,0.0,0.0,-3567.355979386579
