bucket,realized_pnl,unrealized_pnl,dividends,withholding_tax,pil_dividends,borrow_fees,short_credit_interest,other_fees,bond_interest,total_pnl
bucket_2,17656.28219818,9115.964405,-9.999999999999998,0.0,-9029.51,-682.79,44.77236940716151,0.0,0.0,17094.71897258716
bucket_4,0.0,-1.115224000000012,0.0,0.0,0.0,-2.42,10.205315307776367,0.0,0.0,6.670091307776374
bucket_3,0.0,-3676.8004220000003,0.0,0.0,0.0,-8.370000000000001,18.311684574271524,0.0,0.0,-3666.8587374257286
bucket_1,-9023.56842806,-3021.728699999999,44.730000000000004,0.0,-40.4,-1324.01,206.36063071079064,0.0,0.0,-13158.616497349209
