bucket,realized_pnl,unrealized_pnl,dividends,withholding_tax,pil_dividends,borrow_fees,short_credit_interest,other_fees,bond_interest,total_pnl
bucket_2,14238.372958749213,3539.601237380625,-9.999999999999998,0.0,-9029.51,-699.8494459226301,55.61029212507894,0.0,0.0,8094.225042332286
bucket_3,0.0,-3677.9156460000004,0.0,0.0,0.0,-10.790000000000001,28.666161411779697,0.0,0.0,-3660.03948458822
bucket_1,-5605.659188339212,2594.362499619374,44.730000000000004,0.0,-40.4,-1306.9205540773698,195.3735464631414,0.0,0.0,-4118.513696334065
