bucket,realized_pnl,unrealized_pnl,dividends,withholding_tax,pil_dividends,borrow_fees,short_credit_interest,other_fees,bond_interest,total_pnl
bucket_1,-3013.5261393228034,13497.717568366572,38.19656876212747,0.0,-40.4,-1306.89,193.78349566654043,0.0,0.0,9368.881493472436
bucket_3,0.0,-3677.9156460000004,0.0,0.0,0.0,-10.790000000000001,28.666161411779697,0.0,0.0,-3660.03948458822
bucket_2,11646.239909732803,-7363.753831366571,-3.4665687621274675,0.0,-9029.51,-699.88,57.20034292167989,0.0,0.0,-5393.170147474217
