bucket,realized_pnl,unrealized_pnl,dividends,withholding_tax,pil_dividends,borrow_fees,short_credit_interest,other_fees,bond_interest,total_pnl
bucket_1_high_leverage,2095.8440335199994,32170.4371988558,0.0,0.0,-40.4,-1322.5,163.4840891005838,0.0,0.0,33066.86532147638
bucket_3_inverse,0.0,-1082.7882532063447,0.0,0.0,0.0,-10.790000000000001,26.38209406174763,0.0,0.0,-1067.1961591445972
bucket_2_low_leverage,6536.86973689,-28207.111820013943,34.730000000000004,0.0,-9029.51,-684.3,89.78381683766861,0.0,0.0,-31259.538266286276
