bucket,realized_pnl,unrealized_pnl,dividends,withholding_tax,pil_dividends,borrow_fees,short_credit_interest,other_fees,bond_interest,total_pnl
bucket_1,-2629.7570888506084,48279.755179,0.0,0.0,-40.4,-1308.23,160.56963508656466,0.0,0.0,44461.937725235955
bucket_4,-18.927870440634177,-71.44654000000001,0.0,0.0,0.0,-1.75,8.395618399309587,0.0,0.0,-83.72879204132458
bucket_3,413.65016296000005,-3674.1908590000003,0.0,0.0,-292.2,-32.99,18.662788282305566,0.0,0.0,-3567.0679077576942
bucket_2,10386.296324111241,-42246.966986,34.730000000000004,0.0,-8737.31,-654.02,92.02195823182024,0.0,0.0,-41125.24870365694
