bucket,realized_pnl,unrealized_pnl,dividends,withholding_tax,pil_dividends,borrow_fees,short_credit_interest,other_fees,bond_interest,total_pnl
bucket_1,-4159.690887895742,23546.507907596715,21.159983036414957,0.0,-40.4,-1323.73,194.9927597251645,0.0,0.0,18238.839762462554
bucket_4,-30.10075788617138,-1455.2022189713916,0.0,0.0,0.0,-2.4890642984680937,12.752139612288957,0.0,0.0,-1475.0399015437424
bucket_3,413.65016296000005,-3674.1908590000003,0.0,0.0,-292.2,-32.99,18.374716653420933,0.0,0.0,-3567.355979386579
bucket_2,12408.855252771913,-16000.794770625324,13.570016963585047,0.0,-8737.31,-658.3809357015319,53.53038400912569,0.0,0.0,-12920.530052582231
