bucket,realized_pnl,unrealized_pnl,dividends,withholding_tax,pil_dividends,borrow_fees,short_credit_interest,other_fees,bond_interest,total_pnl
bucket_2,11385.366448461391,3174.944505606433,-9.999999999999998,0.0,-8737.31,-658.247181486951,47.55549216032706,0.0,0.0,5202.309264741199
bucket_4,0.0,-1.115224000000012,0.0,0.0,0.0,-2.42,10.205315307776367,0.0,0.0,6.670091307776374
bucket_1,-3166.3028408713903,2916.6816363935677,44.730000000000004,0.0,-40.4,-1323.932818513049,203.5144758784757,0.0,0.0,-1365.7095471123946
bucket_3,413.65016296000005,-3674.1908590000003,0.0,0.0,-292.2,-32.99,18.374716653420933,0.0,0.0,-3567.355979386579
