bucket,realized_pnl,unrealized_pnl,dividends,withholding_tax,pil_dividends,borrow_fees,short_credit_interest,other_fees,bond_interest,total_pnl
bucket_2,28676.699522542487,35195.48137624439,40.606491228070176,-2.85,-30686.51,-3012.68,1121.1588788299955,-0.7776486313579527,0.0,31331.128620213585
bucket_3,30.564975440000012,12319.995089,0.0,0.0,-557.1800000000001,-1294.6100000000001,117.40891105070942,0.0,0.0,10616.17897549071
bucket_1,58326.776987897516,-44350.37805408735,624.3835087719299,-12.85,-722.79,-14151.485,3444.662107464424,-1.0423513686420474,0.0,3157.2771986778807
bucket_4,291.52393533000003,-99.82627415703737,0.0,0.0,0.0,-5.415,77.70010265487021,0.0,0.0,263.9827638278328
