bucket,realized_pnl,unrealized_pnl,dividends,withholding_tax,pil_dividends,borrow_fees,short_credit_interest,other_fees,bond_interest,total_pnl
bucket_2,28672.15983551833,39436.94287781271,8.998883909725322,0.0,-30785.749999999996,-2999.98,1107.2555611325663,0.0,0.0,35439.62715837333
bucket_3,30.564975440000012,12319.995089,0.0,0.0,-557.1800000000001,-1294.6100000000001,115.95294132004048,0.0,0.0,10614.72300576004
bucket_1,59802.49463699473,-41828.78638390664,655.9911160902747,-15.7,-722.79,-14379.649088478045,3433.2554395058205,-1.82,0.0,6942.995720206133
bucket_4,566.5577587969384,-6433.7816539060605,0.0,0.0,0.0,-3.6409115219544397,104.46605804157211,0.0,0.0,-5766.398748589504
