bucket,realized_pnl,unrealized_pnl,dividends,withholding_tax,pil_dividends,borrow_fees,short_credit_interest,other_fees,bond_interest,total_pnl
bucket_2,88649.03456424586,104093.42368703378,176.33732985191682,-7.587470125186764,-30781.589999999997,-3030.960157628018,1107.2555611325663,-1.12,0.0,160204.7935145109
bucket_4,4030.316139626181,10954.79276568296,30.739033648702016,0.0,0.0,-7.091181729050248,104.46605804157211,0.0,0.0,15113.222815270365
bucket_3,30.564975440000012,12319.995089,0.0,0.0,-557.1800000000001,-1294.6100000000001,115.95294132004048,0.0,0.0,10614.72300576004
bucket_1,-3638.1384757620353,-123873.84161271673,457.9136364993812,-8.112529874813236,-726.95,-14345.218660642931,3433.2554395058205,-0.7,0.0,-138701.7922029913
