bucket,realized_pnl,unrealized_pnl,dividends,withholding_tax,pil_dividends,borrow_fees,short_credit_interest,other_fees,bond_interest,total_pnl
bucket_2,96266.9240619566,251574.85018789,8.996491228070175,0.0,-31127.26,-3042.7940884780455,1109.5398612829833,0.0,0.0,314790.25651387963
bucket_3,-383.08518752000003,12328.189710999999,0.0,0.0,-215.67000000000002,-1254.94,113.6686411696234,0.0,0.0,10588.163164649623
bucket_4,584.55806899,-14972.38392261137,0.0,0.0,0.0,-3.6759115219544394,104.46605804157211,0.0,0.0,-14287.035707101753
bucket_1,-7396.619735566605,-245436.2860472786,655.9935087719299,-15.7,-722.79,-14376.47,3433.2554395058205,-1.82,0.0,-263860.43683456746
