bucket,realized_pnl,unrealized_pnl,dividends,withholding_tax,pil_dividends,borrow_fees,short_credit_interest,other_fees,bond_interest,total_pnl
bucket_2,96266.92458279367,239723.8229539735,8.996491228070175,0.0,-31127.26,-3039.65,1109.5398612829833,0.0,0.0,302942.3738892782
bucket_3,-383.08518752000003,12328.189710999999,0.0,0.0,-215.67000000000002,-1254.94,113.6686411696234,0.0,0.0,10588.163164649623
bucket_4,584.55806899,-1992.7668487098888,0.0,0.0,0.0,-6.47,104.46605804157211,0.0,0.0,-1310.2127216783167
bucket_1,-7396.620256403675,-246564.8758872636,655.9935087719299,-15.7,-722.79,-14376.82,3433.2554395058205,-1.82,0.0,-264989.37719538953
