bucket,realized_pnl,unrealized_pnl,dividends,withholding_tax,pil_dividends,borrow_fees,short_credit_interest,other_fees,bond_interest,total_pnl
bucket_2,28461.765899564216,35012.71457563147,40.606491228070176,-2.85,-30686.51,-3012.68,1121.1588788299955,-0.7776485354409012,0.0,30933.42819671831
bucket_1,73043.40411576975,-37810.23017172541,624.3835087719299,-12.85,-722.79,-14159.939088478046,3444.662107464424,-1.042351464559099,0.0,24405.59812033809
bucket_3,30.564975440000012,12319.995089,0.0,0.0,-557.1800000000001,-1294.6100000000001,117.40891105070942,0.0,0.0,10616.17897549071
bucket_4,-14036.911756933976,-6457.207355906059,0.0,0.0,0.0,-2.62091152195444,77.70010265487021,0.0,0.0,-20419.039921707114
