bucket,realized_pnl,unrealized_pnl,dividends,withholding_tax,pil_dividends,borrow_fees,short_credit_interest,other_fees,bond_interest,total_pnl
bucket_2,30036.53738596254,28041.437406754594,49.781141738638254,-2.4614932390599145,-30785.749999999996,-3025.0147389094473,1066.8511205836714,-0.2036404645330658,0.0,25381.1771824264
bucket_1,62207.09805388746,-39963.403293754585,615.2088582613618,-13.238506760940083,-722.79,-14750.275261090554,3343.796535504324,-1.6163595354669342,0.0,10714.780026511591
bucket_3,30.564975440000012,12319.995089,0.0,0.0,-557.1800000000001,-1294.6100000000001,111.72174674446937,0.0,0.0,10610.491811184469
bucket_4,676.78988399,1014.79532,0.0,0.0,0.0,-10.01,238.5605971675356,0.0,0.0,1920.1358011575358
