bucket,realized_pnl,unrealized_pnl,dividends,withholding_tax,pil_dividends,borrow_fees,short_credit_interest,other_fees,bond_interest,total_pnl
bucket_2,114117.48588135,260033.464717,508.05325356218196,-15.7,-30755.37,-3001.6762656819933,1066.8511205836714,-1.57,0.0,341951.5387068139
bucket_3,30.564975440000012,12319.995089,0.0,0.0,-557.1800000000001,-1294.6100000000001,111.72174674446937,0.0,0.0,10610.491811184469
bucket_4,676.78988399,1014.79532,30.727198345167704,0.0,0.0,-11.516358781473816,238.5605971675356,0.0,0.0,1949.3566407212295
bucket_1,-21873.850441500002,-271955.430604,126.20954809265035,0.0,-753.17,-14772.107375536532,3343.796535504324,-0.25,0.0,-305884.80233743956
