bucket,realized_pnl,unrealized_pnl,dividends,withholding_tax,pil_dividends,borrow_fees,short_credit_interest,other_fees,bond_interest,total_pnl
bucket_1,65515.88240895,-32804.367244999994,645.9964975846622,-15.7,-722.79,-14377.26,3433.2554395058205,-1.82,0.0,21673.19710104049
bucket_2,23262.190103189998,24373.533569,-11.729999999999999,0.0,-31127.26,-3039.65,1109.5398612829833,0.0,0.0,14566.623533472983
bucket_3,-383.08518752000003,12328.189710999999,0.0,0.0,-215.67000000000002,-1254.94,113.6686411696234,0.0,0.0,10588.163164649623
bucket_4,676.78988399,-402.986106,30.72350241533791,0.0,0.0,-6.03,104.46605804157211,0.0,0.0,402.9633384469101
