bucket,realized_pnl,unrealized_pnl,dividends,withholding_tax,pil_dividends,borrow_fees,short_credit_interest,other_fees,bond_interest,total_pnl
bucket_2,28676.699522542487,34685.52165093505,40.606491228070176,-2.85,-30686.51,-3012.68,1121.1588788299955,-0.7776486313579527,0.0,30821.168894904244
bucket_3,30.564975440000012,12319.995089,0.0,0.0,-557.1800000000001,-1294.6100000000001,117.40891105070942,0.0,0.0,10616.17897549071
bucket_1,58326.776987897516,-42033.40000149942,624.3835087719299,-12.85,-722.79,-14151.485,3444.662107464424,-1.0423513686420474,0.0,5474.2552512658
bucket_4,291.52393533000003,-1906.8446014356177,0.0,0.0,0.0,-5.415,77.70010265487021,0.0,0.0,-1543.0355634507475
