bucket,realized_pnl,unrealized_pnl,dividends,withholding_tax,pil_dividends,borrow_fees,short_credit_interest,other_fees,bond_interest,total_pnl
bucket_2,28839.182884826056,39528.02762192854,8.998944922878014,0.0,-30785.749999999996,-2999.98,1107.2555611325663,0.0,0.0,35697.73501281003
bucket_1,59525.23946336394,-33382.01180261516,655.991055077122,-15.7,-722.79,-14379.649088478045,3433.2554395058205,-1.82,0.0,15112.515066853677
bucket_3,30.564975440000012,12319.995089,0.0,0.0,-557.1800000000001,-1294.6100000000001,115.95294132004048,0.0,0.0,10614.72300576004
bucket_4,676.78988399,-14971.640979313368,0.0,0.0,0.0,-3.6409115219544397,104.46605804157211,0.0,0.0,-14194.025948803752
