bucket,realized_pnl,unrealized_pnl,dividends,withholding_tax,pil_dividends,borrow_fees,short_credit_interest,other_fees,bond_interest,total_pnl
bucket_2,79796.22563872219,137349.1974569279,-82.73350877192982,0.0,-132199.75,-22188.55,5109.704341074081,0.0,0.0,67784.09392795223
bucket_1,57149.806925509314,-23889.729402783905,779.3335087719298,-17.16,-725.54,-28162.69745549583,3047.5367703540687,-1.82,0.0,8179.73034635559
bucket_3,31.060795170000013,6637.788519,0.0,0.0,-604.89,-2180.99,148.10086114652978,0.0,0.0,4031.0701753165295
bucket_5,0.0,319.16306399999985,0.0,0.0,0.0,-129.39,97.51343477543601,0.0,0.0,287.2864987754359
bucket_4,-4513.1210465415,8166.933982856008,0.0,0.0,0.0,-5801.922544504172,557.3345926498849,0.0,0.0,-1590.77501553978
