bucket,realized_pnl,unrealized_pnl,dividends,withholding_tax,pil_dividends,borrow_fees,short_credit_interest,other_fees,bond_interest,total_pnl
bucket_2,79796.20030657464,133714.5643924486,-82.73350877192982,0.0,-132199.75,-22188.55,5109.704341074081,0.0,0.0,64149.435531325405
bucket_1,57149.83225765685,-23770.14377493311,779.3335087719298,-17.16,-725.54,-28162.700080048235,3047.6145315797644,-1.82,0.0,8299.416443027212
bucket_3,31.060795170000013,6637.788519,0.0,0.0,-604.89,-2180.99,148.10086114652978,0.0,0.0,4031.0701753165295
bucket_4,-4513.1210465415,11681.981419484511,0.0,0.0,0.0,-5801.919919951767,557.2568314241895,0.0,0.0,1924.1972844154336
bucket_5,0.0,319.16306399999985,0.0,0.0,0.0,-129.39,97.51343477543601,0.0,0.0,287.2864987754359
