bucket,realized_pnl,unrealized_pnl,dividends,withholding_tax,pil_dividends,borrow_fees,short_credit_interest,other_fees,bond_interest,total_pnl
bucket_1,57211.71877174833,3718.2496529870195,674.2436073524009,-6.420004405110917,-725.54,-28150.21564798041,3052.7971256950245,-0.7002744341717282,0.0,35774.133230963096
bucket_2,79777.11324895415,102031.66911283848,22.356392647599115,-10.739995594889082,-132199.75,-22201.209352019592,5109.704341074081,-1.1197255658282719,0.0,32528.024022334008
bucket_4,-4555.920503012481,15876.4832711745,0.0,0.0,0.0,-5801.745,552.0742373089292,0.0,0.0,6070.892005470946
bucket_3,31.060795170000013,6637.788519,0.0,0.0,-604.89,-2180.99,148.10086114652978,0.0,0.0,4031.0701753165295
bucket_5,0.0,319.16306399999985,0.0,0.0,0.0,-129.39,97.51343477543601,0.0,0.0,287.2864987754359
