bucket,realized_pnl,unrealized_pnl,dividends,withholding_tax,pil_dividends,borrow_fees,short_credit_interest,other_fees,bond_interest,total_pnl
bucket_2,79840.09566923024,113237.57011805696,22.356392647599115,-10.739995594889082,-132199.75,-22201.209352019592,5109.704341074081,-1.119725565828342,0.0,43796.90744782858
bucket_1,57386.063046846095,845.3962983134551,674.2436073524009,-6.420004405110917,-725.54,-28150.13678055075,3050.460411828452,-0.700274434171658,0.0,33073.36630495039
bucket_3,31.060795170000013,6637.788519,0.0,0.0,-604.89,-2180.99,148.10086114652978,0.0,0.0,4031.0701753165295
bucket_5,0.0,319.16306399999985,0.0,0.0,0.0,-129.39,97.51343477543601,0.0,0.0,287.2864987754359
bucket_4,-4793.2471983063315,7543.435620629586,0.0,0.0,0.0,-5801.823867429658,554.4109511755017,0.0,0.0,-2497.2244939309035
