bucket,realized_pnl,unrealized_pnl,dividends,withholding_tax,pil_dividends,borrow_fees,short_credit_interest,other_fees,bond_interest,total_pnl
bucket_1,57163.16773657997,3713.2387369856015,674.2436073524009,-6.420004405110917,-725.54,-28150.21564798041,3052.7971256950245,-0.7002744341716931,0.0,35720.571279793316
bucket_2,79777.10145320251,101744.50281665665,22.356392647599115,-10.739995594889082,-132199.75,-22201.209352019592,5109.704341074081,-1.119725565828307,0.0,32240.84593040054
bucket_4,-4507.357672012482,16168.660483357755,0.0,0.0,0.0,-5801.745,552.0742373089292,0.0,0.0,6411.632048654201
bucket_3,31.060795170000013,6637.788519,0.0,0.0,-604.89,-2180.99,148.10086114652978,0.0,0.0,4031.0701753165295
bucket_5,0.0,319.16306399999985,0.0,0.0,0.0,-129.39,97.51343477543601,0.0,0.0,287.2864987754359
