bucket,realized_pnl,unrealized_pnl,dividends,withholding_tax,pil_dividends,borrow_fees,short_credit_interest,other_fees,bond_interest,total_pnl
bucket_1,57211.6900953655,31785.82195101339,674.2436073524009,-6.420004405110917,-725.54,-28150.13678055075,3050.460411828452,-0.700274434171658,0.0,63839.41900616973
bucket_2,79777.14192533698,103947.27367760254,22.356392647599115,-10.739995594889082,-132199.75,-22201.209352019592,5109.704341074081,-1.119725565828342,0.0,34443.6572634809
bucket_3,31.060795170000013,6637.788519,0.0,0.0,-604.89,-2180.99,148.10086114652978,0.0,0.0,4031.0701753165295
bucket_5,0.0,319.16306399999985,0.0,0.0,0.0,-129.39,97.51343477543601,0.0,0.0,287.2864987754359
bucket_4,-4555.920503012481,-14106.693591615935,0.0,0.0,0.0,-5801.823867429658,554.4109511755017,0.0,0.0,-23910.02701088257
