bucket,realized_pnl,unrealized_pnl,dividends,withholding_tax,pil_dividends,borrow_fees,short_credit_interest,other_fees,bond_interest,total_pnl
bucket_4,922.61986557,19165.54851475794,0.0,0.0,0.0,-7.461194775120472,0.0,0.0,0.0,20080.707185552816
bucket_2,13521.402685841145,6382.097360951271,-10.1483456481545,0.0,-15623.06,-1398.16,128.8755708416495,0.0,0.0,3001.0072719859104
bucket_3,21.16697472000004,-3979.398115,0.0,0.0,-516.59,-464.53999999999996,50.67161909458421,0.0,0.0,-4888.689521185415
bucket_1,3229.1746035488545,-6600.762312709206,448.95834564815453,0.0,-723.86,-4122.60880522488,693.0928100637664,0.0,0.0,-7076.005358673312
