bucket,realized_pnl,unrealized_pnl,dividends,withholding_tax,pil_dividends,borrow_fees,short_credit_interest,other_fees,bond_interest,total_pnl
bucket_1,2183.6313358340203,9787.497104595712,395.8411174755532,0.0,-723.86,-4121.565,693.0928100637664,0.0,0.0,8214.63736796905
bucket_2,14657.167431181379,8012.443297424552,42.968882524446805,0.0,-15623.06,-1398.16,128.8755708416495,0.0,0.0,5820.235181972027
bucket_4,832.3983879446005,1146.9431609797393,0.0,0.0,0.0,-8.505,0.0,0.0,0.0,1970.83654892434
bucket_3,21.16697472000004,-3979.398115,0.0,0.0,-516.59,-464.53999999999996,50.67161909458421,0.0,0.0,-4888.689521185415
