bucket,realized_pnl,unrealized_pnl,dividends,withholding_tax,pil_dividends,borrow_fees,short_credit_interest,other_fees,bond_interest,total_pnl
bucket_1,2529.432391890545,101223.139009,4.82,0.0,-731.23,-4154.079689431516,687.7147158346935,0.0,0.0,99559.79642729372
bucket_4,-892.7756035005465,0.0,0.0,0.0,0.0,-7.2364833747396515,0.0,0.0,0.0,-900.0120868752862
bucket_3,21.16697472000004,-3979.398115,0.0,0.0,-516.59,-464.53999999999996,52.18941919118919,0.0,0.0,-4887.171721088811
bucket_2,14770.44783199,-82655.37949,433.99,0.0,-15592.68,-1393.7138271937445,132.73586497411753,0.0,0.0,-84304.59962022962
