bucket,realized_pnl,unrealized_pnl,dividends,withholding_tax,pil_dividends,borrow_fees,short_credit_interest,other_fees,bond_interest,total_pnl
bucket_1,11068.74898045733,6439.962703025588,429.0338242108213,0.0,-3513.3594270840013,-4209.758144695673,693.0928100637664,0.0,0.0,10907.72074597783
bucket_2,5211.60218529267,12526.645154974412,9.776175789178717,0.0,-13134.480572916,-1505.411855304327,129.27299806995444,0.0,0.0,3237.4040859058896
bucket_3,530.1366773300001,-3999.12241,0.0,0.0,-215.67000000000002,-446.77,50.27419186627927,0.0,0.0,-4081.1515408037203
