bucket,realized_pnl,unrealized_pnl,dividends,withholding_tax,pil_dividends,borrow_fees,short_credit_interest,other_fees,bond_interest,total_pnl
bucket_2,17566.39600693,22766.526267,-10.149999999999999,0.0,-15923.980000000001,-1422.49,129.27299806995444,0.0,0.0,23105.575271999955
bucket_4,922.61986557,0.0,0.0,0.0,0.0,-8.1,0.0,0.0,0.0,914.5198655700001
bucket_3,-392.48318824,-3999.12241,0.0,0.0,-215.67000000000002,-439.29999999999995,50.27419186627927,0.0,0.0,-4996.301406373721
bucket_1,-402.1685539700005,-3799.918408999999,448.96,0.0,-723.86,-4122.88,693.0928100637664,0.0,0.0,-7906.774152906232
