bucket,realized_pnl,unrealized_pnl,dividends,withholding_tax,pil_dividends,borrow_fees,short_credit_interest,other_fees,bond_interest,total_pnl
bucket_1,-860.3604248551484,13852.277647445786,433.44095912694274,0.0,-700.85,-4201.73,693.7912871850837,0.0,0.0,9216.569468902664
bucket_4,676.78988399,0.0,0.0,0.0,0.0,-5.4,0.0,0.0,0.0,671.38988399
bucket_2,4909.6202389251475,3405.5788035542155,15.02904087305725,0.0,-12176.77,-1019.57,127.04760800881611,0.0,0.0,-4739.064308638764
bucket_3,21.16697472000004,-3979.398115,0.0,0.0,-516.59,-464.53999999999996,51.8011048061003,0.0,0.0,-4887.5600354739
