bucket,realized_pnl,unrealized_pnl,dividends,withholding_tax,pil_dividends,borrow_fees,short_credit_interest,other_fees,bond_interest,total_pnl
bucket_1,1928.2392740273883,24356.309812967862,394.1612150559102,0.0,-700.85,-4246.39,692.3354466653797,0.0,0.0,22423.805748716542
bucket_3,530.1366773300001,-3999.12241,0.0,0.0,-215.67000000000002,-446.77,50.48625774609903,0.0,0.0,-4080.939474923901
bucket_2,14660.98178948261,-5565.097922967862,44.648784944089826,0.0,-15923.980000000001,-1447.55,129.81829558852144,0.0,0.0,-8101.1790529526415
