bucket,realized_pnl,unrealized_pnl,dividends,withholding_tax,pil_dividends,borrow_fees,short_credit_interest,other_fees,bond_interest,total_pnl
bucket_1,-675.6004455012661,13316.019947769077,433.7576684952588,0.0,-700.85,-4191.64,693.2085231178659,0.0,0.0,8874.895693880935
bucket_4,676.78988399,0.0,0.0,0.0,0.0,-5.4,0.0,0.0,0.0,671.38988399
bucket_2,4724.860259571265,3936.8019802309245,14.712331504741195,0.0,-12176.77,-1013.91,127.46158236517698,0.0,0.0,-4386.843846327893
bucket_3,21.16697472000004,-3979.398115,0.0,0.0,-516.59,-464.53999999999996,51.969894516957346,0.0,0.0,-4887.391245763042
