bucket,realized_pnl,unrealized_pnl,dividends,withholding_tax,pil_dividends,borrow_fees,short_credit_interest,other_fees,bond_interest,total_pnl
bucket_1,3341.9456201392923,8165.471747242093,448.95834564815453,0.0,-723.86,-4121.565,693.0928100637664,0.0,0.0,7804.043523093305
bucket_2,13408.631669250708,10781.411815757909,-10.1483456481545,0.0,-15623.06,-1398.16,128.8755708416495,0.0,0.0,7287.550710202109
bucket_4,922.61986557,0.0,0.0,0.0,0.0,-8.505,0.0,0.0,0.0,914.1148655700001
bucket_3,21.16697472000004,-3979.398115,0.0,0.0,-516.59,-464.53999999999996,50.67161909458421,0.0,0.0,-4888.689521185415
