bucket,realized_pnl,unrealized_pnl,dividends,withholding_tax,pil_dividends,borrow_fees,short_credit_interest,other_fees,bond_interest,total_pnl
bucket_1,2053.774347898711,14972.593370373334,395.8411174755532,0.0,-723.86,-4121.565,693.0928100637664,0.0,0.0,13269.876645811362
bucket_2,14739.611310411288,3974.2901926266672,42.968882524446805,0.0,-15623.06,-1398.16,128.8755708416495,0.0,0.0,1864.5259564040523
bucket_4,879.8114963200001,0.0,0.0,0.0,0.0,-8.505,0.0,0.0,0.0,871.3064963200001
bucket_3,21.16697472000004,-3979.398115,0.0,0.0,-516.59,-464.53999999999996,50.67161909458421,0.0,0.0,-4888.689521185415
