bucket,realized_pnl,unrealized_pnl,dividends,withholding_tax,pil_dividends,borrow_fees,short_credit_interest,other_fees,bond_interest,total_pnl
bucket_1,1850.802031303954,51720.30220001792,243.9237109442695,0.0,-728.02,-4121.0,693.0928100637664,0.0,0.0,49659.100752329905
bucket_4,953.7928491003399,-5227.358349317829,0.0,0.0,0.0,-9.395625198776756,0.0,0.0,0.0,-4282.961125416266
bucket_3,21.16697472000004,-3979.398115,0.0,0.0,-516.59,-464.53999999999996,50.67161909458421,0.0,0.0,-4888.689521185415
bucket_2,14868.602274685705,-27546.06028770009,194.88628905573051,0.0,-15618.9,-1397.8343748012232,128.8755708416495,0.0,0.0,-29370.43052791823
