bucket,realized_pnl,unrealized_pnl,dividends,withholding_tax,pil_dividends,borrow_fees,short_credit_interest,other_fees,bond_interest,total_pnl
bucket_2,15141.109350229803,12697.332964800711,3.9416471097209325,0.0,-15923.980000000001,-1447.5023106675849,129.81829558852144,0.0,0.0,10600.71994706117
bucket_1,1448.111713280197,6093.878925199291,434.8683528902791,0.0,-700.85,-4246.437689332415,692.3354466653797,0.0,0.0,3721.9067487027296
bucket_3,530.1366773300001,-3999.12241,0.0,0.0,-215.67000000000002,-446.77,50.48625774609903,0.0,0.0,-4080.939474923901
