{
  "run_date": "2026-04-02",
  "fifo_summary_present": true,
  "total_realized_pnl": 16810.487843079998,
  "total_unrealized_pnl": 14967.485448000021,
  "total_dividends": 438.80999999999995,
  "total_withholding_tax": 0.0,
  "total_pil_dividends": -16863.510000000002,
  "total_borrow_fees": -6161.9400000000005,
  "total_short_credit_interest": 872.6400000000001,
  "total_other_fees": 0.0,
  "total_bond_interest": 0.0,
  "total_pnl": 10063.973291079994,
  "excluded_cash_interest_base": -759.1551274,
  "borrow_mode": "borrow_fee_details_cumulative_by_symbol",
  "borrow_total_account_source": -6161.94,
  "borrow_details_file_present": true,
  "borrow_details_rows_cumulative": 260,
  "universe_source": "/home/runner/work/ls-algo/ls-algo/data/etf_screened_today.csv",
  "universe_allowed_etfs": 404,
  "universe_allowed_underlyings": 215,
  "kept_symbols": 439,
  "kept_underlyings": 175,
  "net_exposure_total": 8093.3485140890925,
  "gross_exposure_total": 2251981.1338859107,
  "net_exposure_bucket_1": 7782.638817454107,
  "gross_exposure_bucket_1": 2139168.822296456,
  "net_exposure_bucket_2": 310.7096966349844,
  "gross_exposure_bucket_2": 112812.31158945498,
  "net_exposure_bucket_3": 515005.2992872999,
  "gross_exposure_bucket_3": 515005.2992872999,
  "yfinance_override": false,
  "yfinance_symbols_overridden": 0,
  "bucket_pnl": {
    "bucket_1": 10907.72074597783,
    "bucket_2": 3237.4040859058896,
    "bucket_3": -4081.1515408037203
  }
}