bucket,realized_pnl,unrealized_pnl,dividends,withholding_tax,pil_dividends,borrow_fees,short_credit_interest,other_fees,bond_interest,total_pnl
bucket_2,41239.24434114,331535.201919,473.05325356218196,-10.739999999999998,-27465.92,-2864.7162656819933,667.2963320859263,0.0,0.0,343573.4195801061
bucket_3,30.564975440000012,12438.300766,0.0,0.0,-548.42,-1248.46,136.9788660327625,0.0,0.0,10808.96460747276
bucket_4,676.78988399,0.0,30.727198345167704,0.0,0.0,-6.906358781473816,0.0,0.0,0.0,700.6107235536939
bucket_1,-13205.477708970002,-289453.53222,131.87954809265034,0.0,-753.17,-13718.197375536532,3956.6548018813114,-0.25,0.0,-313042.0929545326
