bucket,realized_pnl,unrealized_pnl,dividends,withholding_tax,pil_dividends,borrow_fees,short_credit_interest,other_fees,bond_interest,total_pnl
bucket_2,21142.35776813854,41657.27277827805,23.176491228070176,0.0,-27397.06,-2851.43,680.7823994013619,0.0,0.0,33255.09943704602
bucket_3,30.564975440000012,12438.300766,0.0,0.0,-548.42,-1248.46,139.7472106486175,0.0,0.0,10811.732952088618
bucket_4,291.52393533000003,0.0,0.0,0.0,0.0,-5.415,0.0,0.0,0.0,286.10893533
bucket_1,2506.4491271614606,3042.343779721956,612.4835087719298,-10.739999999999998,-722.79,-13164.315,3940.4003899500194,-0.25,0.0,-3796.4181943946414
