bucket,realized_pnl,unrealized_pnl,dividends,withholding_tax,pil_dividends,borrow_fees,short_credit_interest,other_fees,bond_interest,total_pnl
bucket_2,20947.478640251484,41208.59865010923,23.176491228070176,0.0,-27397.06,-2851.43,680.7823994013619,0.0,0.0,32611.546180990143
bucket_3,30.564975440000012,12438.300766,0.0,0.0,-548.42,-1248.46,139.7472106486175,0.0,0.0,10811.732952088618
bucket_1,3010.238752498553,5370.895392757289,612.4835087719298,-10.739999999999998,-722.79,-13164.31535701266,3940.4003899500194,-0.25,0.0,-964.0773130348724
bucket_4,-17.38656299003992,-1879.877484866516,0.0,0.0,0.0,-5.414642987340871,0.0,0.0,0.0,-1902.6786908438967
