bucket,realized_pnl,unrealized_pnl,dividends,withholding_tax,pil_dividends,borrow_fees,short_credit_interest,other_fees,bond_interest,total_pnl
bucket_2,8970.57351544282,32545.04335731741,56.61508410724961,-2.407770886083691,-23904.34,-2447.871548085895,664.104296991735,0.0,0.0,15881.716934887238
bucket_3,30.564975440000012,12438.300766,0.0,0.0,-548.42,-1248.46,137.0856761147115,0.0,0.0,10809.071417554711
bucket_1,6374.0495451071765,9465.186053682588,588.7049158927505,-8.33222911391631,-722.79,-13696.238451914105,3959.7400268935535,-0.25,0.0,5960.069860548052
bucket_4,676.78988399,0.0,0.0,0.0,0.0,-5.4,0.0,0.0,0.0,671.38988399
