bucket,realized_pnl,unrealized_pnl,dividends,withholding_tax,pil_dividends,borrow_fees,short_credit_interest,other_fees,bond_interest,total_pnl
bucket_1,1422.9728492799982,23749.555192999997,615.0864975846621,-10.739999999999998,-722.79,-13348.05,3947.302114493204,-0.25,0.0,15653.08665435787
bucket_2,23145.23085545,21777.996717,-10.149999999999999,0.0,-27829.05,-2900.81,677.8040709760243,0.0,0.0,14861.021643426024
bucket_3,-383.08518752000003,12440.135387999999,0.0,0.0,-215.67000000000002,-1210.67,135.8238145307711,0.0,0.0,10766.534015010771
bucket_4,676.78988399,0.0,30.72350241533791,0.0,0.0,-6.03,0.0,0.0,0.0,701.4833864053379
