bucket,realized_pnl,unrealized_pnl,dividends,withholding_tax,pil_dividends,borrow_fees,short_credit_interest,other_fees,bond_interest,total_pnl
bucket_2,39575.70046870795,128790.73810881893,243.4980634793163,-8.564655677334041,-27492.14,-2866.4326235933386,675.0561312241174,0.0,0.0,138917.85549295964
bucket_3,30.564975440000012,12438.300766,0.0,0.0,-548.42,-1248.46,138.57175428267806,0.0,0.0,10810.557495722678
bucket_4,885.1208815686647,9853.140662761987,30.739033648702016,0.0,0.0,-6.906953498944204,0.0,0.0,0.0,10762.09362448041
bucket_1,-15629.477928526621,-93114.49223958093,361.4229028719817,-2.1753443226659606,-726.95,-13343.760422907717,3947.302114493204,-0.25,0.0,-118508.38091797274
