bucket,realized_pnl,unrealized_pnl,dividends,withholding_tax,pil_dividends,borrow_fees,short_credit_interest,other_fees,bond_interest,total_pnl
bucket_2,20425.502137127314,46283.68523230187,10.57908207340816,0.0,-27496.3,-2863.02,675.0561312241174,0.0,0.0,37035.50258272671
bucket_3,30.564975440000012,12438.300766,0.0,0.0,-548.42,-1248.46,138.57175428267806,0.0,0.0,10810.557495722678
bucket_1,3729.0514014226833,9389.949349856563,625.0809179265918,-10.739999999999998,-722.79,-13347.64535701266,3947.302114493204,-0.25,0.0,3609.958426686383
bucket_4,676.78988399,-10144.248050158425,0.0,0.0,0.0,-6.434642987340871,0.0,0.0,0.0,-9473.892809155766
