bucket,realized_pnl,unrealized_pnl,dividends,withholding_tax,pil_dividends,borrow_fees,short_credit_interest,other_fees,bond_interest,total_pnl
bucket_2,20287.68916421334,41705.67849407727,10.579017762927505,0.0,-27496.3,-2863.02,675.0561312241174,0.0,0.0,32319.682807277655
bucket_3,30.564975440000012,12438.300766,0.0,0.0,-548.42,-1248.46,138.57175428267806,0.0,0.0,10810.557495722678
bucket_1,4176.4056398555995,5703.585522789243,625.0809822370725,-10.739999999999998,-722.79,-13347.64535701266,3947.302114493204,-0.25,0.0,370.9489023624693
bucket_4,367.24861760105756,-1879.877484866516,0.0,0.0,0.0,-6.434642987340871,0.0,0.0,0.0,-1519.0635102527992
