bucket,realized_pnl,unrealized_pnl,dividends,withholding_tax,pil_dividends,borrow_fees,short_credit_interest,other_fees,bond_interest,total_pnl
bucket_2,14932.708991465723,2123.7144618350712,32.01490138253546,0.0,-10589.68,-855.62,148.6171249295506,0.0,0.0,5791.75547961288
bucket_1,-684.0949426857235,5512.6254781649295,119.02509861746455,0.0,-50.4,-2095.945,667.4875077855642,0.0,0.0,3468.6981418822334
bucket_4,-55.72487991999998,0.0,0.0,0.0,0.0,-5.415,0.0,0.0,0.0,-61.13987991999997
bucket_3,1.057084140000029,-5401.361987,0.0,0.0,-294.06,-128.25,56.5353672848851,0.0,0.0,-5766.079535575114
