bucket,realized_pnl,unrealized_pnl,dividends,withholding_tax,pil_dividends,borrow_fees,short_credit_interest,other_fees,bond_interest,total_pnl
bucket_2,14932.709000729672,2123.7142912962377,32.01490458346697,0.0,-10589.68,-855.62,148.6171249295506,0.0,0.0,5791.755321538926
bucket_1,-510.83713844967144,5512.625648703763,119.02509541653303,0.0,-50.4,-2101.605,667.4875077855642,0.0,0.0,3636.2961134561874
bucket_4,-55.72487991999998,0.0,0.0,0.0,0.0,-5.415,0.0,0.0,0.0,-61.13987991999997
bucket_3,1.057084140000029,-5401.361987,0.0,0.0,-294.06,-128.25,56.5353672848851,0.0,0.0,-5766.079535575114
