bucket,realized_pnl,unrealized_pnl,dividends,withholding_tax,pil_dividends,borrow_fees,short_credit_interest,other_fees,bond_interest,total_pnl
bucket_1,-1666.2047757528303,28408.208993930155,64.31989470745745,0.0,-50.4,-2110.96,668.9640668753378,0.0,0.0,25313.92817976012
bucket_4,565.3498751949954,-1452.793062394736,0.0,0.0,0.0,-7.237253073883908,0.0,0.0,0.0,-894.6804402736243
bucket_3,1.057084140000029,-5401.361987,0.0,0.0,-294.06,-128.25,56.128461136404454,0.0,0.0,-5766.486441723596
bucket_2,16340.957437217834,-19290.74845553542,86.72010529254256,0.0,-10668.14,-869.512746926116,147.54747198825774,0.0,0.0,-14253.176187962903
