bucket,realized_pnl,unrealized_pnl,dividends,withholding_tax,pil_dividends,borrow_fees,short_credit_interest,other_fees,bond_interest,total_pnl
bucket_2,15204.511273305021,6013.1849358321,32.01490418511421,0.0,-10589.68,-855.62,148.6171249295506,0.0,0.0,9953.028238251785
bucket_4,-333.85154177800456,1244.6493507104549,0.0,0.0,0.0,-5.415,0.0,0.0,0.0,905.3828089324503
bucket_1,-504.51274954701705,378.50565345744656,119.02509581488579,0.0,-50.4,-2101.605,667.4875077855642,0.0,0.0,-1491.4994924891225
bucket_3,1.057084140000029,-5401.361987,0.0,0.0,-294.06,-128.25,56.5353672848851,0.0,0.0,-5766.079535575114
