bucket,realized_pnl,unrealized_pnl,dividends,withholding_tax,pil_dividends,borrow_fees,short_credit_interest,other_fees,bond_interest,total_pnl
bucket_1,784.6753523892698,12812.816059358398,121.7185723457888,0.0,-50.4,-2174.68,673.3081912567335,0.0,0.0,12167.438175350186
bucket_2,14673.73970643073,-6249.329427358398,29.321427654211206,0.0,-10962.2,-897.45,144.5943525338218,0.0,0.0,-3261.323940739636
bucket_3,510.02678675,-5408.9015500000005,0.0,0.0,0.0,-111.0,54.73745620944478,0.0,0.0,-4955.137307040555
