bucket,realized_pnl,unrealized_pnl,dividends,withholding_tax,pil_dividends,borrow_fees,short_credit_interest,other_fees,bond_interest,total_pnl
bucket_2,17483.02438468,13193.666985,-9.999999999999998,0.0,-10962.2,-870.74,144.98665142237485,0.0,0.0,18978.738021102374
bucket_4,676.78988399,0.0,0.0,0.0,0.0,-6.03,0.0,0.0,0.0,670.75988399
bucket_3,-412.59307882,-5408.9015500000005,0.0,0.0,0.0,-103.53,55.930373283715085,0.0,0.0,-5869.094255536285
bucket_1,-2506.0615686300007,-5521.459945999999,161.04,0.0,-50.4,-2135.66,671.72297529391,0.0,0.0,-9380.81853933609
