bucket,realized_pnl,unrealized_pnl,dividends,withholding_tax,pil_dividends,borrow_fees,short_credit_interest,other_fees,bond_interest,total_pnl
bucket_2,15337.302916605051,8861.699495893243,-1.4633425448810886,0.0,-10962.2,-897.4023106675847,144.5943525338218,0.0,0.0,12482.53111181965
bucket_1,121.112142214948,-2298.2128638932422,152.5033425448811,0.0,-50.4,-2174.727689332415,673.3081912567335,0.0,0.0,-3576.4168772090966
bucket_3,510.02678675,-5408.9015500000005,0.0,0.0,0.0,-111.0,54.73745620944478,0.0,0.0,-4955.137307040555
