bucket,realized_pnl,unrealized_pnl,dividends,withholding_tax,pil_dividends,borrow_fees,short_credit_interest,other_fees,bond_interest,total_pnl
bucket_2,5622.496606258171,8775.12175985137,-1.4129170773672977,0.0,-8378.657811925192,-654.0089347943931,141.29269770571958,0.0,0.0,5504.831400018308
bucket_1,9835.91845256183,-2320.253159851371,152.45291707736732,0.0,-2633.942188074808,-2424.511065205607,676.8525196548427,0.0,0.0,3286.517476162256
bucket_3,510.02678675,-5408.9015500000005,0.0,0.0,0.0,-111.0,54.494782639437645,0.0,0.0,-4955.379980610562
