bucket,realized_pnl,unrealized_pnl,dividends,withholding_tax,pil_dividends,borrow_fees,short_credit_interest,other_fees,bond_interest,total_pnl
bucket_2,15487.435767071856,8915.87309603171,-9.999999999999998,0.0,-10668.14,-846.9300000000001,144.7885635696855,0.0,0.0,13023.02742667325
bucket_4,676.78988399,0.0,0.0,0.0,0.0,-6.4350000000000005,0.0,0.0,0.0,670.3548839900001
bucket_1,-924.1231149218781,-1251.2056200317086,161.04,0.0,-50.4,-2134.345,671.72297529391,0.0,0.0,-3527.310759659679
bucket_3,1.057084140000029,-5401.361987,0.0,0.0,-294.06,-128.25,56.128461136404454,0.0,0.0,-5766.486441723596
