bucket,realized_pnl,unrealized_pnl,dividends,withholding_tax,pil_dividends,borrow_fees,short_credit_interest,other_fees,bond_interest,total_pnl
bucket_1,-1609.9064380505456,4086.96718868097,152.2630897701435,0.0,-50.4,-2169.8,679.7579968251092,0.0,0.0,1088.8818372256787
bucket_4,676.78988399,0.0,0.0,0.0,0.0,-5.4,0.0,0.0,0.0,671.38988399
bucket_2,4492.164168180545,1331.8384053190298,8.43691022985651,0.0,-7379.4,-549.84,137.3944511286844,0.0,0.0,-1959.4060651418843
bucket_3,1.057084140000029,-5401.361987,0.0,0.0,-294.06,-128.25,55.48755204620633,0.0,0.0,-5767.127350813794
