bucket,realized_pnl,unrealized_pnl,dividends,withholding_tax,pil_dividends,borrow_fees,short_credit_interest,other_fees,bond_interest,total_pnl
bucket_2,14510.30732387779,4618.889913734437,-9.999999999999998,0.0,-10668.14,-846.9300000000001,144.7885635696855,0.0,0.0,7748.915801181913
bucket_4,676.78988399,5951.602144476468,0.0,0.0,0.0,-276.08646554815573,21.73351570944441,0.0,0.0,6374.039078627757
bucket_1,53.00532986220844,-2905.8245822109047,161.04,0.0,-50.4,-1864.6935344518442,649.9894595844656,0.0,0.0,-3956.883327216077
bucket_3,1.057084140000029,-5401.361987,0.0,0.0,-294.06,-128.25,56.128461136404454,0.0,0.0,-5766.486441723596
