bucket,realized_pnl,unrealized_pnl,dividends,withholding_tax,pil_dividends,borrow_fees,short_credit_interest,other_fees,bond_interest,total_pnl
bucket_1,502.2425492799991,64587.503028,0.0,0.0,-50.4,-2157.7370653410107,672.9328347730248,0.0,0.0,63554.541346712016
bucket_4,676.78988399,0.0,0.0,0.0,0.0,-7.2364833747396515,0.0,0.0,0.0,669.5534006152604
bucket_3,1.057084140000029,-5401.361987,0.0,0.0,-294.06,-128.25,55.782641011175485,0.0,0.0,-5766.832261848825
bucket_2,14061.07010287,-58344.183469,151.04000000000002,0.0,-10668.14,-847.0964512842497,143.92452421579964,0.0,0.0,-55503.38529319845
