bucket,realized_pnl,unrealized_pnl,dividends,withholding_tax,pil_dividends,borrow_fees,short_credit_interest,other_fees,bond_interest,total_pnl
bucket_1,-1455.2896662630355,3858.725355836475,152.28945213661763,0.0,-50.4,-2171.75,679.4397538427954,0.0,0.0,1013.0148955528534
bucket_4,676.78988399,0.0,0.0,0.0,0.0,-5.4,0.0,0.0,0.0,671.38988399
bucket_2,4337.547396393034,1551.685847163524,8.410547863382394,0.0,-7379.4,-544.1800000000001,137.62114319513358,0.0,0.0,-1888.3150653849248
bucket_3,1.057084140000029,-5401.361987,0.0,0.0,-294.06,-128.25,55.57910296207104,0.0,0.0,-5767.035799897929
