{
  "run_date": "2026-03-14",
  "fifo_summary_present": true,
  "total_realized_pnl": 15968.441845569998,
  "total_unrealized_pnl": 1045.967049999992,
  "total_dividends": 151.04000000000002,
  "total_withholding_tax": 0.0,
  "total_pil_dividends": -11012.6,
  "total_borrow_fees": -3189.5200000000004,
  "total_short_credit_interest": 872.64,
  "total_other_fees": 0.0,
  "total_bond_interest": 0.0,
  "total_pnl": 3835.968895570004,
  "excluded_cash_interest_base": -759.1551274,
  "borrow_mode": "borrow_fee_details_cumulative_by_symbol",
  "borrow_total_account_source": -3189.52,
  "borrow_details_file_present": true,
  "borrow_details_rows_cumulative": 245,
  "universe_source": "/home/runner/work/ls-algo/ls-algo/data/etf_screened_today.csv",
  "universe_allowed_etfs": 392,
  "universe_allowed_underlyings": 207,
  "kept_symbols": 389,
  "kept_underlyings": 151,
  "net_exposure_total": 47600.61383985859,
  "gross_exposure_total": 2092056.4461601414,
  "net_exposure_bucket_1": 42804.33318947358,
  "gross_exposure_bucket_1": 1972404.2666922908,
  "net_exposure_bucket_2": 4796.280650385023,
  "gross_exposure_bucket_2": 119652.17946785064,
  "net_exposure_bucket_3": 90381.76373024001,
  "gross_exposure_bucket_3": 90381.76373024001,
  "yfinance_override": false,
  "yfinance_symbols_overridden": 0,
  "bucket_pnl": {
    "bucket_2": 5504.831400018308,
    "bucket_1": 3286.517476162256,
    "bucket_3": -4955.379980610562
  }
}