bucket,realized_pnl,unrealized_pnl,dividends,withholding_tax,pil_dividends,borrow_fees,short_credit_interest,other_fees,bond_interest,total_pnl
bucket_2,11388.47625640649,-866.0772000610962,-9.999999999999998,0.0,-6752.69,-595.57,46.62417295938094,0.0,0.0,3210.7632293047755
bucket_4,0.0,78.284776,0.0,0.0,0.0,0.0,9.971705195059426,0.0,0.0,88.25648119505944
bucket_3,413.65016296000005,-254.900859,0.0,0.0,-290.02,-25.32,16.52814374132517,0.0,0.0,-140.06255229867475
bucket_1,-3169.41264881649,1628.203333061096,33.33,0.0,-40.4,-1131.33,206.52597810423453,0.0,0.0,-2473.083337651159
