bucket,realized_pnl,unrealized_pnl,dividends,withholding_tax,pil_dividends,borrow_fees,short_credit_interest,other_fees,bond_interest,total_pnl
bucket_1,-3013.2402938451646,9523.363508754568,26.73231938492263,0.0,-40.4,-1115.76,196.77968600615202,0.0,0.0,5577.475220300481
bucket_3,0.0,-178.085646,0.0,0.0,0.0,-0.74,26.605277914042567,0.0,0.0,-152.2203680859574
bucket_2,11645.954064255164,-8756.439779754568,-3.402319384922629,0.0,-7042.71,-635.72,56.26503607980546,0.0,0.0,-4736.05299880452
