bucket,realized_pnl,unrealized_pnl,dividends,withholding_tax,pil_dividends,borrow_fees,short_credit_interest,other_fees,bond_interest,total_pnl
bucket_1,-4267.9688091961725,17185.049959225387,8.221752359433179,0.0,-40.4,-1131.33,198.0173042711176,0.0,0.0,11951.590206659768
bucket_3,413.65016296000005,-254.900859,0.0,0.0,-290.02,-25.32,16.52814374132517,0.0,0.0,-140.06255229867475
bucket_4,-25.992679528257128,-1316.8696566723504,0.0,0.0,0.0,0.0,12.445265587852678,0.0,0.0,-1330.417070612755
bucket_2,12513.025095714429,-15027.769393553039,15.108247640566823,0.0,-6752.69,-595.57,52.6592863997046,0.0,0.0,-9795.236763798339
