bucket,realized_pnl,unrealized_pnl,dividends,withholding_tax,pil_dividends,borrow_fees,short_credit_interest,other_fees,bond_interest,total_pnl
bucket_4,0.0,4418.206226975171,0.0,0.0,0.0,0.0,30.60223823695783,0.0,0.0,4448.808465212129
bucket_2,10960.56869567807,-1678.8787170006867,-9.999999999999998,0.0,-6752.69,-595.57,48.81098686346049,0.0,0.0,1972.240965540845
bucket_3,413.65016296000005,-254.900859,0.0,0.0,-290.02,-25.32,16.52814374132517,0.0,0.0,-140.06255229867475
bucket_1,-2741.505088918071,-1898.916600974484,33.33,0.0,-40.4,-1131.33,183.70863115825657,0.0,0.0,-5595.1130587343
