bucket,realized_pnl,unrealized_pnl,dividends,withholding_tax,pil_dividends,borrow_fees,short_credit_interest,other_fees,bond_interest,total_pnl
bucket_1,-25.175428050108053,9625.032625601954,324.397220742122,0.0,-34.82,-3465.6,685.6100135815589,0.0,0.0,7109.444431875528
bucket_4,676.78988399,0.0,0.0,0.0,0.0,-5.4,0.0,0.0,0.0,671.38988399
bucket_2,5051.533152980108,1979.421685398046,8.282779257878024,0.0,-10635.960000000001,-756.2800000000001,130.94089106584707,0.0,0.0,-4222.061491298121
bucket_3,13.64857414000005,-6496.431986,0.0,0.0,-298.03000000000003,-337.38,56.089095352594114,0.0,0.0,-7062.104316507406
