bucket,realized_pnl,unrealized_pnl,dividends,withholding_tax,pil_dividends,borrow_fees,short_credit_interest,other_fees,bond_interest,total_pnl
bucket_2,15183.073128301317,6546.140428476385,30.43157102967028,0.0,-14023.07,-1113.1200000000001,135.2713640241292,0.0,0.0,6758.7264918315
bucket_1,1809.3181287848506,7100.653238884069,292.58842897032974,0.0,-34.82,-3422.105,681.5367242444122,0.0,0.0,6427.171520883661
bucket_4,830.918188523832,982.3585506395465,0.0,0.0,0.0,-8.505,0.0,0.0,0.0,1804.7717391633785
bucket_3,13.64857414000005,-6496.431986,0.0,0.0,-298.03000000000003,-337.38,55.8319117314585,0.0,0.0,-7062.361500128542
