bucket,realized_pnl,unrealized_pnl,dividends,withholding_tax,pil_dividends,borrow_fees,short_credit_interest,other_fees,bond_interest,total_pnl
bucket_1,1677.980941428773,11408.035484538312,292.58842897032974,0.0,-34.82,-3422.105,681.5367242444122,0.0,0.0,10603.216579181826
bucket_2,15265.517007531227,3221.1167334616885,30.43157102967028,0.0,-14023.07,-1113.1200000000001,135.2713640241292,0.0,0.0,3516.1466760467138
bucket_4,879.8114963200001,0.0,0.0,0.0,0.0,-8.505,0.0,0.0,0.0,871.3064963200001
bucket_3,13.64857414000005,-6496.431986,0.0,0.0,-298.03000000000003,-337.38,55.8319117314585,0.0,0.0,-7062.361500128542
