bucket,realized_pnl,unrealized_pnl,dividends,withholding_tax,pil_dividends,borrow_fees,short_credit_interest,other_fees,bond_interest,total_pnl
bucket_1,165.05957359733077,9300.507861219896,324.42674648447473,0.0,-34.82,-3459.2,685.00975782403,0.0,0.0,6980.98393912573
bucket_4,676.78988399,0.0,0.0,0.0,0.0,-5.4,0.0,0.0,0.0,671.38988399
bucket_2,4861.298151332669,2289.759077780105,8.253253515525296,0.0,-10635.960000000001,-750.62,131.36113396519903,0.0,0.0,-4095.9083834065013
bucket_3,13.64857414000005,-6496.431986,0.0,0.0,-298.03000000000003,-337.38,56.26910821077109,0.0,0.0,-7061.92430364923
