bucket,realized_pnl,unrealized_pnl,dividends,withholding_tax,pil_dividends,borrow_fees,short_credit_interest,other_fees,bond_interest,total_pnl
bucket_2,15241.975381880817,10190.270782419708,-1.4660015241694797,0.0,-14320.32983200007,-1162.1923106675847,133.6270735490305,0.0,0.0,10081.885093657731
bucket_1,2324.3435924891824,2745.7614405802947,324.48600152416947,0.0,-35.5901679999296,-3490.917689332415,684.3346625331875,0.0,0.0,2552.417839794489
bucket_3,522.61827675,-6509.222177,0.0,0.0,0.0,-319.88,54.678263917782026,0.0,0.0,-6251.8056363322185
