bucket,realized_pnl,unrealized_pnl,dividends,withholding_tax,pil_dividends,borrow_fees,short_credit_interest,other_fees,bond_interest,total_pnl
bucket_1,2781.3962931841147,19249.246713248347,288.3206969650556,0.0,-34.82,-3490.87,684.3346625331875,0.0,0.0,19477.608365930704
bucket_3,522.61827675,-6509.222177,0.0,0.0,0.0,-319.88,54.678263917782026,0.0,0.0,-6251.8056363322185
bucket_2,14784.922681185884,-6313.214490248348,34.69930303494442,0.0,-14321.1,-1162.24,133.6270735490305,0.0,0.0,-6843.305432478487
