bucket,realized_pnl,unrealized_pnl,dividends,withholding_tax,pil_dividends,borrow_fees,short_credit_interest,other_fees,bond_interest,total_pnl
bucket_2,17559.054623930002,16954.293381,-10.149999999999999,0.0,-14321.1,-1137.18,135.61257385682558,0.0,0.0,19180.530578786827
bucket_4,922.61986557,0.0,0.0,0.0,0.0,-8.1,0.0,0.0,0.0,914.5198655700001
bucket_1,-244.71488207000075,-2312.3509719999984,333.17,0.0,-34.82,-3423.42,681.5367242444122,0.0,0.0,-5000.5991298255885
bucket_3,-400.00158882,-6509.222177,0.0,0.0,0.0,-312.40999999999997,55.49070189876214,0.0,0.0,-7166.143063921238
