bucket,realized_pnl,unrealized_pnl,dividends,withholding_tax,pil_dividends,borrow_fees,short_credit_interest,other_fees,bond_interest,total_pnl
bucket_1,3196.2297518299997,69147.035875,0.0,0.0,-61.64736776611604,-3430.407065341011,679.0419384498207,0.0,0.0,69530.2531321727
bucket_4,676.78988399,0.0,0.0,0.0,0.0,-7.2364833747396515,0.0,0.0,0.0,669.5534006152604
bucket_3,13.64857414000005,-6496.431986,0.0,0.0,-298.03000000000003,-337.38,56.56077762725133,0.0,0.0,-7061.632634232748
bucket_2,13511.18289542,-56305.095702,323.02,0.0,-13996.242632233883,-1106.4764512842498,137.0372839229281,0.0,0.0,-57436.57460617521
