bucket,realized_pnl,unrealized_pnl,dividends,withholding_tax,pil_dividends,borrow_fees,short_credit_interest,other_fees,bond_interest,total_pnl
bucket_1,428.27951816257684,34571.17227047573,171.91643740202028,0.0,-38.980000000000004,-3396.908066993146,681.5367242444122,0.0,0.0,32417.01688329159
bucket_4,854.1667695511915,-1541.8571092138752,0.0,0.0,1.3978113289303808,-9.396191510486359,0.0,0.0,0.0,-695.6887198442397
bucket_3,13.64857414000005,-6496.431986,0.0,0.0,-298.03000000000003,-337.38,55.8319117314585,0.0,0.0,-7062.361500128542
bucket_2,16540.86315471623,-18400.162943261854,151.10356259797976,0.0,-14020.30781132893,-1137.425741496368,135.2713640241292,0.0,0.0,-16730.658414748814
