bucket,realized_pnl,unrealized_pnl,dividends,withholding_tax,pil_dividends,borrow_fees,short_credit_interest,other_fees,bond_interest,total_pnl
bucket_1,9771.173145975794,3068.985203691858,324.46642431188945,0.0,-2592.3537380683424,-3576.5769525538353,685.1188742736944,0.0,0.0,7680.812957631056
bucket_2,7486.275930634206,10034.349624308143,-1.446424311889447,0.0,-11763.566261931657,-1092.4530474461649,133.0705735510143,0.0,0.0,4796.2303948036515
bucket_3,522.61827675,-6509.222177,0.0,0.0,0.0,-319.88,54.450552175291364,0.0,0.0,-6252.033348074709
