bucket,realized_pnl,unrealized_pnl,dividends,withholding_tax,pil_dividends,borrow_fees,short_credit_interest,other_fees,bond_interest,total_pnl
bucket_2,15151.739017685903,9304.156373146296,-10.149999999999999,0.0,-14023.07,-1113.1200000000001,135.2713640241292,0.0,0.0,9444.826754856327
bucket_1,1748.9505623540977,5324.995844853704,333.17,0.0,-34.82,-3422.105,681.5367242444122,0.0,0.0,4631.728131452212
bucket_4,922.61986557,0.0,0.0,0.0,0.0,-8.505,0.0,0.0,0.0,914.1148655700001
bucket_3,13.64857414000005,-6496.431986,0.0,0.0,-298.03000000000003,-337.38,55.8319117314585,0.0,0.0,-7062.361500128542
