bucket,realized_pnl,unrealized_pnl,dividends,withholding_tax,pil_dividends,borrow_fees,short_credit_interest,other_fees,bond_interest,total_pnl
bucket_2,15265.469450296476,5988.13261969075,-10.149999999999999,0.0,-14023.07,-1113.1200000000001,135.2713640241292,0.0,0.0,6242.533434011355
bucket_4,922.61986557,4004.4307830232356,0.0,0.0,0.0,-7.60162640176089,0.0,0.0,0.0,4919.449022191475
bucket_1,1635.2201297435236,4636.588815286015,333.17,0.0,-34.82,-3423.0083735982394,681.5367242444122,0.0,0.0,3828.6872956757106
bucket_3,13.64857414000005,-6496.431986,0.0,0.0,-298.03000000000003,-337.38,55.8319117314585,0.0,0.0,-7062.361500128542
