bucket,realized_pnl,unrealized_pnl,dividends,withholding_tax,pil_dividends,borrow_fees,short_credit_interest,other_fees,bond_interest,total_pnl
bucket_2,74765.95400888071,56066.93113948051,-67.88350877192983,0.0,-84050.14,-12068.5,6002.3821102534575,0.0,0.0,40648.743749842746
bucket_1,-288.40342559070984,50493.29563730996,685.4735087719298,-17.16,-734.19,-23084.621591929827,2122.70575368,-1.82,0.0,29175.279882241346
bucket_3,31.060795170000013,2436.058519,0.0,0.0,-588.36,-1745.32,197.50035057079594,0.0,0.0,330.9396647407957
bucket_4,587.99365399,-6717.163933790469,0.0,0.0,0.0,-2784.2984080701713,637.6017854957482,0.0,0.0,-8275.866902374893
