bucket,realized_pnl,unrealized_pnl,dividends,withholding_tax,pil_dividends,borrow_fees,short_credit_interest,other_fees,bond_interest,total_pnl
bucket_2,75546.61974010462,48820.85037719869,3.0797501351325707,-10.732759695903233,-83950.73895873185,-12081.2,6206.260661406925,-1.1199935786310913,0.0,34533.01881683899
bucket_1,-1253.1264271546268,35397.44699336837,614.5102498648674,-6.427240304096767,-734.3510412681538,-22805.165,2143.070196504894,-0.7000064213689088,0.0,13355.257724589885
bucket_4,291.52393533000003,8356.23530243294,0.0,0.0,0.0,-2510.475,372.5285134283119,0.0,0.0,6509.8127511912535
bucket_3,31.060795170000013,2436.058519,0.0,0.0,-588.36,-1745.32,204.20870145333836,0.0,0.0,337.64801562333787
bucket_5,0.0,-148.87462499999998,0.0,0.0,0.0,-39.08,34.121927206532945,0.0,0.0,-153.832697793467
