bucket,realized_pnl,unrealized_pnl,dividends,withholding_tax,pil_dividends,borrow_fees,short_credit_interest,other_fees,bond_interest,total_pnl
bucket_2,80214.262851784,51656.34786926134,3.0797501351325707,-10.732759695903233,-83950.73895873185,-12081.2,6206.260661406925,-1.1199935786322062,0.0,42036.159420581025
bucket_1,3089.774690679197,49773.31996556869,614.5102498648674,-6.427240304096767,-734.3510412681538,-22805.462057748922,2143.070196504894,-0.7000064213677939,0.0,32073.734756875103
bucket_3,31.060795170000013,2436.058519,0.0,0.0,-588.36,-1745.32,204.20870145333836,0.0,0.0,337.64801562333787
bucket_5,0.0,-148.87462499999998,0.0,0.0,0.0,-39.08,34.121927206532945,0.0,0.0,-153.832697793467
bucket_4,-8719.02029418321,-8855.13516183003,0.0,0.0,0.0,-2510.1779422510763,372.5285134283119,0.0,0.0,-19711.804884836005
