bucket,realized_pnl,unrealized_pnl,dividends,withholding_tax,pil_dividends,borrow_fees,short_credit_interest,other_fees,bond_interest,total_pnl
bucket_2,75546.58902832388,48820.850377182,3.0797501351325707,-10.732759695903233,-83950.73895873185,-12081.2,6206.260661406925,-1.1199935786338786,0.0,34532.98810504155
bucket_1,-1426.3535288738756,35397.446993385056,614.5102498648674,-6.427240304096767,-734.3510412681538,-22799.505,2143.070196504894,-0.7000064213661216,0.0,13187.69062288732
bucket_4,291.52393533000003,8356.23530243294,0.0,0.0,0.0,-2510.475,372.5285134283119,0.0,0.0,6509.8127511912535
bucket_3,31.060795170000013,2436.058519,0.0,0.0,-588.36,-1745.32,204.20870145333836,0.0,0.0,337.64801562333787
bucket_5,0.0,-148.87462499999998,0.0,0.0,0.0,-39.08,34.121927206532945,0.0,0.0,-153.832697793467
