bucket,realized_pnl,unrealized_pnl,dividends,withholding_tax,pil_dividends,borrow_fees,short_credit_interest,other_fees,bond_interest,total_pnl
bucket_4,676.78988399,0.0,0.0,0.0,0.0,-5.4,0.0,0.0,0.0,671.38988399
bucket_1,-1452.814860997028,2812.4673184540534,91.49000000000001,0.0,-50.4,-1885.22,686.137320787246,0.0,0.0,201.6597782442704
bucket_3,1.057084140000029,-1792.121987,0.0,0.0,-294.06,-90.02000000000001,48.939597696774456,0.0,0.0,-2126.2053051632256
bucket_2,4335.072591127027,-1389.4061064540529,-0.34,0.0,-7379.4,-491.63,137.56308151597977,0.0,0.0,-4788.140433811045
