bucket,realized_pnl,unrealized_pnl,dividends,withholding_tax,pil_dividends,borrow_fees,short_credit_interest,other_fees,bond_interest,total_pnl
bucket_2,15330.09793463438,5998.0484452274095,-9.999999999999998,0.0,-10897.26,-842.5623106675848,144.0608411379312,0.0,0.0,9722.384910332134
bucket_3,510.02678675,-1795.81155,0.0,0.0,0.0,-72.8,48.17433180455632,0.0,0.0,-1310.4104314454435
bucket_1,128.3171241856204,-3329.28180422741,91.49000000000001,0.0,-50.4,-1886.3276893324153,680.4048270575126,0.0,0.0,-4365.797542316691
