bucket,realized_pnl,unrealized_pnl,dividends,withholding_tax,pil_dividends,borrow_fees,short_credit_interest,other_fees,bond_interest,total_pnl
bucket_4,922.61986557,8867.844284063582,0.0,0.0,0.0,-281.7966203271028,20.676546241678658,0.0,0.0,9529.344075548157
bucket_2,15367.563020688769,3659.402800381679,-9.999999999999998,0.0,-10603.2,-798.87,141.58263950929998,0.0,0.0,7756.478460579747
bucket_3,1.057084140000029,-1792.121987,0.0,0.0,-294.06,-90.02000000000001,48.436500459804435,0.0,0.0,-2126.7084024001956
bucket_1,-322.79812223876854,-8816.260121445262,91.49000000000001,0.0,-50.4,-1618.8233796728973,661.9443137892172,0.0,0.0,-10054.847309567707
