bucket,realized_pnl,unrealized_pnl,dividends,withholding_tax,pil_dividends,borrow_fees,short_credit_interest,other_fees,bond_interest,total_pnl
bucket_2,5618.433653281836,5938.64543590027,-10.0,0.0,-8311.56995351187,-600.0234373176669,140.92953226513907,0.0,0.0,2776.415230617708
bucket_1,9839.981405538165,-3330.9568269002707,91.49000000000001,0.0,-2636.0900464881306,-2132.766562682333,683.7648320040147,0.0,0.0,2515.4228014714467
bucket_3,510.02678675,-1795.81155,0.0,0.0,0.0,-72.8,47.94563573084642,0.0,0.0,-1310.6391275191534
