bucket,realized_pnl,unrealized_pnl,dividends,withholding_tax,pil_dividends,borrow_fees,short_credit_interest,other_fees,bond_interest,total_pnl
bucket_1,502.2425492799991,45653.78303,0.0,0.0,-50.4,-1875.0170653410105,680.048239579154,0.0,0.0,44910.656753518146
bucket_4,676.78988399,0.0,0.0,0.0,0.0,-7.2364833747396515,0.0,0.0,0.0,669.5534006152604
bucket_3,1.057084140000029,-1792.121987,0.0,0.0,-294.06,-90.02000000000001,49.08542953251263,0.0,0.0,-2126.0594733274875
bucket_2,14061.07010287,-43370.603463,81.49000000000001,0.0,-10603.2,-793.3764512842497,143.50633088833345,0.0,0.0,-40481.11348052591
