bucket,realized_pnl,unrealized_pnl,dividends,withholding_tax,pil_dividends,borrow_fees,short_credit_interest,other_fees,bond_interest,total_pnl
bucket_4,676.78988399,0.0,0.0,0.0,0.0,-5.4,0.0,0.0,0.0,671.38988399
bucket_1,-1608.203795221828,2930.2397081200224,91.49000000000001,0.0,-50.4,-1881.93,686.467587344986,0.0,0.0,167.6635002431812
bucket_3,1.057084140000029,-1792.121987,0.0,0.0,-294.06,-90.02000000000001,48.85293345936658,0.0,0.0,-2126.291969400633
bucket_2,4490.461525351828,-1506.9241051200238,-0.34,0.0,-7379.4,-497.29,137.31947919564755,0.0,0.0,-4756.173100572549
