bucket,realized_pnl,unrealized_pnl,dividends,withholding_tax,pil_dividends,borrow_fees,short_credit_interest,other_fees,bond_interest,total_pnl
bucket_2,15368.53995719062,323.0418187496715,-9.999999999999998,0.0,-10603.2,-798.87,141.58263950929998,0.0,0.0,4421.094415449592
bucket_1,-323.77505995061995,3387.9451442503278,91.49000000000001,0.0,-50.4,-1892.115,682.6208600308959,0.0,0.0,1895.7659443306065
bucket_4,922.61986557,0.0,0.0,0.0,0.0,-8.505,0.0,0.0,0.0,914.1148655700001
bucket_3,1.057084140000029,-1792.121987,0.0,0.0,-294.06,-90.02000000000001,48.436500459804435,0.0,0.0,-2126.7084024001956
