bucket,realized_pnl,unrealized_pnl,dividends,withholding_tax,pil_dividends,borrow_fees,short_credit_interest,other_fees,bond_interest,total_pnl
bucket_2,17656.28219818,10400.036991,-9.999999999999998,0.0,-10897.26,-822.65,141.776386996005,0.0,0.0,16468.185576176005
bucket_4,922.61986557,0.0,0.0,0.0,0.0,-8.1,0.0,0.0,0.0,914.5198655700001
bucket_3,-412.59307882,-1795.81155,0.0,0.0,0.0,-65.33,48.242752973099435,0.0,0.0,-2225.4918758469003
bucket_1,-2197.8671378500003,-6685.360465,91.49000000000001,0.0,-50.4,-1893.43,682.6208600308959,0.0,0.0,-10052.946742819102
