bucket,realized_pnl,unrealized_pnl,dividends,withholding_tax,pil_dividends,borrow_fees,short_credit_interest,other_fees,bond_interest,total_pnl
bucket_1,-1330.1975448785356,19934.189492301226,37.33543577625426,0.0,-50.4,-1891.2080292607504,682.6208600308959,0.0,0.0,17382.34021396909
bucket_4,901.2251406728618,-1705.5715621676084,0.0,0.0,0.0,-9.396576383940227,0.0,0.0,0.0,-813.7429978786867
bucket_3,1.057084140000029,-1792.121987,0.0,0.0,-294.06,-90.02000000000001,48.436500459804435,0.0,0.0,-2126.7084024001956
bucket_2,16396.35716675567,-14517.630967133618,44.15456422374575,0.0,-10603.2,-798.8853943553094,141.58263950929998,0.0,0.0,-9337.62199100021
