bucket,realized_pnl,unrealized_pnl,dividends,withholding_tax,pil_dividends,borrow_fees,short_credit_interest,other_fees,bond_interest,total_pnl
bucket_1,784.6753523892698,10334.760264659313,64.24829754248213,0.0,-50.4,-1886.28,680.4048270575126,0.0,0.0,9927.408741648578
bucket_3,510.02678675,-1795.81155,0.0,0.0,0.0,-72.8,48.17433180455632,0.0,0.0,-1310.4104314454435
bucket_2,14673.73970643073,-7665.993623659314,17.241702457517867,0.0,-10897.26,-842.61,144.0608411379312,0.0,0.0,-4570.821373633135
