year,Jan,Feb,Mar,Apr,May,Jun,Jul,Aug,Sep,Oct,Nov,Annual
2025,,,,-0.15802643670070105,0.056907338777495875,-0.7358992187172007,-0.2654797339491922,-0.41456303586216814,-0.04133279972399473,0.4011602080150143,0.23498576743795496,
2026,0.08712946665193555,0.028931822621877323,0.06200467695458389,,,,,,,,,0.18793942552580578
