bucket,realized_pnl,unrealized_pnl,dividends,withholding_tax,pil_dividends,borrow_fees,short_credit_interest,other_fees,bond_interest,total_pnl
bucket_1,-4235.104453138042,17350.16343981064,9.759983036414955,0.0,-40.4,-1131.33,198.0173042711176,0.0,0.0,12151.10627398013
bucket_3,413.65016296000005,-254.900859,0.0,0.0,-290.02,-25.32,16.52814374132517,0.0,0.0,-140.06255229867475
bucket_4,-25.995235195455763,-1300.392788980074,0.0,0.0,0.0,0.0,12.445295007746648,0.0,0.0,-1313.9427291677832
bucket_2,12480.163295323497,-15209.359741830565,13.570016963585047,0.0,-6752.69,-595.57,52.65925697981063,0.0,0.0,-10011.227172563673
