bucket,realized_pnl,unrealized_pnl,dividends,withholding_tax,pil_dividends,borrow_fees,short_credit_interest,other_fees,bond_interest,total_pnl
bucket_4,0.0,4418.214002069256,0.0,0.0,0.0,0.0,30.603280323489276,0.0,0.0,4448.817282392745
bucket_2,10962.294555921326,-1678.7574990341202,-9.999999999999998,0.0,-6752.69,-595.57,48.810938762599704,0.0,0.0,1974.0879956498054
bucket_3,413.65016296000005,-254.900859,0.0,0.0,-290.02,-25.32,16.52814374132517,0.0,0.0,-140.06255229867475
bucket_1,-2743.230949161326,-1899.0455940351353,33.33,0.0,-40.4,-1131.33,183.70763717258592,0.0,0.0,-5596.968906023876
