bucket,realized_pnl,unrealized_pnl,dividends,withholding_tax,pil_dividends,borrow_fees,short_credit_interest,other_fees,bond_interest,total_pnl
bucket_1,-3410.123392514694,5738.042058073601,33.33,0.0,-40.4,-1131.33,209.26507749925247,0.0,0.0,1398.7837430581612
bucket_4,0.0,78.284776,0.0,0.0,0.0,0.0,9.971705195059426,0.0,0.0,88.25648119505944
bucket_3,413.65016296000005,-254.900859,0.0,0.0,-290.02,-25.32,16.52814374132517,0.0,0.0,-140.06255229867475
bucket_2,11629.186999774694,-4975.915925073601,-9.999999999999998,0.0,-6752.69,-595.57,43.885073564363005,0.0,0.0,-661.1038517345447
