bucket,realized_pnl,unrealized_pnl,dividends,withholding_tax,pil_dividends,borrow_fees,short_credit_interest,other_fees,bond_interest,total_pnl
bucket_2,17656.28219818,9005.034402,-9.999999999999998,0.0,-7042.71,-620.15,43.947372376158064,0.0,0.0,19032.403972556156
bucket_4,0.0,78.284776,0.0,0.0,0.0,0.0,9.971705195059426,0.0,0.0,88.25648119505944
bucket_3,0.0,-256.370422,0.0,0.0,0.0,-0.74,16.465844929530107,0.0,0.0,-240.64457707046986
bucket_1,-9023.56842806,-8241.438705999999,33.33,0.0,-40.4,-1131.33,209.26507749925247,0.0,0.0,-18194.142056560748
