bucket,realized_pnl,unrealized_pnl,dividends,withholding_tax,pil_dividends,borrow_fees,short_credit_interest,other_fees,bond_interest,total_pnl
bucket_4,0.0,177.32346,0.0,0.0,0.0,0.0,8.207330384936597,0.0,0.0,185.5307903849366
bucket_3,413.65016296000005,-254.900859,0.0,0.0,-290.02,-25.32,16.963855776513686,0.0,0.0,-139.62684026348623
bucket_1,-3812.028612373406,4444.02173976166,29.39078469093666,0.0,-40.4,-1104.15,199.0008535397062,0.0,0.0,-284.16523438110084
bucket_2,-131.41494590659454,-4649.739048761661,3.59921530906334,0.0,-3595.62,-308.21,55.47796029884353,0.0,0.0,-8625.906819060347
