bucket,realized_pnl,unrealized_pnl,dividends,withholding_tax,pil_dividends,borrow_fees,short_credit_interest,other_fees,bond_interest,total_pnl
bucket_4,0.0,177.32346,0.0,0.0,0.0,0.0,8.207330384936597,0.0,0.0,185.5307903849366
bucket_3,413.65016296000005,-254.900859,0.0,0.0,-290.02,-25.32,16.963855776513686,0.0,0.0,-139.62684026348623
bucket_1,-6932.412923516425,5277.2588551522895,33.33,0.0,-40.4,-1114.06,199.73488547197763,0.0,0.0,-2576.5491828921568
bucket_2,2988.969365236424,-5482.976164152289,-0.34,0.0,-3595.62,-298.3,54.7439283665721,0.0,0.0,-6333.522870549292
