bucket,realized_pnl,unrealized_pnl,dividends,withholding_tax,pil_dividends,borrow_fees,short_credit_interest,other_fees,bond_interest,total_pnl
bucket_4,0.0,177.32346,0.0,0.0,0.0,0.0,8.207330384936597,0.0,0.0,185.5307903849366
bucket_3,413.65016296000005,-254.900859,0.0,0.0,-290.02,-25.32,16.963855776513686,0.0,0.0,-139.62684026348623
bucket_1,-6780.219683151941,4870.475399115927,33.33,0.0,-40.4,-1119.72,199.73488547197763,0.0,0.0,-2836.799398564037
bucket_2,2836.7761248719407,-5076.192708115926,-0.34,0.0,-3595.62,-292.64,54.7439283665721,0.0,0.0,-6073.272654877412
