bucket,realized_pnl,unrealized_pnl,dividends,withholding_tax,pil_dividends,borrow_fees,short_credit_interest,other_fees,bond_interest,total_pnl
bucket_1,-2629.7570888506084,38419.445173,0.0,0.0,-40.4,-1119.72,162.90572687454667,0.0,0.0,34792.47381102394
bucket_4,-18.927870440634177,177.32346,0.0,0.0,0.0,0.0,8.153614758904752,0.0,0.0,166.54920431827057
bucket_3,413.65016296000005,-254.900859,0.0,0.0,-290.02,-25.32,16.85283013355653,0.0,0.0,-139.7378659064434
bucket_2,10386.296324111241,-37781.936988,23.330000000000002,0.0,-6752.69,-589.91,91.73782823299206,0.0,0.0,-34623.172835655765
