bucket,realized_pnl,unrealized_pnl,dividends,withholding_tax,pil_dividends,borrow_fees,short_credit_interest,other_fees,bond_interest,total_pnl
bucket_2,11629.186999774694,-2990.7669676709697,-9.999999999999998,0.0,-6752.69,-595.57,43.885073564363005,0.0,0.0,1324.0451056680863
bucket_4,-0.2681115671653646,408.03933855209914,0.0,0.0,0.0,0.0,9.971705195059426,0.0,0.0,417.7429321799932
bucket_3,413.65016296000005,-254.900859,0.0,0.0,-290.02,-25.32,16.52814374132517,0.0,0.0,-140.06255229867475
bucket_1,-3409.8552806175285,3423.1385381188716,33.33,0.0,-40.4,-1131.33,209.26507749925247,0.0,0.0,-915.8516649994035
