bucket,realized_pnl,unrealized_pnl,dividends,withholding_tax,pil_dividends,borrow_fees,short_credit_interest,other_fees,bond_interest,total_pnl
bucket_1,-3013.2402938451646,9452.953877134803,26.768093868243394,0.0,-40.4,-1115.76,196.77968600615202,0.0,0.0,5507.101363164035
bucket_3,0.0,-178.085646,0.0,0.0,0.0,-0.74,26.605277914042567,0.0,0.0,-152.2203680859574
bucket_2,11645.954064255164,-8686.030148134801,-3.4380938682433957,0.0,-7042.71,-635.72,56.26503607980546,0.0,0.0,-4665.679141668076
