bucket,realized_pnl,unrealized_pnl,dividends,withholding_tax,pil_dividends,borrow_fees,short_credit_interest,other_fees,bond_interest,total_pnl
bucket_2,11390.197938191717,-865.9559447775106,-9.999999999999998,0.0,-6752.69,-595.57,46.62422106024174,0.0,0.0,3212.606214474448
bucket_4,0.0,78.284776,0.0,0.0,0.0,0.0,9.971705195059426,0.0,0.0,88.25648119505944
bucket_3,413.65016296000005,-254.900859,0.0,0.0,-290.02,-25.32,16.52814374132517,0.0,0.0,-140.06255229867475
bucket_1,-3171.134330601717,1628.0820777775102,33.33,0.0,-40.4,-1131.33,206.52593000337373,0.0,0.0,-2474.9263228208315
