bucket,realized_pnl,unrealized_pnl,dividends,withholding_tax,pil_dividends,borrow_fees,short_credit_interest,other_fees,bond_interest,total_pnl
bucket_2,14238.083135138882,2308.5053168334184,-9.999999999999998,0.0,-7042.71,-635.72,54.6912869342523,0.0,0.0,8912.849738906552
bucket_3,0.0,-178.085646,0.0,0.0,0.0,-0.74,26.605277914042567,0.0,0.0,-152.2203680859574
bucket_1,-5605.369364728883,-1541.581587833418,33.33,0.0,-40.4,-1115.76,198.35343515170518,0.0,0.0,-8071.427517410595
