bucket,realized_pnl,unrealized_pnl,dividends,withholding_tax,pil_dividends,borrow_fees,short_credit_interest,other_fees,bond_interest,total_pnl
bucket_2,9053.429557719397,17111.30251902857,14.713198773075929,0.0,-15477.83,-1371.0400000000002,247.0022387779861,0.0,0.0,9577.57751429903
bucket_3,30.564975440000012,7359.6461930000005,0.0,0.0,-525.2,-821.9,96.72243248143815,0.0,0.0,6139.833600921439
bucket_4,676.78988399,0.0,0.0,0.0,0.0,-5.4,0.0,0.0,0.0,671.38988399
bucket_1,1856.4393796206032,1603.298193971426,483.1268012269241,-7.89,-706.03,-6754.49,1871.4653287405758,0.0,0.0,-1654.0802964404672
