bucket,realized_pnl,unrealized_pnl,dividends,withholding_tax,pil_dividends,borrow_fees,short_credit_interest,other_fees,bond_interest,total_pnl
bucket_2,19994.489740807185,87463.80118924344,-10.147706795125663,0.0,-19000.98,-1796.3600000000001,253.9859189822093,0.0,0.0,86904.78914223771
bucket_1,1312.9231194628142,49762.294939846404,498.32770679512566,-7.89,-706.03,-6512.599902819578,1862.8292806295801,0.0,0.0,46209.85514391435
bucket_3,30.564975440000012,7359.6461930000005,0.0,0.0,-525.2,-821.9,98.37480038821037,0.0,0.0,6141.485968828211
bucket_4,676.78988399,-115439.11707608985,0.0,0.0,0.0,3.909902819578001,0.0,0.0,0.0,-114758.41728928027
