bucket,realized_pnl,unrealized_pnl,dividends,withholding_tax,pil_dividends,borrow_fees,short_credit_interest,other_fees,bond_interest,total_pnl
bucket_2,19809.836049601887,24949.041292752743,-10.147763729009391,0.0,-19000.98,-1796.3600000000001,253.9859189822093,0.0,0.0,24205.375497607827
bucket_3,30.564975440000012,7359.6461930000005,0.0,0.0,-525.2,-821.9,98.37480038821037,0.0,0.0,6141.485968828211
bucket_4,676.78988399,0.0,0.0,0.0,0.0,-6.4350000000000005,0.0,0.0,0.0,670.3548839900001
bucket_1,1497.5768101981096,-3162.062239752744,498.3277637290094,-7.89,-706.03,-6502.255,1862.8292806295801,0.0,0.0,-6519.5033851960425
