bucket,realized_pnl,unrealized_pnl,dividends,withholding_tax,pil_dividends,borrow_fees,short_credit_interest,other_fees,bond_interest,total_pnl
bucket_2,23190.8157967,16018.358408,-10.149999999999999,0.0,-19310.510000000002,-1822.8300000000002,255.35598870043813,0.0,0.0,18321.040193400437
bucket_3,-383.08518752000003,7346.31604,0.0,0.0,-215.67000000000002,-795.43,97.00473066998156,0.0,0.0,6049.135583149982
bucket_4,676.78988399,0.0,30.72350241533791,0.0,0.0,-6.03,0.0,0.0,0.0,701.4833864053379
bucket_1,-1469.7527736199997,5781.950797999999,467.6064975846621,-7.89,-706.03,-6502.66,1862.8292806295801,0.0,0.0,-573.9461974057588
