bucket,realized_pnl,unrealized_pnl,dividends,withholding_tax,pil_dividends,borrow_fees,short_credit_interest,other_fees,bond_interest,total_pnl
bucket_2,20672.635834950725,20424.92120956265,2.450000000000001,0.0,-18901.74,-1809.06,256.5333918111894,0.0,0.0,20645.740436324562
bucket_3,30.564975440000012,7359.6461930000005,0.0,0.0,-525.2,-821.9,99.36149733601582,0.0,0.0,6142.472665776017
bucket_4,291.52393533000003,0.0,0.0,0.0,0.0,-5.415,0.0,0.0,0.0,286.10893533
bucket_1,146.08742006927645,938.8928424373489,485.73,-7.89,-706.03,-6389.155,1859.2951108527948,0.0,0.0,-3673.0696266405776
