bucket,realized_pnl,unrealized_pnl,dividends,withholding_tax,pil_dividends,borrow_fees,short_credit_interest,other_fees,bond_interest,total_pnl
bucket_2,18536.31533597,129957.999176,421.92,-7.89,-18970.600000000002,-1800.253641093953,251.24779995801356,0.0,0.0,128388.73867083406
bucket_3,30.564975440000012,7359.6461930000005,0.0,0.0,-525.2,-821.9,97.31426162478668,0.0,0.0,6140.425430064787
bucket_4,676.78988399,0.0,30.727198389154424,0.0,0.0,-6.9063589060470845,0.0,0.0,0.0,700.6107234731073
bucket_1,5108.2821146999995,-111396.874027,35.53280161084558,0.0,-736.41,-6701.96,1866.6279384172,0.0,0.0,-111824.80117227195
