bucket,realized_pnl,unrealized_pnl,dividends,withholding_tax,pil_dividends,borrow_fees,short_credit_interest,other_fees,bond_interest,total_pnl
bucket_2,9225.482720533008,17597.74625756423,15.023344491639367,0.0,-15477.83,-1376.7,246.44847183459942,0.0,0.0,10230.170794423477
bucket_3,30.564975440000012,7359.6461930000005,0.0,0.0,-525.2,-821.9,96.50558551658,0.0,0.0,6139.61675395658
bucket_4,676.78988399,0.0,0.0,0.0,0.0,-5.4,0.0,0.0,0.0,671.38988399
bucket_1,1684.3862168069918,1614.5560874357639,482.81665550836067,-7.89,-706.03,-6769.69,1872.2359426488208,0.0,0.0,-1829.6150976000552
