bucket,realized_pnl,unrealized_pnl,dividends,withholding_tax,pil_dividends,borrow_fees,short_credit_interest,other_fees,bond_interest,total_pnl
bucket_2,25415.89745469397,35522.41616921207,233.11917057775716,-7.2215780730897015,-18996.82,-1823.7346495082222,253.9859189822093,0.0,0.0,40597.642485884695
bucket_3,30.564975440000012,7359.6461930000005,0.0,0.0,-525.2,-821.9,98.37480038821037,0.0,0.0,6141.485968828211
bucket_4,97.7045643954749,4261.7481527387445,30.739033648702016,0.0,0.0,-7.245590906273195,0.0,0.0,0.0,4382.9461598766475
bucket_1,-3529.399275489449,-17997.185268950816,224.32179577354083,-0.668421926910299,-710.19,-6474.0697595855045,1862.8292806295801,0.0,0.0,-26624.36164954955
