bucket,realized_pnl,unrealized_pnl,dividends,withholding_tax,pil_dividends,borrow_fees,short_credit_interest,other_fees,bond_interest,total_pnl
bucket_2,22999.791782465796,21801.252387562647,2.450000000000001,0.0,-18901.74,-1809.06,256.5333918111894,0.0,0.0,24349.227561839634
bucket_1,-17937.05791304,36969.91077667943,485.73,-7.89,-706.03,-6399.499902819578,1859.2951108527948,0.0,0.0,14264.45807167265
bucket_3,30.564975440000012,7359.6461930000005,0.0,0.0,-525.2,-821.9,99.36149733601582,0.0,0.0,6142.472665776017
bucket_4,16047.513320454198,-37407.34911224208,0.0,0.0,0.0,4.929902819578001,0.0,0.0,0.0,-21354.905888968304
