bucket,realized_pnl,unrealized_pnl,dividends,withholding_tax,pil_dividends,borrow_fees,short_credit_interest,other_fees,bond_interest,total_pnl
bucket_2,19913.257354552083,14896.357957585447,59.98156005306218,-3.37071860649931,-19000.98,-1828.3700000000001,246.39300162494098,0.0,0.0,14283.269155209033
bucket_1,4176.596260277917,7411.615629414549,428.1984399469378,-4.51928139350069,-706.03,-6863.6,1873.3631158628423,0.0,0.0,6315.624164108746
bucket_3,30.564975440000012,7359.6461930000005,0.0,0.0,-525.2,-821.9,95.43388251221673,0.0,0.0,6138.545050952217
bucket_4,922.61986557,0.0,0.0,0.0,0.0,-7.470000000000001,0.0,0.0,0.0,915.1498655700001
