bucket,realized_pnl,unrealized_pnl,dividends,withholding_tax,pil_dividends,borrow_fees,short_credit_interest,other_fees,bond_interest,total_pnl
bucket_1,502.2425492799991,58658.683026,0.0,0.0,-50.4,-2061.9170653410106,674.979893525408,0.0,0.0,57723.5884034644
bucket_4,676.78988399,0.0,0.0,0.0,0.0,-7.2364833747396515,0.0,0.0,0.0,669.5534006152604
bucket_3,1.057084140000029,-3912.281987,0.0,0.0,-294.06,-115.12,53.14697248320375,0.0,0.0,-4267.257930376796
bucket_2,14061.07010287,-56228.723464,147.92000000000002,0.0,-10603.2,-829.6164512842498,144.51313399138837,0.0,0.0,-53308.03667842286
