bucket,realized_pnl,unrealized_pnl,dividends,withholding_tax,pil_dividends,borrow_fees,short_credit_interest,other_fees,bond_interest,total_pnl
bucket_2,17483.02438468,11839.33699,-9.999999999999998,0.0,-10897.26,-853.25,145.5778487545829,0.0,0.0,17707.42922343458
bucket_4,676.78988399,0.0,0.0,0.0,0.0,-6.03,0.0,0.0,0.0,670.75988399
bucket_3,-412.59307882,-3916.60155,0.0,0.0,0.0,-90.41,53.27387026115359,0.0,0.0,-4366.330758558846
bucket_1,-2506.0615686300007,-7880.699948000001,157.92000000000002,0.0,-50.4,-2042.59,673.7882809842636,0.0,0.0,-11648.043235645735
