bucket,realized_pnl,unrealized_pnl,dividends,withholding_tax,pil_dividends,borrow_fees,short_credit_interest,other_fees,bond_interest,total_pnl
bucket_1,784.6753523892698,10295.05634259641,118.5976086462534,0.0,-50.4,-2076.79,675.289027503377,0.0,0.0,9746.42833113531
bucket_3,510.02678675,-3916.60155,0.0,0.0,0.0,-97.88,52.16430129146007,0.0,0.0,-3452.2904619585397
bucket_2,14673.73970643073,-7571.55970659641,29.322391353746593,0.0,-10897.26,-879.6,145.1866712051629,0.0,0.0,-4500.170937606771
