bucket,realized_pnl,unrealized_pnl,dividends,withholding_tax,pil_dividends,borrow_fees,short_credit_interest,other_fees,bond_interest,total_pnl
bucket_2,14937.43902295669,649.9618150430917,32.68486670084597,0.0,-10524.74,-837.78,149.2009832115858,0.0,0.0,4406.766687912214
bucket_1,-688.824974176691,3309.6481279569084,115.23513329915403,0.0,-50.4,-2004.875,669.5573078666151,0.0,0.0,1350.3405949459861
bucket_4,-55.72487991999998,0.0,0.0,0.0,0.0,-5.415,0.0,0.0,0.0,-61.13987991999997
bucket_3,1.057084140000029,-3912.281987,0.0,0.0,-294.06,-115.12,53.88170892179905,0.0,0.0,-4266.523193938201
