bucket,realized_pnl,unrealized_pnl,dividends,withholding_tax,pil_dividends,borrow_fees,short_credit_interest,other_fees,bond_interest,total_pnl
bucket_2,15358.949313568433,7501.269374121411,-9.999999999999998,0.0,-10603.2,-829.45,145.37699222135123,0.0,0.0,11562.945679911196
bucket_4,676.78988399,0.0,0.0,0.0,0.0,-6.4350000000000005,0.0,0.0,0.0,670.3548839900001
bucket_3,1.057084140000029,-3912.281987,0.0,0.0,-294.06,-115.12,53.47472679438526,0.0,0.0,-4266.930176065614
bucket_1,-795.6366607084565,-3546.9518951214113,157.92000000000002,0.0,-50.4,-2041.275,673.7882809842636,0.0,0.0,-5602.555274845603
