bucket,realized_pnl,unrealized_pnl,dividends,withholding_tax,pil_dividends,borrow_fees,short_credit_interest,other_fees,bond_interest,total_pnl
bucket_2,15212.999519302908,4463.531959731481,32.68486970477722,0.0,-10524.74,-837.78,149.2009832115858,0.0,0.0,8495.897331950753
bucket_4,-338.2740714071289,1221.1703881164667,0.0,0.0,0.0,-5.415,0.0,0.0,0.0,877.481316709338
bucket_1,-508.5784659157795,-1725.0924048479474,115.23513029522279,0.0,-50.4,-2010.535,669.5573078666151,0.0,0.0,-3509.81343260189
bucket_3,1.057084140000029,-3912.281987,0.0,0.0,-294.06,-115.12,53.88170892179905,0.0,0.0,-4266.523193938201
