bucket,realized_pnl,unrealized_pnl,dividends,withholding_tax,pil_dividends,borrow_fees,short_credit_interest,other_fees,bond_interest,total_pnl
bucket_1,-1665.0310549741366,25489.87054671554,61.18390493093652,0.0,-50.4,-2018.25,671.0912426236831,0.0,0.0,22488.464639296024
bucket_4,565.3498751949954,-1607.6616382024936,0.0,0.0,0.0,-7.237253073883908,0.0,0.0,0.0,-1049.549016081382
bucket_3,1.057084140000029,-3912.281987,0.0,0.0,-294.06,-115.12,53.47472679438526,0.0,0.0,-4266.930176065614
bucket_2,16339.78371643914,-19927.89142951305,86.73609506906348,0.0,-10603.2,-851.6727469261161,148.07403058193165,0.0,0.0,-14808.17033434903
