bucket,realized_pnl,unrealized_pnl,dividends,withholding_tax,pil_dividends,borrow_fees,short_credit_interest,other_fees,bond_interest,total_pnl
bucket_2,15335.03383852834,6971.264611685722,-1.5500536582346438,0.0,-10897.26,-879.5523106675847,145.1866712051629,0.0,0.0,10673.122757093404
bucket_3,510.02678675,-3916.60155,0.0,0.0,0.0,-97.88,52.16430129146007,0.0,0.0,-3452.2904619585397
bucket_1,123.38122029166095,-4247.767975685722,149.47005365823466,0.0,-50.4,-2076.8376893324153,675.289027503377,0.0,0.0,-5426.865363564866
