bucket,realized_pnl,unrealized_pnl,dividends,withholding_tax,pil_dividends,borrow_fees,short_credit_interest,other_fees,bond_interest,total_pnl
bucket_2,14937.439032221218,649.961683199072,32.6848698077389,0.0,-10524.74,-837.78,149.2009832115858,0.0,0.0,4406.766568439616
bucket_1,-515.567169941219,3309.648259800928,115.23513019226111,0.0,-50.4,-2010.535,669.5573078666151,0.0,0.0,1517.938527918585
bucket_4,-55.72487991999998,0.0,0.0,0.0,0.0,-5.415,0.0,0.0,0.0,-61.13987991999997
bucket_3,1.057084140000029,-3912.281987,0.0,0.0,-294.06,-115.12,53.88170892179905,0.0,0.0,-4266.523193938201
