bucket,realized_pnl,unrealized_pnl,dividends,withholding_tax,pil_dividends,borrow_fees,short_credit_interest,other_fees,bond_interest,total_pnl
bucket_4,676.78988399,0.0,0.0,0.0,0.0,-5.4,0.0,0.0,0.0,671.38988399
bucket_1,-1454.4099920377475,1663.416709994955,149.1678012545743,0.0,-50.4,-2074.55,681.2792487422591,0.0,0.0,-1085.496232045958
bucket_2,4336.667722167746,-127.65550299495499,8.412198745425709,0.0,-7379.4,-527.09,138.38807775943837,0.0,0.0,-3550.6775043223442
bucket_3,1.057084140000029,-3912.281987,0.0,0.0,-294.06,-115.12,52.972673498302775,0.0,0.0,-4267.432229361697
