bucket,realized_pnl,unrealized_pnl,dividends,withholding_tax,pil_dividends,borrow_fees,short_credit_interest,other_fees,bond_interest,total_pnl
bucket_4,676.78988399,0.0,0.0,0.0,0.0,-5.4,0.0,0.0,0.0,671.38988399
bucket_1,-1609.2337809814808,1852.2113800015975,149.14212534762913,0.0,-50.4,-2072.08,681.6017021234067,0.0,0.0,-1048.7585735088483
bucket_2,4491.491511111481,-309.99578200159635,8.437874652370882,0.0,-7379.4,-532.75,138.15488624398523,0.0,0.0,-3584.0615099937604
bucket_3,1.057084140000029,-3912.281987,0.0,0.0,-294.06,-115.12,52.88341163260835,0.0,0.0,-4267.521491227391
