bucket,realized_pnl,unrealized_pnl,dividends,withholding_tax,pil_dividends,borrow_fees,short_credit_interest,other_fees,bond_interest,total_pnl
bucket_2,5615.985321720369,6910.178016567611,-1.500063546065113,0.0,-8313.138684331392,-636.5042495447486,141.90313604229,0.0,0.0,3716.923476908062
bucket_1,9842.429737099632,-4268.94941256761,149.42006354606514,0.0,-2634.5213156686073,-2325.4557504552513,678.8174988841216,0.0,0.0,1441.7408208383476
bucket_3,510.02678675,-3916.60155,0.0,0.0,0.0,-97.88,51.9193650735885,0.0,0.0,-3452.5353981764115
