bucket,realized_pnl,unrealized_pnl,dividends,withholding_tax,pil_dividends,borrow_fees,short_credit_interest,other_fees,bond_interest,total_pnl
bucket_4,676.78988399,6944.684652878576,0.0,0.0,0.0,-282.0159742146596,21.531475961272907,0.0,0.0,7360.990038615189
bucket_2,14515.383067883331,2947.9441343285216,-9.999999999999998,0.0,-10603.2,-829.45,145.37699222135123,0.0,0.0,6166.0541944332035
bucket_3,1.057084140000029,-3912.281987,0.0,0.0,-294.06,-115.12,53.47472679438526,0.0,0.0,-4266.930176065614
bucket_1,47.92958585666895,-5938.311308207099,157.92000000000002,0.0,-50.4,-1765.6940257853405,652.2568050229906,0.0,0.0,-6896.298943112779
