{
  "run_date": "2026-03-13",
  "fifo_summary_present": true,
  "total_realized_pnl": 15968.441845569998,
  "total_unrealized_pnl": -1275.3729460000031,
  "total_dividends": 147.92000000000002,
  "total_withholding_tax": 0.0,
  "total_pil_dividends": -10947.66,
  "total_borrow_fees": -3059.84,
  "total_short_credit_interest": 872.6400000000001,
  "total_other_fees": 0.0,
  "total_bond_interest": 0.0,
  "total_pnl": 1706.1288995700015,
  "excluded_cash_interest_base": -759.1551274,
  "borrow_mode": "borrow_fee_details_cumulative_by_symbol",
  "borrow_total_account_source": -3059.84,
  "borrow_details_file_present": true,
  "borrow_details_rows_cumulative": 245,
  "universe_source": "/home/runner/work/ls-algo/ls-algo/data/etf_screened_today.csv",
  "universe_allowed_etfs": 392,
  "universe_allowed_underlyings": 207,
  "kept_symbols": 389,
  "kept_underlyings": 151,
  "net_exposure_total": 38267.683941697615,
  "gross_exposure_total": 2108066.5360583025,
  "net_exposure_bucket_1": 34734.55944681,
  "gross_exposure_bucket_1": 1988042.4406395284,
  "net_exposure_bucket_2": 3533.124494887622,
  "gross_exposure_bucket_2": 120024.09541877401,
  "net_exposure_bucket_3": 87319.44398690002,
  "gross_exposure_bucket_3": 87319.44398690002,
  "yfinance_override": false,
  "yfinance_symbols_overridden": 0,
  "bucket_pnl": {
    "bucket_2": 3716.923476908062,
    "bucket_1": 1441.7408208383476,
    "bucket_3": -3452.5353981764115
  }
}