bucket,realized_pnl,unrealized_pnl,dividends,withholding_tax,pil_dividends,borrow_fees,short_credit_interest,other_fees,bond_interest,total_pnl
bucket_2,70865.70262397158,70968.38566210541,8.996491228070175,0.0,-63809.84,-11148.880000000001,5724.3955795497895,0.0,0.0,72608.76035685485
bucket_1,-20152.424811441586,74682.27492619217,683.7435087719298,-17.16,-734.19,-22575.53753431207,2429.7132443356854,-1.82,0.0,34314.599333546146
bucket_3,31.060795170000013,6126.358518999999,0.0,0.0,-580.26,-1708.81,199.5612864094485,0.0,0.0,4067.9106005794492
bucket_4,587.99365399,-224.6037312975857,0.0,0.0,0.0,-2448.9424656879314,606.5198897050772,0.0,0.0,-1479.032653290439
