bucket,realized_pnl,unrealized_pnl,dividends,withholding_tax,pil_dividends,borrow_fees,short_credit_interest,other_fees,bond_interest,total_pnl
bucket_2,67021.49949163098,61970.258542627045,79.16415721111765,-10.711836468999426,-63710.6,-11161.58,5927.064124495637,-1.1199896037617336,0.0,60113.97448989202
bucket_1,-16492.27895026098,65391.3465453026,613.5758427888824,-6.448163531000573,-734.19,-22282.805,2435.4578323141304,-0.7000103962382667,0.0,28923.9580962174
bucket_4,291.52393533000003,10452.204994070356,0.0,0.0,0.0,-2237.105,354.629430583119,0.0,0.0,8861.253359983477
bucket_3,31.060795170000013,6126.358518999999,0.0,0.0,-580.26,-1708.81,206.62662544517346,0.0,0.0,4074.975939615174
bucket_5,0.0,26.085375,0.0,0.0,0.0,-27.57,36.411987161941795,0.0,0.0,34.92736216194179
