bucket,realized_pnl,unrealized_pnl,dividends,withholding_tax,pil_dividends,borrow_fees,short_credit_interest,other_fees,bond_interest,total_pnl
bucket_2,71584.48906835855,63355.5713350873,79.16415721111765,-10.711836468999426,-63710.6,-11161.58,5927.064124495637,-1.1199896037635526,0.0,66062.27685907984
bucket_1,-13012.31981050775,72028.95388661075,613.5758427888824,-6.448163531000573,-734.19,-22282.9963747268,2435.4578323141304,-0.7000103962364476,0.0,39041.333202551985
bucket_3,31.060795170000013,6126.358518999999,0.0,0.0,-580.26,-1708.81,206.62662544517346,0.0,0.0,4074.975939615174
bucket_5,0.0,26.085375,0.0,0.0,0.0,-27.57,36.411987161941795,0.0,0.0,34.92736216194179
bucket_4,-7751.4247820208075,2429.284860301953,0.0,0.0,0.0,-2236.913625273198,354.629430583119,0.0,0.0,-7204.4241164089335
