bucket,realized_pnl,unrealized_pnl,dividends,withholding_tax,pil_dividends,borrow_fees,short_credit_interest,other_fees,bond_interest,total_pnl
bucket_1,-1038.9964729939043,3987.1027962524217,163.63082371758793,0.0,-50.4,-2456.84,700.7263072351026,0.0,0.0,1305.2234542112087
bucket_4,676.78988399,0.0,0.0,0.0,0.0,-5.4,0.0,0.0,0.0,671.38988399
bucket_2,4338.372218923903,2641.0718777475777,8.409176282412089,0.0,-7379.4,-591.91,123.97395963119781,0.0,0.0,-859.482767414909
bucket_3,1.057084140000029,-4244.571986999999,0.0,0.0,-294.06,-170.94,47.93973313369973,0.0,0.0,-4660.5751697263
