bucket,realized_pnl,unrealized_pnl,dividends,withholding_tax,pil_dividends,borrow_fees,short_credit_interest,other_fees,bond_interest,total_pnl
bucket_1,1201.7933681892698,12172.088996724455,127.52479720609192,0.0,-50.4,-2461.66,694.5907113083426,0.0,0.0,11683.937873428158
bucket_2,14673.73970643073,-4089.766884724454,34.855202793908084,0.0,-10982.98,-947.55,131.05968500474182,0.0,0.0,-1180.642290495075
bucket_3,510.02678675,-4250.31155,0.0,0.0,0.0,-153.66,46.98960368691567,0.0,0.0,-3846.9551595630837
