bucket,realized_pnl,unrealized_pnl,dividends,withholding_tax,pil_dividends,borrow_fees,short_credit_interest,other_fees,bond_interest,total_pnl
bucket_2,14530.812316883546,6740.826144366605,-9.999999999999998,0.0,-10688.92,-895.89,132.1900981133536,0.0,0.0,9809.018559363503
bucket_4,676.78988399,1636.8896968744289,0.0,0.0,0.0,-5.537035824504836,0.0,0.0,0.0,2308.1425450399247
bucket_1,449.61835167645313,816.9755427589665,172.38,0.0,-50.4,-2408.272964175495,691.3574279306226,0.0,0.0,-328.3416418094523
bucket_3,1.057084140000029,-4244.571986999999,0.0,0.0,-294.06,-170.94,49.09247395602394,0.0,0.0,-4659.422428903976
