bucket,realized_pnl,unrealized_pnl,dividends,withholding_tax,pil_dividends,borrow_fees,short_credit_interest,other_fees,bond_interest,total_pnl
bucket_2,14931.236178509815,4165.369917480628,32.459910901947666,0.0,-10589.68,-905.69,135.41732471687135,0.0,0.0,7769.11333160926
bucket_1,-92.24630052981462,4977.783930519372,129.92008909805233,0.0,-50.4,-2368.875,687.8011492740767,0.0,0.0,3283.9838683616877
bucket_4,-55.72487991999998,0.0,0.0,0.0,0.0,-5.415,0.0,0.0,0.0,-61.13987991999997
bucket_3,1.057084140000029,-4244.571986999999,0.0,0.0,-294.06,-170.94,49.42152600905207,0.0,0.0,-4659.093376850948
