bucket,realized_pnl,unrealized_pnl,dividends,withholding_tax,pil_dividends,borrow_fees,short_credit_interest,other_fees,bond_interest,total_pnl
bucket_1,10329.189035840527,-426.91977495251865,163.9168052330853,0.0,-2645.996686569802,-2703.0714200084526,699.1700232853981,0.0,0.0,5416.287982828237
bucket_2,5546.344038779473,8401.413854952518,-1.536805233085297,0.0,-8387.383313430199,-715.0185799915472,126.66632662067266,0.0,0.0,4970.485521697832
bucket_3,510.02678675,-4250.31155,0.0,0.0,0.0,-153.66,46.80365009392933,0.0,0.0,-3847.1411131560703
