bucket,realized_pnl,unrealized_pnl,dividends,withholding_tax,pil_dividends,borrow_fees,short_credit_interest,other_fees,bond_interest,total_pnl
bucket_2,15485.185401005205,10499.892138221509,-9.999999999999998,0.0,-10688.92,-895.89,132.1900981133536,0.0,0.0,14522.457637340065
bucket_4,676.78988399,0.0,0.0,0.0,0.0,-6.4350000000000005,0.0,0.0,0.0,670.3548839900001
bucket_1,-504.7547331552046,-1305.2007542215083,172.38,0.0,-50.4,-2407.375,691.3574279306226,0.0,0.0,-3403.9930594460893
bucket_3,1.057084140000029,-4244.571986999999,0.0,0.0,-294.06,-170.94,49.09247395602394,0.0,0.0,-4659.422428903976
