bucket,realized_pnl,unrealized_pnl,dividends,withholding_tax,pil_dividends,borrow_fees,short_credit_interest,other_fees,bond_interest,total_pnl
bucket_1,-1193.4417355024739,4032.277558231276,163.6038843232839,0.0,-50.4,-2456.39,701.2713305736858,0.0,0.0,1196.9210376257724
bucket_4,676.78988399,0.0,0.0,0.0,0.0,-5.4,0.0,0.0,0.0,671.38988399
bucket_2,4492.817481432473,2603.3944877687236,8.436115676716115,0.0,-7379.4,-597.5699999999999,123.580921122811,0.0,0.0,-748.7409939992751
bucket_3,1.057084140000029,-4244.571986999999,0.0,0.0,-294.06,-170.94,47.787748303503264,0.0,0.0,-4660.727154556496
