bucket,realized_pnl,unrealized_pnl,dividends,withholding_tax,pil_dividends,borrow_fees,short_credit_interest,other_fees,bond_interest,total_pnl
bucket_1,751.8803636199991,39619.645092,0.0,0.0,-50.4,-2436.729689431516,694.7962979056255,0.0,0.0,38579.19206409411
bucket_4,676.78988399,0.0,0.0,0.0,0.0,-7.2364833747396515,0.0,0.0,0.0,669.5534006152604
bucket_3,1.057084140000029,-4244.571986999999,0.0,0.0,-294.06,-170.94,48.16120608642766,0.0,0.0,-4660.353696773573
bucket_2,14228.55030433,-32082.14129,162.38,0.0,-10688.92,-898.2538271937444,129.68249600794695,0.0,0.0,-29148.702316855797
