bucket,realized_pnl,unrealized_pnl,dividends,withholding_tax,pil_dividends,borrow_fees,short_credit_interest,other_fees,bond_interest,total_pnl
bucket_2,17483.02438468,11914.706985,-9.999999999999998,0.0,-10982.98,-919.73,132.3710184278968,0.0,0.0,17617.392388107895
bucket_4,676.78988399,0.0,0.0,0.0,0.0,-6.03,0.0,0.0,0.0,670.75988399
bucket_3,-412.59307882,-4250.31155,0.0,0.0,0.0,-146.19,48.91155364148075,0.0,0.0,-4760.183075178519
bucket_1,-2088.9435538100006,-2714.276038000001,172.38,0.0,-50.4,-2408.69,691.3574279306226,0.0,0.0,-6398.572163879378
