bucket,realized_pnl,unrealized_pnl,dividends,withholding_tax,pil_dividends,borrow_fees,short_credit_interest,other_fees,bond_interest,total_pnl
bucket_2,14931.236169326025,4165.370060851421,32.45990776347873,0.0,-10589.68,-905.69,135.41732471687135,0.0,0.0,7769.113462657795
bucket_1,-265.504104846025,4977.783787148578,129.92009223652127,0.0,-50.4,-2363.215,687.8011492740767,0.0,0.0,3116.3859238131517
bucket_4,-55.72487991999998,0.0,0.0,0.0,0.0,-5.415,0.0,0.0,0.0,-61.13987991999997
bucket_3,1.057084140000029,-4244.571986999999,0.0,0.0,-294.06,-170.94,49.42152600905207,0.0,0.0,-4659.093376850948
