bucket,realized_pnl,unrealized_pnl,dividends,withholding_tax,pil_dividends,borrow_fees,short_credit_interest,other_fees,bond_interest,total_pnl
bucket_2,15363.652685688847,8840.6326433027,-1.5866076691089361,0.0,-10982.98,-947.5023106675848,131.05968500474182,0.0,0.0,12403.276095659596
bucket_1,511.8803889311531,-758.3105313027007,163.96660766910895,0.0,-50.4,-2461.707689332415,694.5907113083426,0.0,0.0,-1899.9805127265117
bucket_3,510.02678675,-4250.31155,0.0,0.0,0.0,-153.66,46.98960368691567,0.0,0.0,-3846.9551595630837
