bucket,realized_pnl,unrealized_pnl,dividends,withholding_tax,pil_dividends,borrow_fees,short_credit_interest,other_fees,bond_interest,total_pnl
bucket_1,-1330.1252502696675,18131.229757678237,67.12843373196503,0.0,-50.4,-2382.88,689.0318195552734,0.0,0.0,15123.984760695808
bucket_4,565.3498751949954,-82.30489477995889,0.0,0.0,0.0,-7.237253073883908,0.0,0.0,0.0,475.8077273411527
bucket_2,16421.995926654672,-8854.233478898279,95.25156626803499,0.0,-10688.92,-919.5827469261161,134.51570648870288,0.0,0.0,-3810.9730264129867
bucket_3,1.057084140000029,-4244.571986999999,0.0,0.0,-294.06,-170.94,49.09247395602394,0.0,0.0,-4659.422428903976
