bucket,realized_pnl,unrealized_pnl,dividends,withholding_tax,pil_dividends,borrow_fees,short_credit_interest,other_fees,bond_interest,total_pnl
bucket_2,15191.250415539236,7793.654037936615,32.459910699800446,0.0,-10589.68,-905.69,135.41732471687135,0.0,0.0,11657.411688892524
bucket_4,-309.0677754510548,948.5623380979948,0.0,0.0,0.0,-5.415,0.0,0.0,0.0,634.0795626469398
bucket_1,-98.91764240818253,400.93747196538914,129.92008930019955,0.0,-50.4,-2368.875,687.8011492740767,0.0,0.0,-1299.5339318685164
bucket_3,1.057084140000029,-4244.571986999999,0.0,0.0,-294.06,-170.94,49.42152600905207,0.0,0.0,-4659.093376850948
