{
  "run_date": "2026-03-17",
  "fifo_summary_present": true,
  "total_realized_pnl": 16385.55986137,
  "total_unrealized_pnl": 3724.182529999998,
  "total_dividends": 162.38000000000002,
  "total_withholding_tax": 0.0,
  "total_pil_dividends": -11033.380000000001,
  "total_borrow_fees": -3571.75,
  "total_short_credit_interest": 872.6400000000001,
  "total_other_fees": 0.0,
  "total_bond_interest": 0.0,
  "total_pnl": 6539.632391369996,
  "excluded_cash_interest_base": -759.1551274,
  "borrow_mode": "borrow_fee_details_cumulative_by_symbol",
  "borrow_total_account_source": -3571.75,
  "borrow_details_file_present": true,
  "borrow_details_rows_cumulative": 245,
  "universe_source": "/home/runner/work/ls-algo/ls-algo/data/etf_screened_today.csv",
  "universe_allowed_etfs": 392,
  "universe_allowed_underlyings": 207,
  "kept_symbols": 417,
  "kept_underlyings": 164,
  "net_exposure_total": -14552.021317730163,
  "gross_exposure_total": 2370994.3313177302,
  "net_exposure_bucket_1": -23355.70367763822,
  "gross_exposure_bucket_1": 2246060.0622754116,
  "net_exposure_bucket_2": 8803.682359908054,
  "gross_exposure_bucket_2": 124934.26904231845,
  "net_exposure_bucket_3": 87503.82498346,
  "gross_exposure_bucket_3": 87503.82498346,
  "yfinance_override": false,
  "yfinance_symbols_overridden": 0,
  "bucket_pnl": {
    "bucket_1": 5416.287982828237,
    "bucket_2": 4970.485521697832,
    "bucket_3": -3847.1411131560703
  }
}