bucket,realized_pnl,unrealized_pnl,dividends,withholding_tax,pil_dividends,borrow_fees,short_credit_interest,other_fees,bond_interest,total_pnl
bucket_2,14656.61609210296,11102.140449568631,43.12603583282617,0.0,-15623.06,-1419.81,124.36088320026252,0.0,0.0,8883.373460704677
bucket_1,2184.5949218291107,10442.622792700266,395.6839641671738,0.0,-723.86,-4230.235,696.3526999467426,0.0,0.0,8765.159378643295
bucket_4,831.9861410279289,1093.866308731106,0.0,0.0,0.0,-8.505,0.0,0.0,0.0,1917.3474497590348
bucket_3,30.564975440000012,-4852.073099,0.0,0.0,-516.59,-484.19,51.926416852995004,0.0,0.0,-5770.3617067070045
