bucket,realized_pnl,unrealized_pnl,dividends,withholding_tax,pil_dividends,borrow_fees,short_credit_interest,other_fees,bond_interest,total_pnl
bucket_1,1879.7830332017732,15687.549888454672,403.2330101966571,0.0,-723.86,-4386.32,696.3526999467426,0.0,0.0,13556.738631799846
bucket_2,14400.568132548226,6973.90576654533,35.5769898033429,0.0,-15923.980000000001,-1469.3899999999999,124.85022947941434,0.0,0.0,4141.5311183763115
bucket_3,539.5346780499999,-4874.899203,0.0,0.0,-215.67000000000002,-466.37,51.43707057384319,0.0,0.0,-4965.967454376156
