bucket,realized_pnl,unrealized_pnl,dividends,withholding_tax,pil_dividends,borrow_fees,short_credit_interest,other_fees,bond_interest,total_pnl
bucket_2,17566.39600693,25023.758079000003,-10.149999999999999,0.0,-15923.980000000001,-1444.1899999999998,124.85022947941434,0.0,0.0,25336.684315409413
bucket_4,922.61986557,0.0,0.0,0.0,0.0,-8.1,0.0,0.0,0.0,914.5198655700001
bucket_3,-383.08518752000003,-4874.899203,0.0,0.0,-215.67000000000002,-458.9,51.43707057384319,0.0,0.0,-5881.117319946156
bucket_1,-402.1685539700005,-2362.3024239999995,448.96,0.0,-723.86,-4231.55,696.3526999467426,0.0,0.0,-6574.5682780232555
