bucket,realized_pnl,unrealized_pnl,dividends,withholding_tax,pil_dividends,borrow_fees,short_credit_interest,other_fees,bond_interest,total_pnl
bucket_1,2054.32568697713,15490.931406454125,395.6839641671738,0.0,-723.86,-4230.235,696.3526999467426,0.0,0.0,13683.198757545171
bucket_2,14739.05997133287,7147.698144545879,43.12603583282617,0.0,-15623.06,-1419.81,124.36088320026252,0.0,0.0,5011.3750349118345
bucket_4,879.8114963200001,0.0,0.0,0.0,0.0,-8.505,0.0,0.0,0.0,871.3064963200001
bucket_3,30.564975440000012,-4852.073099,0.0,0.0,-516.59,-484.19,51.926416852995004,0.0,0.0,-5770.3617067070045
