bucket,realized_pnl,unrealized_pnl,dividends,withholding_tax,pil_dividends,borrow_fees,short_credit_interest,other_fees,bond_interest,total_pnl
bucket_1,-764.3762557396248,15476.343685521653,433.43938160252924,0.0,-700.85,-4317.21,697.1322197469401,0.0,0.0,10824.479031131497
bucket_4,676.78988399,0.0,0.0,0.0,0.0,-5.4,0.0,0.0,0.0,671.38988399
bucket_2,4813.636069809624,5585.098754478348,15.03061839747077,0.0,-12176.77,-1040.08,122.38345566400648,0.0,0.0,-2680.70110165055
bucket_3,30.564975440000012,-4852.073099,0.0,0.0,-516.59,-484.19,53.124324589053614,0.0,0.0,-5769.163798970946
