bucket,realized_pnl,unrealized_pnl,dividends,withholding_tax,pil_dividends,borrow_fees,short_credit_interest,other_fees,bond_interest,total_pnl
bucket_1,1928.2392740273883,25766.928984401908,394.298785655504,0.0,-700.85,-4364.44,695.630996433551,0.0,0.0,23719.80804051835
bucket_3,539.5346780499999,-4874.899203,0.0,0.0,-215.67000000000002,-466.37,51.647649070026475,0.0,0.0,-4965.756875879973
bucket_2,14660.98178948261,-3289.609296401906,44.511214344496004,0.0,-15923.980000000001,-1469.25,125.36135449642262,0.0,0.0,-5851.984938078378
