bucket,realized_pnl,unrealized_pnl,dividends,withholding_tax,pil_dividends,borrow_fees,short_credit_interest,other_fees,bond_interest,total_pnl
bucket_1,-577.9580321560273,14958.481704516518,433.75486793326724,0.0,-700.85,-4306.54,696.5598662288489,0.0,0.0,10503.448406522606
bucket_4,676.78988399,0.0,0.0,0.0,0.0,-5.4,0.0,0.0,0.0,671.38988399
bucket_2,4627.217846226027,6098.436212483481,14.715132066732746,0.0,-12176.77,-1034.4199999999998,122.78256390470352,0.0,0.0,-2348.038245319054
bucket_3,30.564975440000012,-4852.073099,0.0,0.0,-516.59,-484.19,53.29756986644769,0.0,0.0,-5768.990553693552
