bucket,realized_pnl,unrealized_pnl,dividends,withholding_tax,pil_dividends,borrow_fees,short_credit_interest,other_fees,bond_interest,total_pnl
bucket_2,13407.795679148237,13853.13936381924,-10.147981043974093,0.0,-15623.06,-1419.81,124.36088320026252,0.0,0.0,10332.277945123766
bucket_1,3342.781610241762,8785.490187180761,448.9579810439741,0.0,-723.86,-4230.235,696.3526999467426,0.0,0.0,8319.487478413243
bucket_4,922.61986557,0.0,0.0,0.0,0.0,-8.505,0.0,0.0,0.0,914.1148655700001
bucket_3,30.564975440000012,-4852.073099,0.0,0.0,-516.59,-484.19,51.926416852995004,0.0,0.0,-5770.3617067070045
