bucket,realized_pnl,unrealized_pnl,dividends,withholding_tax,pil_dividends,borrow_fees,short_credit_interest,other_fees,bond_interest,total_pnl
bucket_2,15142.073833716791,15244.278029303328,3.8955159464959697,0.0,-15923.980000000001,-1469.2023106675847,125.36135449642262,0.0,0.0,13122.426422795452
bucket_1,1447.1472297932078,7233.041658696675,434.91448405350405,0.0,-700.85,-4364.487689332415,695.630996433551,0.0,0.0,4745.396679644521
bucket_3,539.5346780499999,-4874.899203,0.0,0.0,-215.67000000000002,-466.37,51.647649070026475,0.0,0.0,-4965.756875879973
