bucket,realized_pnl,unrealized_pnl,dividends,withholding_tax,pil_dividends,borrow_fees,short_credit_interest,other_fees,bond_interest,total_pnl
bucket_1,498.5394484116225,17485.19573641411,395.5905319162236,0.0,-700.85,-4282.25,696.5598662288489,0.0,0.0,14092.785582970806
bucket_4,676.78988399,0.0,0.0,0.0,0.0,-5.4,0.0,0.0,0.0,671.38988399
bucket_3,30.564975440000012,-4852.073099,0.0,0.0,-516.59,-484.19,53.29756986644769,0.0,0.0,-5768.990553693552
bucket_2,3550.7203656583765,3571.722180585889,52.87946808377642,0.0,-12176.77,-1058.7099999999998,122.78256390470352,0.0,0.0,-5937.375421767253
