bucket,realized_pnl,unrealized_pnl,dividends,withholding_tax,pil_dividends,borrow_fees,short_credit_interest,other_fees,bond_interest,total_pnl
bucket_2,57395.24541361392,62269.36970374024,75.89433781793598,-10.184761323777938,-63710.6,-8555.59,2903.490040966406,-1.119754554965043,0.0,50366.504980259764
bucket_4,-7928.922162342717,21670.77932845315,0.0,0.0,0.0,-1549.2104594071625,128.82119006222536,0.0,0.0,12321.467896765496
bucket_1,-23034.379699971203,52152.14231380662,613.8556621820641,-6.9752386762220615,-732.16,-20379.169540592837,1617.6707594344134,-0.7002454450349572,0.0,10230.284010737802
bucket_3,31.060795170000013,10213.889643999999,0.0,0.0,-580.26,-1614.68,98.0531174192408,0.0,0.0,8148.06355658924
bucket_5,0.0,17.609699,0.0,0.0,0.0,-4.17,12.89489211771468,0.0,0.0,26.33459111771468
