bucket,realized_pnl,unrealized_pnl,dividends,withholding_tax,pil_dividends,borrow_fees,short_credit_interest,other_fees,bond_interest,total_pnl
bucket_2,52666.24739929489,58755.819555919865,75.89433781793598,-10.184761323777938,-63710.6,-8555.59,2903.490040966406,-1.119754554921039,0.0,42123.9568181204
bucket_1,-26525.827782454886,63168.70896176878,613.8556621820641,-6.9752386762220615,-732.16,-20379.155,1617.6707594344134,-0.7002454450789611,0.0,17755.41711680907
bucket_4,291.52393533000003,14167.76282831136,0.0,0.0,0.0,-1549.225,128.82119006222536,0.0,0.0,13038.882953703587
bucket_3,31.060795170000013,10213.889643999999,0.0,0.0,-580.26,-1614.68,98.0531174192408,0.0,0.0,8148.06355658924
bucket_5,0.0,17.609699,0.0,0.0,0.0,-4.17,12.89489211771468,0.0,0.0,26.33459111771468
