bucket,realized_pnl,unrealized_pnl,dividends,withholding_tax,pil_dividends,borrow_fees,short_credit_interest,other_fees,bond_interest,total_pnl
bucket_2,55317.25203933064,66048.7384147015,8.996491228070175,0.0,-63809.84,-8542.89,2800.207533051277,0.0,0.0,51822.46447831148
bucket_1,-28994.67155795063,66982.70700326831,680.7535087719299,-17.16,-732.16,-20637.349812333145,1573.4339759446239,-1.82,0.0,18853.733117701086
bucket_3,31.060795170000013,10213.889643999999,0.0,0.0,-580.26,-1614.68,94.56518677953899,0.0,0.0,8144.575625949537
bucket_4,587.99365399,7599.756480030192,0.0,0.0,0.0,-1678.2401876668537,292.7233042245606,0.0,0.0,6802.233250577899
