bucket,realized_pnl,unrealized_pnl,dividends,withholding_tax,pil_dividends,borrow_fees,short_credit_interest,other_fees,bond_interest,total_pnl
bucket_2,23145.23085545,22712.676709,-10.149999999999999,0.0,-27814.19,-2641.43,735.0615351164553,0.0,0.0,16127.199099566456
bucket_1,577.6853862899984,18020.096891999994,596.0764975846621,-7.89,-716.44,-11473.64,3854.892349560428,-0.25,0.0,10850.531125435093
bucket_3,-383.08518752000003,6625.8453850000005,0.0,0.0,-215.67000000000002,-1119.08,170.9761153231172,0.0,0.0,5078.9863128031175
bucket_4,676.78988399,0.0,30.72350241533791,0.0,0.0,-6.03,0.0,0.0,0.0,701.4833864053379
