bucket,realized_pnl,unrealized_pnl,dividends,withholding_tax,pil_dividends,borrow_fees,short_credit_interest,other_fees,bond_interest,total_pnl
bucket_2,20137.744665305363,33478.65213168976,10.579283007001472,0.0,-27481.44,-2607.2400000000002,732.105887762584,0.0,0.0,24270.40196776471
bucket_3,30.564975440000012,6633.990763,0.0,0.0,-548.42,-1153.27,173.93176267698848,0.0,0.0,5136.797501116989
bucket_1,3171.521409384636,7245.976091310239,606.0707169929985,-7.89,-716.44,-11473.235,3854.892349560428,-0.25,0.0,2680.6455672483035
bucket_4,676.78988399,0.0,0.0,0.0,0.0,-6.4350000000000005,0.0,0.0,0.0,670.3548839900001
