bucket,realized_pnl,unrealized_pnl,dividends,withholding_tax,pil_dividends,borrow_fees,short_credit_interest,other_fees,bond_interest,total_pnl
bucket_2,41239.24434114,200493.098759,454.043253562182,-7.89,-27451.059999999998,-2608.936265681993,724.5543363174467,0.0,0.0,212843.05442433764
bucket_3,30.564975440000012,6633.990763,0.0,0.0,-548.42,-1153.27,172.13768524126013,0.0,0.0,5135.003423681261
bucket_4,676.78988399,0.0,30.727198345167704,0.0,0.0,-6.906358781473816,0.0,0.0,0.0,700.6107235536939
bucket_1,-14050.765171960002,-163831.447369,131.87954809265034,0.0,-746.82,-11795.497375536534,3864.2379784412938,-0.25,0.0,-186428.66238996258
