bucket,realized_pnl,unrealized_pnl,dividends,withholding_tax,pil_dividends,borrow_fees,short_credit_interest,other_fees,bond_interest,total_pnl
bucket_2,39438.2123422192,66698.07415213906,234.4814343695611,-7.2215780730897015,-27477.28,-2610.317646520345,732.105887762584,0.0,0.0,77008.05459189696
bucket_3,30.564975440000012,6633.990763,0.0,0.0,-548.42,-1153.27,173.93176267698848,0.0,0.0,5136.797501116989
bucket_4,528.7882629606466,0.0,30.739033648702016,0.0,0.0,-6.906659739650117,0.0,0.0,0.0,552.6206368696985
bucket_1,-15980.944645809846,-25973.445929139056,351.4295319817369,-0.668421926910299,-720.6,-11469.685693740004,3854.892349560428,-0.25,0.0,-49939.27280907365
