bucket,realized_pnl,unrealized_pnl,dividends,withholding_tax,pil_dividends,borrow_fees,short_credit_interest,other_fees,bond_interest,total_pnl
bucket_2,20139.215149518073,33478.763748893114,10.579213587107168,0.0,-27481.44,-2607.2400000000002,732.105887762584,0.0,0.0,24271.983999760872
bucket_3,30.564975440000012,6633.990763,0.0,0.0,-548.42,-1153.27,173.93176267698848,0.0,0.0,5136.797501116989
bucket_1,3170.050925171927,7245.8644741068865,606.0707864128929,-7.89,-716.44,-11473.235,3854.892349560428,-0.25,0.0,2679.0635352521376
bucket_4,676.78988399,0.0,0.0,0.0,0.0,-6.4350000000000005,0.0,0.0,0.0,670.3548839900001
