bucket,realized_pnl,unrealized_pnl,dividends,withholding_tax,pil_dividends,borrow_fees,short_credit_interest,other_fees,bond_interest,total_pnl
bucket_2,21027.620664529873,33046.152786711435,23.176491228070176,0.0,-27382.2,-2595.65,739.9118915913705,0.0,0.0,24859.01183406075
bucket_3,30.564975440000012,6633.990763,0.0,0.0,-548.42,-1153.27,175.78629223083962,0.0,0.0,5138.65203067084
bucket_1,1775.898767120124,6930.035462288557,593.4735087719298,-7.89,-716.44,-11316.845,3845.231816177792,-0.25,0.0,1103.2145543584058
bucket_4,291.52393533000003,0.0,0.0,0.0,0.0,-5.415,0.0,0.0,0.0,286.10893533
