bucket,realized_pnl,unrealized_pnl,dividends,withholding_tax,pil_dividends,borrow_fees,short_credit_interest,other_fees,bond_interest,total_pnl
bucket_1,5551.620696563676,14229.35092920419,566.0528039105167,-5.2288174441427735,-716.44,-11839.176758053536,3867.615086815601,-0.25,0.0,11653.543940996302
bucket_2,8947.714900996323,23554.518076795805,60.25719608948333,-2.6611825558572257,-23904.34,-2194.9032419464647,721.0267901021984,0.0,0.0,7181.612539481486
bucket_3,30.564975440000012,6633.990763,0.0,0.0,-548.42,-1153.27,172.28812308220193,0.0,0.0,5135.153861522202
bucket_4,676.78988399,0.0,0.0,0.0,0.0,-5.4,0.0,0.0,0.0,671.38988399
