bucket,realized_pnl,unrealized_pnl,dividends,withholding_tax,pil_dividends,borrow_fees,short_credit_interest,other_fees,bond_interest,total_pnl
bucket_2,72771.33235792557,87203.05338374665,-72.45350877192982,0.0,-108378.09,-15380.220000000001,5996.75540459052,0.0,0.0,42140.377637490805
bucket_1,-18400.69570680557,61412.047825446316,708.0335087719299,-18.34,-728.72,-24770.644509015623,2383.445636508508,-1.82,0.0,20583.30675490554
bucket_3,31.060795170000013,9882.118519,0.0,0.0,-596.6600000000001,-1864.6299999999999,174.75580592225862,0.0,0.0,7626.645120092258
bucket_4,681.20136659,9684.660120807037,0.0,0.0,0.0,-3656.385490984376,405.23315297871517,0.0,0.0,7114.709149391379
