bucket,realized_pnl,unrealized_pnl,dividends,withholding_tax,pil_dividends,borrow_fees,short_credit_interest,other_fees,bond_interest,total_pnl
bucket_2,74381.0655174625,78287.93641291077,-1.5138500661193532,-10.739706920817493,-108278.85,-15384.391268315954,6036.688862157486,-1.119874541085952,0.0,35029.07609268677
bucket_1,-17892.46365318597,65775.23190008923,629.2238500661193,-6.420293079182506,-728.72,-24469.023731684047,2369.0048354932987,-0.7001254589140481,0.0,25676.132782240536
bucket_3,31.060795170000013,9882.118519,0.0,0.0,-596.6600000000001,-1864.6299999999999,175.91953582110284,0.0,0.0,7627.808849991103
bucket_4,-2006.0870660065343,10382.51479,0.0,0.0,0.0,-3389.775,345.88851051757786,0.0,0.0,5332.541234511043
bucket_5,0.0,259.80537499999997,0.0,0.0,0.0,-60.03,32.688256010537735,0.0,0.0,232.46363101053782
