bucket,realized_pnl,unrealized_pnl,dividends,withholding_tax,pil_dividends,borrow_fees,short_credit_interest,other_fees,bond_interest,total_pnl
bucket_2,71365.53228606618,75043.09340091051,-1.5138500661193532,-10.739706920817493,-108278.85,-15384.391268315954,6036.688862157486,-1.1198745410857371,0.0,28768.6998492902
bucket_1,-17178.952905726183,61214.027113304364,629.2238500661193,-6.420293079182506,-728.72,-24469.023731684047,2369.0048354932987,-0.7001254589142631,0.0,21828.438742915467
bucket_4,295.93541793,18188.56258878512,0.0,0.0,0.0,-3389.775,345.88851051757786,0.0,0.0,15440.611517232699
bucket_3,31.060795170000013,9882.118519,0.0,0.0,-596.6600000000001,-1864.6299999999999,175.91953582110284,0.0,0.0,7627.808849991103
bucket_5,0.0,259.80537499999997,0.0,0.0,0.0,-60.03,32.688256010537735,0.0,0.0,232.46363101053782
