bucket,realized_pnl,unrealized_pnl,dividends,withholding_tax,pil_dividends,borrow_fees,short_credit_interest,other_fees,bond_interest,total_pnl
bucket_2,71365.47298325469,75043.09340090674,-1.5138500661193532,-10.739706920817493,-108278.85,-15384.391268315954,6036.688862157486,-1.1198745410862747,0.0,28768.640546474933
bucket_1,-17352.151416414683,61214.02711330813,629.2238500661193,-6.420293079182506,-728.72,-24463.363731684047,2369.0048354932987,-0.7001254589137255,0.0,21660.900232230724
bucket_4,295.93541793,18188.56258878512,0.0,0.0,0.0,-3389.775,345.88851051757786,0.0,0.0,15440.611517232699
bucket_3,31.060795170000013,9882.118519,0.0,0.0,-596.6600000000001,-1864.6299999999999,175.91953582110284,0.0,0.0,7627.808849991103
bucket_5,0.0,259.80537499999997,0.0,0.0,0.0,-60.03,32.688256010537735,0.0,0.0,232.46363101053782
