bucket,realized_pnl,unrealized_pnl,dividends,withholding_tax,pil_dividends,borrow_fees,short_credit_interest,other_fees,bond_interest,total_pnl
bucket_1,56951.52523807233,72293.95542360353,690.0636838895977,-6.420020482812796,-863.54,-29341.10564798041,2773.3101151839614,-0.7021825615537254,0.0,102497.08660972465
bucket_2,80543.15640893577,142223.9004335616,22.356316110402332,-10.739979517187201,-155628.68,-23824.34935201959,5243.127867447531,-1.1178174384462747,0.0,48567.653877080054
bucket_3,31.060795170000013,8132.748512,0.0,0.0,-815.61,-2298.23,151.54443492701594,0.0,0.0,5201.513742097017
bucket_5,0.0,321.733064,0.0,0.0,0.0,-156.49,102.98855832418691,0.0,0.0,268.23162232418713
bucket_4,-4555.9473424881035,-19067.879184165096,0.0,0.0,0.0,-6521.435,689.2190241173065,0.0,0.0,-29456.042502535893
