bucket,realized_pnl,unrealized_pnl,dividends,withholding_tax,pil_dividends,borrow_fees,short_credit_interest,other_fees,bond_interest,total_pnl
bucket_2,25885.571392546597,37632.1879914829,40.606491228070176,-2.85,-30702.559999999998,-3059.53,1852.5876252639696,-0.7977309958695982,0.0,31645.21576952566
bucket_1,-35438.2988382166,72573.7325544511,624.3835087719299,-12.85,-722.79,-14495.195,2531.7913569995135,-1.022269004130402,0.0,25059.75131300183
bucket_3,30.564975440000012,9473.245094,0.0,0.0,-557.1800000000001,-1309.32,178.39055047961406,0.0,0.0,7815.700619919613
bucket_4,291.52393533000003,-565.3282829339912,0.0,0.0,0.0,-5.415,198.16046725690308,0.0,0.0,-81.05888034708823
