bucket,realized_pnl,unrealized_pnl,dividends,withholding_tax,pil_dividends,borrow_fees,short_credit_interest,other_fees,bond_interest,total_pnl
bucket_1,-25716.885189571527,71041.2168513522,606.5448927338404,-13.206509523579706,-722.79,-15122.14,2521.8655661344396,-1.5403328315952551,0.0,32593.06527829379
bucket_2,19020.880110090475,41394.16152618152,58.44510726615962,-2.493490476420293,-30801.8,-3047.74,1790.3813247632809,-0.2796671684047449,0.0,28411.554910656603
bucket_3,30.564975440000012,9473.245094,0.0,0.0,-557.1800000000001,-1309.32,172.40054167339792,0.0,0.0,7809.710611113397
bucket_4,-6000.84244786895,-3695.1844775337227,0.0,0.0,0.0,-16.12,276.2825674288822,0.0,0.0,-9435.864357973789
