bucket,realized_pnl,unrealized_pnl,dividends,withholding_tax,pil_dividends,borrow_fees,short_credit_interest,other_fees,bond_interest,total_pnl
bucket_2,20530.12656112387,40025.457378511404,58.44726899415542,-2.4934692082176073,-30801.8,-3047.74,1790.3813247632809,-0.2796634187373575,0.0,28552.099400765757
bucket_1,-30185.665306090013,68343.84548148968,606.5427310058446,-13.206530791782392,-722.79,-15122.302053683463,2521.8655661344396,-1.5403365812626426,0.0,25426.749551483448
bucket_3,30.564975440000012,9473.245094,0.0,0.0,-557.1800000000001,-1309.32,172.40054167339792,0.0,0.0,7809.710611113397
bucket_4,-3041.3087831638613,370.89103999892154,0.0,0.0,0.0,-15.957946316537047,276.2825674288822,0.0,0.0,-2410.0931220525936
