bucket,realized_pnl,unrealized_pnl,dividends,withholding_tax,pil_dividends,borrow_fees,short_credit_interest,other_fees,bond_interest,total_pnl
bucket_1,-29647.688258831622,69133.02052080976,606.5455960299894,-13.206515439230511,-722.79,-15122.302869857338,2521.8655661344396,-1.5403412504081784,0.0,26753.903697595593
bucket_2,19587.67197682596,36873.90603682044,58.444403970010576,-2.493484560769488,-30801.8,-3047.74,1790.3813247632809,-0.2796587495918218,0.0,24458.090599069325
bucket_3,30.564975440000012,9473.245094,0.0,0.0,-557.1800000000001,-1309.32,172.40054167339792,0.0,0.0,7809.710611113397
bucket_4,-2636.8312461243404,2733.267342369806,0.0,0.0,0.0,-15.95713014266181,276.2825674288822,0.0,0.0,356.7615335316873
