bucket,realized_pnl,unrealized_pnl,dividends,withholding_tax,pil_dividends,borrow_fees,short_credit_interest,other_fees,bond_interest,total_pnl
bucket_2,20107.62221292753,40167.305034822144,58.44796959557221,-2.4935241266640404,-30801.8,-3047.74,1790.3813247632809,-0.27965076418455614,0.0,28271.44336721768
bucket_1,-29775.49399605082,68206.57006277787,606.5420304044278,-13.20647587333596,-722.79,-15122.300444381104,2521.8655661344396,-1.5403492358154438,0.0,25699.646393775663
bucket_3,30.564975440000012,9473.245094,0.0,0.0,-557.1800000000001,-1309.32,172.40054167339792,0.0,0.0,7809.710611113397
bucket_4,-3028.9757450067077,366.3188023999908,0.0,0.0,0.0,-15.959555618895441,276.2825674288822,0.0,0.0,-2402.333930796729
