bucket,realized_pnl,unrealized_pnl,dividends,withholding_tax,pil_dividends,borrow_fees,short_credit_interest,other_fees,bond_interest,total_pnl
bucket_1,-29644.383968044905,69114.4364752684,606.5473071239088,-13.206506663620802,-722.79,-15122.302374741015,2521.8655661344396,-1.5403391921982572,0.0,26738.626159885014
bucket_2,19587.690755253356,36857.82531601809,58.4426928760912,-2.4934933363791973,-30801.8,-3047.74,1790.3813247632809,-0.2796608078017429,0.0,24442.026934766636
bucket_3,30.564975440000012,9473.245094,0.0,0.0,-557.1800000000001,-1309.32,172.40054167339792,0.0,0.0,7809.710611113397
bucket_4,-2640.1543153384537,2767.932108713513,0.0,0.0,0.0,-15.957625258983933,276.2825674288822,0.0,0.0,388.1027355449596
