bucket,realized_pnl,unrealized_pnl,dividends,withholding_tax,pil_dividends,borrow_fees,short_credit_interest,other_fees,bond_interest,total_pnl
bucket_2,123695.3499439469,69922.82040367721,211.3722524380109,-2.96037478354441,-30797.64,-3080.7766495034734,1828.139128455704,-0.7880212573946044,0.0,161775.5166829734
bucket_3,30.564975440000012,9473.245094,0.0,0.0,-557.1800000000001,-1309.32,176.03634021471274,0.0,0.0,7813.346409654712
bucket_4,4007.6904064369387,3331.910606668178,30.739033648702016,0.0,0.0,-7.087670345058157,239.3579648544999,0.0,0.0,7602.61034126326
bucket_1,-136488.44438224385,37002.022694654625,422.87871391328713,-12.73962521645559,-726.95,-14684.065680151469,2517.396566475083,-1.0319787426053957,0.0,-111970.93369131137
