bucket,realized_pnl,unrealized_pnl,dividends,withholding_tax,pil_dividends,borrow_fees,short_credit_interest,other_fees,bond_interest,total_pnl
bucket_1,-36073.6005240585,98240.08622977365,614.6685960790485,-13.20583995249268,-722.79,-15122.555511091034,2521.8655661344396,-1.6120363631618684,0.0,49442.85648052195
bucket_2,27504.4701308085,46730.69636801914,50.32140392095154,-2.4941600475073193,-30801.8,-3047.6844889089657,1790.3813247632809,-0.20796363683813163,0.0,42223.68261491856
bucket_3,30.564975440000012,9473.245094,0.0,0.0,-557.1800000000001,-1309.32,172.40054167339792,0.0,0.0,7809.710611113397
bucket_4,-4127.7171341,-36230.58869779279,0.0,0.0,0.0,-15.760000000000002,276.2825674288822,0.0,0.0,-40097.7832644639
