bucket,realized_pnl,unrealized_pnl,dividends,withholding_tax,pil_dividends,borrow_fees,short_credit_interest,other_fees,bond_interest,total_pnl
bucket_1,-20437.07268861687,77564.08790553093,624.3835087719299,-12.85,-722.79,-14498.134809831796,2531.7913569995135,-1.0222689460145538,0.0,45048.393003907724
bucket_2,25954.762882298088,38214.693864121866,40.606491228070176,-2.85,-30702.559999999998,-3059.53,1852.5876252639696,-0.7977310539854464,0.0,32296.91313185801
bucket_3,30.564975440000012,9473.245094,0.0,0.0,-557.1800000000001,-1309.32,178.39055047961406,0.0,0.0,7815.700619919613
bucket_4,-14778.893704891221,-6138.189506652805,0.0,0.0,0.0,-2.4751901682046356,198.16046725690308,0.0,0.0,-20721.39793445533
