bucket,realized_pnl,unrealized_pnl,dividends,withholding_tax,pil_dividends,borrow_fees,short_credit_interest,other_fees,bond_interest,total_pnl
bucket_2,96268.7964416885,48180.043711633734,1.3344641696335522,0.0,-31143.309999999998,-3087.6044807491376,1831.3096545871958,0.0,0.0,112050.56979132992
bucket_3,-383.08518752000003,9467.059716,0.0,0.0,-215.67000000000002,-1268.98,172.8658140832207,0.0,0.0,7772.19034256322
bucket_4,584.55806899,-3676.151072,30.728991929222406,0.0,0.0,-6.906701121861558,239.3579648544999,0.0,0.0,-2828.412747348139
bucket_1,-105225.1083758285,65759.04644336626,632.9265439011441,-15.7,-722.79,-14717.758818129001,2517.396566475083,-1.82,0.0,-51773.80764021501
