bucket,realized_pnl,unrealized_pnl,dividends,withholding_tax,pil_dividends,borrow_fees,short_credit_interest,other_fees,bond_interest,total_pnl
bucket_2,30534.723632371497,35949.928479799535,50.32134003113123,-2.494158553045264,-30801.8,-3071.9154877015117,1790.3813247632809,-0.20796352093612872,0.0,34448.93716718995
bucket_1,-39218.354402051504,77268.03821212194,614.6686599688687,-13.205841446954736,-722.79,-15098.324512298488,2521.8655661344396,-1.6120364790638715,0.0,25350.28564594925
bucket_3,30.564975440000012,9473.245094,0.0,0.0,-557.1800000000001,-1309.32,172.40054167339792,0.0,0.0,7809.710611113397
bucket_4,-4013.21675985,-4477.772791921482,0.0,0.0,0.0,-15.76,276.2825674288822,0.0,0.0,-8230.4669843426
