bucket,realized_pnl,unrealized_pnl,dividends,withholding_tax,pil_dividends,borrow_fees,short_credit_interest,other_fees,bond_interest,total_pnl
bucket_2,26692.44435618438,42002.59020896876,8.996491228070175,0.0,-30801.8,-3046.83,1828.139128455704,0.0,0.0,36683.540184836915
bucket_1,-36154.63826902438,82550.61862819942,655.9935087719299,-15.7,-722.79,-14721.604809831795,2517.396566475083,-1.82,0.0,34107.455624590264
bucket_3,30.564975440000012,9473.245094,0.0,0.0,-557.1800000000001,-1309.32,176.03634021471274,0.0,0.0,7813.346409654712
bucket_4,676.78988399,-14296.45513216818,0.0,0.0,0.0,-3.495190168204635,239.3579648544999,0.0,0.0,-13383.802473491884
