bucket,realized_pnl,unrealized_pnl,dividends,withholding_tax,pil_dividends,borrow_fees,short_credit_interest,other_fees,bond_interest,total_pnl
bucket_2,26779.17112783827,42183.78483786232,8.996491228070175,0.0,-30801.8,-3046.83,1828.139128455704,0.0,0.0,36951.461585384364
bucket_1,-36130.6793372967,75274.68267179049,655.9935087719299,-15.7,-722.79,-14721.604809831795,2517.396566475083,-1.82,0.0,26855.47859990901
bucket_3,30.564975440000012,9473.245094,0.0,0.0,-557.1800000000001,-1309.32,176.03634021471274,0.0,0.0,7813.346409654712
bucket_4,566.1041797384282,-7201.713804652804,0.0,0.0,0.0,-3.495190168204635,239.3579648544999,0.0,0.0,-6399.746850228081
