bucket,realized_pnl,unrealized_pnl,dividends,withholding_tax,pil_dividends,borrow_fees,short_credit_interest,other_fees,bond_interest,total_pnl
bucket_2,20107.22860560128,32066.787216698012,10.579274158737496,0.0,-24260.96,-2567.14,348.795503983135,0.0,0.0,25705.290600441163
bucket_3,30.564975440000012,6281.490764000001,0.0,0.0,-539.9300000000001,-1136.43,83.9007776529931,0.0,0.0,4719.596517092994
bucket_1,3386.297693518717,9197.861462301984,606.0707258412625,-7.89,-716.44,-11170.845,1782.4937183638715,-0.25,0.0,3077.298600025833
bucket_4,676.78988399,0.0,0.0,0.0,0.0,-6.4350000000000005,0.0,0.0,0.0,670.3548839900001
