bucket,realized_pnl,unrealized_pnl,dividends,withholding_tax,pil_dividends,borrow_fees,short_credit_interest,other_fees,bond_interest,total_pnl
bucket_2,41239.24434114,168684.10876,454.043253562182,-7.89,-24230.579999999998,-2568.836265681993,344.9337731154627,0.0,0.0,183915.02386213565
bucket_3,30.564975440000012,6281.490764000001,0.0,0.0,-539.9300000000001,-1136.43,82.9718602237709,0.0,0.0,4718.667599663771
bucket_4,676.78988399,0.0,30.727198345167704,0.0,0.0,-6.906358781473816,0.0,0.0,0.0,700.6107235536939
bucket_1,-13866.504947530002,-131313.426914,131.87954809265034,0.0,-746.82,-11484.777375536532,1787.2843666607664,-0.25,0.0,-155492.61532231313
