bucket,realized_pnl,unrealized_pnl,dividends,withholding_tax,pil_dividends,borrow_fees,short_credit_interest,other_fees,bond_interest,total_pnl
bucket_2,9701.9785388704,24776.067267971564,14.93968009065187,0.0,-20683.86,-2131.3637899916553,341.6457849155391,0.0,0.0,12019.407481856499
bucket_1,4981.617283119597,13444.362194028432,611.3703199093482,-7.89,-716.44,-11551.846210008345,1790.8926797893575,-0.25,0.0,8551.816266838396
bucket_3,30.564975440000012,6281.490764000001,0.0,0.0,-539.9300000000001,-1136.43,82.65153529510353,0.0,0.0,4718.347274735104
bucket_4,676.78988399,0.0,0.0,0.0,0.0,-5.4,0.0,0.0,0.0,671.38988399
