bucket,realized_pnl,unrealized_pnl,dividends,withholding_tax,pil_dividends,borrow_fees,short_credit_interest,other_fees,bond_interest,total_pnl
bucket_2,21031.859377027304,31700.284223263847,23.176491228070176,0.0,-24161.72,-2555.55,352.6801882500015,0.0,0.0,26390.73027976922
bucket_3,30.564975440000012,6281.490764000001,0.0,0.0,-539.9300000000001,-1136.43,84.83521639203775,0.0,0.0,4720.530955832039
bucket_1,1955.9202790526963,8897.754481736152,593.4735087719298,-7.89,-716.44,-11018.935,1777.6745953579612,-0.25,0.0,1481.3078649187441
bucket_4,291.52393533000003,0.0,0.0,0.0,0.0,-5.415,0.0,0.0,0.0,286.10893533
