bucket,realized_pnl,unrealized_pnl,dividends,withholding_tax,pil_dividends,borrow_fees,short_credit_interest,other_fees,bond_interest,total_pnl
bucket_2,23145.23085545,23539.096706,-10.149999999999999,0.0,-24585.22,-2600.7599999999998,350.20415473026225,0.0,0.0,19838.401716180262
bucket_1,761.9456107199981,17736.757347,596.0764975846621,-7.89,-716.44,-11171.25,1782.4937183638715,-0.25,0.0,8981.443173668526
bucket_3,-383.08518752000003,6270.285390000001,0.0,0.0,-215.67000000000002,-1102.81,82.4921269058659,0.0,0.0,4651.212329385867
bucket_4,676.78988399,0.0,30.72350241533791,0.0,0.0,-6.03,0.0,0.0,0.0,701.4833864053379
