bucket,realized_pnl,unrealized_pnl,dividends,withholding_tax,pil_dividends,borrow_fees,short_credit_interest,other_fees,bond_interest,total_pnl
bucket_2,39444.48553339027,63343.97581133355,234.52571982559817,-7.2215780730897015,-24256.8,-2570.2222119942394,348.795503983135,0.0,0.0,76537.53877846521
bucket_3,30.564975440000012,6281.490764000001,0.0,0.0,-539.9300000000001,-1136.43,83.9007776529931,0.0,0.0,4719.596517092994
bucket_4,528.7882629606466,0.0,30.739033648702016,0.0,0.0,-6.906659739650117,0.0,0.0,0.0,552.6206368696985
bucket_1,-15802.957612550912,-22079.32713233355,351.3852465256998,-0.668421926910299,-720.6,-11167.29112826611,1782.4937183638715,-0.25,0.0,-47637.21533018791
