bucket,realized_pnl,unrealized_pnl,dividends,withholding_tax,pil_dividends,borrow_fees,short_credit_interest,other_fees,bond_interest,total_pnl
bucket_1,5747.833109743401,14551.37060760718,565.0536900898272,-5.157773370951269,-716.44,-11527.556117100525,1790.8926797893575,-0.25,0.0,10405.746196758297
bucket_2,8935.762712246596,23669.058854392817,61.256309910172746,-2.7322266290487303,-20683.86,-2155.653882899475,341.6457849155391,0.0,0.0,10165.4775519366
bucket_3,30.564975440000012,6281.490764000001,0.0,0.0,-539.9300000000001,-1136.43,82.65153529510353,0.0,0.0,4718.347274735104
bucket_4,676.78988399,0.0,0.0,0.0,0.0,-5.4,0.0,0.0,0.0,671.38988399
