bucket,realized_pnl,unrealized_pnl,dividends,withholding_tax,pil_dividends,borrow_fees,short_credit_interest,other_fees,bond_interest,total_pnl
bucket_1,-4155.708911441145,15002.759283123058,9.759983036414955,0.0,-40.4,-1274.58,198.1621664470619,0.0,0.0,9739.992521165392
bucket_4,-25.470884650777577,-299.0124544456881,0.0,0.0,0.0,0.0,12.103625076717975,0.0,0.0,-312.3797140197478
bucket_3,413.65016296000005,-611.6708590000001,0.0,0.0,-290.02,-25.740000000000002,16.522629188891354,0.0,0.0,-497.2580668511086
bucket_2,12400.243403081922,-12368.20592367737,13.570016963585047,0.0,-6752.69,-642.73,52.86157928732875,0.0,0.0,-7296.950924344534
