bucket,realized_pnl,unrealized_pnl,dividends,withholding_tax,pil_dividends,borrow_fees,short_credit_interest,other_fees,bond_interest,total_pnl
bucket_1,-3013.5261393228034,8191.303096020705,26.785974877123948,0.0,-40.4,-1258.08,196.98928926277142,0.0,0.0,4103.072220837797
bucket_3,0.0,-26.315646000000015,0.0,0.0,0.0,-1.1300000000000001,26.26519695471184,0.0,0.0,-1.180449045288185
bucket_2,11646.239909732803,-6428.649372020704,-3.455974877123947,0.0,-7042.71,-683.84,56.39551378251679,0.0,0.0,-2456.0199233825088
