bucket,realized_pnl,unrealized_pnl,dividends,withholding_tax,pil_dividends,borrow_fees,short_credit_interest,other_fees,bond_interest,total_pnl
bucket_1,-2629.7570888506084,32514.695173,0.0,0.0,-40.4,-1261.05,163.42756475697954,0.0,0.0,28746.91564890637
bucket_4,-18.927870440634177,493.64346,0.0,0.0,0.0,0.0,7.92634543642223,0.0,0.0,482.64193499578806
bucket_3,413.65016296000005,-611.6708590000001,0.0,0.0,-290.02,-25.740000000000002,16.826694091113346,0.0,0.0,-496.9540019488866
bucket_2,10386.296324111241,-30866.616993,23.330000000000002,0.0,-6752.69,-637.07,91.46939571548491,0.0,0.0,-27755.28127317327
