bucket,realized_pnl,unrealized_pnl,dividends,withholding_tax,pil_dividends,borrow_fees,short_credit_interest,other_fees,bond_interest,total_pnl
bucket_2,10963.529419790995,2311.101451601783,-9.999999999999998,0.0,-6752.69,-642.73,49.05177626109099,0.0,0.0,5918.262647653868
bucket_4,0.0,3747.6333979561978,0.0,0.0,0.0,0.0,29.97257437915609,0.0,0.0,3777.6059723353537
bucket_3,413.65016296000005,-611.6708590000001,0.0,0.0,-290.02,-25.740000000000002,16.522629188891354,0.0,0.0,-497.2580668511086
bucket_1,-2744.465813030995,-3723.19394455798,33.33,0.0,-40.4,-1274.58,184.10302017086156,0.0,0.0,-7565.206737418113
