bucket,realized_pnl,unrealized_pnl,dividends,withholding_tax,pil_dividends,borrow_fees,short_credit_interest,other_fees,bond_interest,total_pnl
bucket_2,11392.289112550445,2739.344049091795,-9.999999999999998,0.0,-6752.69,-642.73,46.86373008427527,0.0,0.0,6773.076891726514
bucket_4,0.0,586.284776,0.0,0.0,0.0,0.0,9.656633942563754,0.0,0.0,595.9414099425637
bucket_3,413.65016296000005,-611.6708590000001,0.0,0.0,-290.02,-25.740000000000002,16.522629188891354,0.0,0.0,-497.2580668511086
bucket_1,-3173.225504960444,-990.0879200917947,33.33,0.0,-40.4,-1274.58,206.60700678426963,0.0,0.0,-5238.3564182679675
