bucket,realized_pnl,unrealized_pnl,dividends,withholding_tax,pil_dividends,borrow_fees,short_credit_interest,other_fees,bond_interest,total_pnl
bucket_4,0.0,493.64346,0.0,0.0,0.0,0.0,7.980748464878488,0.0,0.0,501.6242084648785
bucket_3,413.65016296000005,-611.6708590000001,0.0,0.0,-290.02,-25.740000000000002,16.942185287504707,0.0,0.0,-496.83851075249527
bucket_1,-6786.634297994117,4148.999794781505,33.33,0.0,-40.4,-1261.05,199.93345283216556,0.0,0.0,-3705.8210503804476
bucket_2,2843.1907397141167,-3125.6871087815025,-0.34,0.0,-3595.62,-338.65999999999997,54.793613415451375,0.0,0.0,-4162.322755651934
