bucket,realized_pnl,unrealized_pnl,dividends,withholding_tax,pil_dividends,borrow_fees,short_credit_interest,other_fees,bond_interest,total_pnl
bucket_2,17656.28219818,7391.944398000001,-9.999999999999998,0.0,-7042.71,-667.34,44.21911490742059,0.0,0.0,17372.39571108742
bucket_4,0.0,586.284776,0.0,0.0,0.0,0.0,9.656633942563754,0.0,0.0,595.9414099425637
bucket_3,0.0,-612.600422,0.0,0.0,0.0,-1.1300000000000001,16.460698041769714,0.0,0.0,-597.2697239582303
bucket_1,-9023.56842806,-5641.758706,33.33,0.0,-40.4,-1274.58,209.31355310824594,0.0,0.0,-15737.663580951752
