bucket,realized_pnl,unrealized_pnl,dividends,withholding_tax,pil_dividends,borrow_fees,short_credit_interest,other_fees,bond_interest,total_pnl
bucket_2,11630.419317110902,-1225.920138085089,-9.999999999999998,0.0,-6752.69,-642.73,44.15718376029895,0.0,0.0,3043.236362786112
bucket_4,0.0,586.284776,0.0,0.0,0.0,0.0,9.656633942563754,0.0,0.0,595.9414099425637
bucket_3,413.65016296000005,-611.6708590000001,0.0,0.0,-290.02,-25.740000000000002,16.522629188891354,0.0,0.0,-497.2580668511086
bucket_1,-3411.3557098509023,2975.17626708509,33.33,0.0,-40.4,-1274.58,209.31355310824594,0.0,0.0,-1508.5158896575658
