bucket,realized_pnl,unrealized_pnl,dividends,withholding_tax,pil_dividends,borrow_fees,short_credit_interest,other_fees,bond_interest,total_pnl
bucket_2,14238.350921635065,3215.937464055229,-9.999999999999998,0.0,-7042.71,-683.84,54.837104028718215,0.0,0.0,9772.575489719013
bucket_3,0.0,-26.315646000000015,0.0,0.0,0.0,-1.1300000000000001,26.26519695471184,0.0,0.0,-1.180449045288185
bucket_1,-5605.637151225064,-1453.2837400552287,33.33,0.0,-40.4,-1258.08,198.54769901657,0.0,0.0,-8125.523192263724
