bucket,realized_pnl,unrealized_pnl,dividends,withholding_tax,pil_dividends,borrow_fees,short_credit_interest,other_fees,bond_interest,total_pnl
<<<<<<< HEAD
bucket_1,1879.7830332260544,15687.549876208042,403.2330102075659,0.0,-723.86,-4386.32,696.3526999467426,0.0,0.0,13556.738619588406
bucket_2,14400.568132523946,6973.905765791959,35.576989792434155,0.0,-15923.980000000001,-1469.3899999999999,124.85022947941434,0.0,0.0,4141.531117587751
=======
bucket_2,14706.575383232095,12786.549895252485,54.50645539500897,0.0,-15923.161609358527,-1469.1556478832406,124.85022947941434,0.0,0.0,10280.164706117235
bucket_1,1573.775782517905,9874.905746747518,384.30354460499103,0.0,-724.6783906414742,-4386.554352116759,696.3526999467426,0.0,0.0,7418.1050310589235
>>>>>>> db4f8d56c7a2188a76e7b62db24652a29bf2c8f6
bucket_3,539.5346780499999,-4874.899204,0.0,0.0,-215.67000000000002,-466.37,51.43707057384319,0.0,0.0,-4965.967455376156
