bucket,realized_pnl,unrealized_pnl,dividends,withholding_tax,pil_dividends,borrow_fees,short_credit_interest,other_fees,bond_interest,total_pnl
bucket_4,922.61986557,14449.522867991585,0.0,0.0,0.0,-7.4813821344184825,0.0,0.0,0.0,15364.661351427168
bucket_2,13520.837347920087,9217.97297683311,-10.147981043974093,0.0,-15623.06,-1419.81,124.36088320026252,0.0,0.0,5810.153226909485
bucket_1,3229.739941469912,-1028.8663068246947,448.9579810439741,0.0,-723.86,-4231.258617865581,696.3526999467426,0.0,0.0,-1608.9343022296464
bucket_3,30.564975440000012,-4852.0731,0.0,0.0,-516.59,-484.19,51.926416852995004,0.0,0.0,-5770.361707707005
