bucket,realized_pnl,unrealized_pnl,dividends,withholding_tax,pil_dividends,borrow_fees,short_credit_interest,other_fees,bond_interest,total_pnl
bucket_2,16169.475912659918,15062.650176270155,4.050757204943003,0.0,-15923.980000000001,-1520.9356478499649,124.85022947941434,0.0,0.0,13916.111427764465
bucket_1,110.87525309008254,7598.805465729847,434.759242795057,0.0,-723.86,-4334.774352150035,696.3526999467426,0.0,0.0,3782.1583094116945
bucket_3,539.5346780499999,-4874.899204,0.0,0.0,-215.67000000000002,-466.37,51.43707057384319,0.0,0.0,-4965.967455376156
