bucket,realized_pnl,unrealized_pnl,dividends,withholding_tax,pil_dividends,borrow_fees,short_credit_interest,other_fees,bond_interest,total_pnl
bucket_1,11063.066072329526,7598.805562507772,429.0892417499256,0.0,-3513.309226524933,-4318.494830810738,696.3526999467426,0.0,0.0,11955.509519198295
bucket_2,5217.2850934204735,15062.65007949223,9.720758250074438,0.0,-13134.530773475068,-1537.2151691892618,124.85022947941434,0.0,0.0,5742.760217977863
bucket_3,539.5346780499999,-4874.899204,0.0,0.0,-215.67000000000002,-466.37,51.43707057384319,0.0,0.0,-4965.967455376156
