bucket,realized_pnl,unrealized_pnl,dividends,withholding_tax,pil_dividends,borrow_fees,short_credit_interest,other_fees,bond_interest,total_pnl
bucket_2,13407.79571123323,13853.139409508643,-10.147981043974093,0.0,-15623.06,-1419.81,124.36088320026252,0.0,0.0,10332.278022898161
bucket_1,3342.7815781567692,8785.49012849136,448.9579810439741,0.0,-723.86,-4230.235,696.3526999467426,0.0,0.0,8319.487387638846
bucket_4,922.61986557,0.0,0.0,0.0,0.0,-8.505,0.0,0.0,0.0,914.1148655700001
bucket_3,30.564975440000012,-4852.0731,0.0,0.0,-516.59,-484.19,51.926416852995004,0.0,0.0,-5770.361707707005
