bucket,realized_pnl,unrealized_pnl,dividends,withholding_tax,pil_dividends,borrow_fees,short_credit_interest,other_fees,bond_interest,total_pnl
bucket_2,15146.204579495497,15222.346175243045,4.050757871778877,0.0,-15923.980000000001,-1469.155647864374,124.85022947941434,0.0,0.0,13104.316094225362
bucket_1,1134.1465862545024,7439.109466756956,434.75924212822116,0.0,-723.86,-4386.554352135626,696.3526999467426,0.0,0.0,4593.953642950798
bucket_3,539.5346780499999,-4874.899204,0.0,0.0,-215.67000000000002,-466.37,51.43707057384319,0.0,0.0,-4965.967455376156
