bucket,realized_pnl,unrealized_pnl,dividends,withholding_tax,pil_dividends,borrow_fees,short_credit_interest,other_fees,bond_interest,total_pnl
bucket_1,1850.2998998598514,48602.467705502946,249.54098897283868,0.0,-728.02,-4229.67,696.3526999467426,0.0,0.0,46440.97129428238
bucket_4,953.7925245033432,-4477.003648233261,0.0,0.0,0.0,-9.395624775877186,0.0,0.0,0.0,-3532.6067485057947
bucket_3,30.564975440000012,-4852.0731,0.0,0.0,-516.59,-484.19,51.926416852995004,0.0,0.0,-5770.361707707005
bucket_2,14869.104730726804,-21486.834519269687,189.26901102716133,0.0,-15618.9,-1419.484375224123,124.36088320026252,0.0,0.0,-23342.484269539582
