bucket,realized_pnl,unrealized_pnl,dividends,withholding_tax,pil_dividends,borrow_fees,short_credit_interest,other_fees,bond_interest,total_pnl
bucket_2,14706.575383232095,12786.549895252485,54.50645539500897,0.0,-15923.161609358527,-1469.1556478832406,124.85022947941434,0.0,0.0,10280.164706117235
bucket_1,1573.775782517905,9874.905746747518,384.30354460499103,0.0,-724.6783906414742,-4386.554352116759,696.3526999467426,0.0,0.0,7418.1050310589235
bucket_3,539.5346780499999,-4874.899204,0.0,0.0,-215.67000000000002,-466.37,51.43707057384319,0.0,0.0,-4965.967455376156
