bucket,realized_pnl,unrealized_pnl,dividends,withholding_tax,pil_dividends,borrow_fees,short_credit_interest,other_fees,bond_interest,total_pnl
bucket_2,14656.616124187953,11102.140497795914,43.126035200461644,0.0,-15623.06,-1419.81,124.36088320026252,0.0,0.0,8883.37354038459
bucket_1,2184.5948897441176,10442.622731472984,395.6839647995384,0.0,-723.86,-4230.235,696.3526999467426,0.0,0.0,8765.159285963384
bucket_4,831.9861410279289,1093.866308731106,0.0,0.0,0.0,-8.505,0.0,0.0,0.0,1917.3474497590348
bucket_3,30.564975440000012,-4852.0731,0.0,0.0,-516.59,-484.19,51.926416852995004,0.0,0.0,-5770.361707707005
