bucket,realized_pnl,unrealized_pnl,dividends,withholding_tax,pil_dividends,borrow_fees,short_credit_interest,other_fees,bond_interest,total_pnl
bucket_1,-745.6431520722621,15460.611464314175,433.44015129296565,0.0,-700.85,-4317.21,697.1322197469401,0.0,0.0,10827.480683281818
bucket_4,676.78988399,0.0,0.0,0.0,0.0,-5.4,0.0,0.0,0.0,671.38988399
bucket_2,4794.902966142261,5600.830962685825,15.029848707034368,0.0,-12176.77,-1040.08,122.38345566400648,0.0,0.0,-2683.702766800872
bucket_3,30.564975440000012,-4852.0731,0.0,0.0,-516.59,-484.19,53.124324589053614,0.0,0.0,-5769.1637999709465
