bucket,realized_pnl,unrealized_pnl,dividends,withholding_tax,pil_dividends,borrow_fees,short_credit_interest,other_fees,bond_interest,total_pnl
bucket_1,-558.9344250992721,14942.74016299179,433.7562177987515,0.0,-700.85,-4306.54,696.5598662288489,0.0,0.0,10506.731821920119
bucket_4,676.78988399,0.0,0.0,0.0,0.0,-5.4,0.0,0.0,0.0,671.38988399
bucket_2,4608.194239169272,6114.1777410082095,14.71378220124852,0.0,-12176.77,-1034.4199999999998,122.78256390470352,0.0,0.0,-2351.321673716566
bucket_3,30.564975440000012,-4852.0731,0.0,0.0,-516.59,-484.19,53.29756986644769,0.0,0.0,-5768.9905546935515
