bucket,realized_pnl,unrealized_pnl,dividends,withholding_tax,pil_dividends,borrow_fees,short_credit_interest,other_fees,bond_interest,total_pnl
bucket_1,1879.7830332260544,15687.549876208042,403.2330102075659,0.0,-723.86,-4386.32,696.3526999467426,0.0,0.0,13556.738619588406
bucket_2,14400.568132523946,6973.905765791959,35.576989792434155,0.0,-15923.980000000001,-1469.3899999999999,124.85022947941434,0.0,0.0,4141.531117587751
bucket_3,539.5346780499999,-4874.899204,0.0,0.0,-215.67000000000002,-466.37,51.43707057384319,0.0,0.0,-4965.967455376156
