bucket,realized_pnl,unrealized_pnl,dividends,withholding_tax,pil_dividends,borrow_fees,short_credit_interest,other_fees,bond_interest,total_pnl
bucket_1,1928.2392740273883,25745.288284704653,394.2329544464598,0.0,-700.85,-4364.44,695.630996433551,0.0,0.0,23698.10150961205
bucket_3,539.5346780499999,-4874.899204,0.0,0.0,-215.67000000000002,-466.37,51.647649070026475,0.0,0.0,-4965.756876879974
bucket_2,14660.98178948261,-3267.96860870465,44.577045553540174,0.0,-15923.980000000001,-1469.25,125.36135449642262,0.0,0.0,-5830.2784191720775
