bucket,realized_pnl,unrealized_pnl,dividends,withholding_tax,pil_dividends,borrow_fees,short_credit_interest,other_fees,bond_interest,total_pnl
bucket_2,16169.475912742051,15062.649967537443,4.050759686585759,0.0,-15923.980000000001,-1520.9356478738073,124.85022947941434,0.0,0.0,13916.111221571686
bucket_1,110.87525300794925,7598.805674462559,434.75924031341424,0.0,-723.86,-4334.774352126193,696.3526999467426,0.0,0.0,3782.1585156044735
bucket_3,539.5346780499999,-4874.899204,0.0,0.0,-215.67000000000002,-466.37,51.43707057384319,0.0,0.0,-4965.967455376156
