{
  "run_date": "2026-04-03",
  "fifo_summary_present": true,
  "total_realized_pnl": 16819.885843800002,
  "total_unrealized_pnl": 17786.556438,
  "total_dividends": 438.81000000000006,
  "total_withholding_tax": 0.0,
  "total_pil_dividends": -16863.510000000002,
  "total_borrow_fees": -6322.080000000001,
  "total_short_credit_interest": 872.6400000000001,
  "total_other_fees": 0.0,
  "total_bond_interest": 0.0,
  "total_pnl": 12732.302281799988,
  "excluded_cash_interest_base": -759.1551274,
  "borrow_mode": "borrow_fee_details_cumulative_by_symbol",
  "borrow_total_account_source": -6322.08,
  "borrow_details_file_present": true,
  "borrow_details_rows_cumulative": 260,
  "universe_source": "/home/runner/work/ls-algo/ls-algo/data/etf_screened_today.csv",
  "universe_allowed_etfs": 408,
  "universe_allowed_underlyings": 215,
  "kept_symbols": 439,
  "kept_underlyings": 175,
  "net_exposure_total": 1112.2374744369117,
  "gross_exposure_total": 2280331.7885255627,
  "net_exposure_bucket_1": 10.352048142798594,
  "gross_exposure_bucket_1": 2024387.7956370367,
  "net_exposure_bucket_2": 1101.8854262941115,
  "gross_exposure_bucket_2": 255943.99288852623,
  "net_exposure_bucket_3": 515195.2300661584,
  "gross_exposure_bucket_3": 515195.2300661584,
  "yfinance_override": false,
  "yfinance_symbols_overridden": 0,
  "bucket_pnl": {
    "bucket_1": 13556.738619588406,
    "bucket_2": 4141.531117587751,
    "bucket_3": -4965.967455376156
  }
}