bucket,realized_pnl,unrealized_pnl,dividends,withholding_tax,pil_dividends,borrow_fees,short_credit_interest,other_fees,bond_interest,total_pnl
bucket_1,39672.98922103673,42690.06943759075,673.4816833240288,-4.9600004643757165,-870.6165706426576,-31520.644822867813,5513.780165169001,-0.7000034916099731,0.0,56153.399109654056
bucket_2,91489.12535293508,148006.37677547746,37.17831667597113,-10.739999535624284,-180098.15342935733,-27075.360177132185,8175.773894523215,-1.119996508390027,0.0,40523.08073707818
bucket_3,31.060795170000013,6878.228505,0.0,0.0,-823.71,-2473.88,300.8585725395424,0.0,0.0,3912.5578727095426
bucket_5,0.0,262.997844,0.0,0.0,0.0,-214.98,205.72363590107994,0.0,0.0,253.74147990108008
bucket_4,-4634.711238911817,-12586.702241068206,0.0,0.0,0.0,-8178.955,1395.3937318671642,0.0,0.0,-24004.974748112858
