bucket,realized_pnl,unrealized_pnl,dividends,withholding_tax,pil_dividends,borrow_fees,short_credit_interest,other_fees,bond_interest,total_pnl
bucket_1,-7979.396296440007,57734.112859,658.7364975846621,-15.7,-732.16,-18650.33,1792.0458763264708,-1.82,0.0,32805.48893647111
bucket_4,676.78988399,17212.508875,30.72350241533791,0.0,0.0,-983.15,133.31279241759748,0.0,0.0,17070.185053822937
bucket_2,24933.51935641,46618.968603999994,-11.729999999999999,0.0,-51038.77,-6256.36,2738.709577267986,0.0,0.0,16984.33753767798
bucket_3,-383.08518752000003,10495.094332,0.0,0.0,-215.67000000000002,-1461.34,96.86175398794552,0.0,0.0,8531.860898467947
