bucket,realized_pnl,unrealized_pnl,dividends,withholding_tax,pil_dividends,borrow_fees,short_credit_interest,other_fees,bond_interest,total_pnl
bucket_1,-8005.525211386452,57734.112859,658.7364975846621,-15.7,-732.16,-18650.33,1792.0458763264708,-1.82,0.0,-61584.55441493442
bucket_4,741.86681299,17212.508875,30.72350241533791,0.0,0.0,-983.15,133.31279241759748,0.0,0.0,17135.261982822936
bucket_2,24894.571342796444,46618.968604,-11.73,0.0,-51038.77,-6256.36,2738.709577267986,0.0,0.0,111309.30396052344
bucket_3,-383.08518752,10495.094332,0.0,0.0,-215.67,-1461.34,96.86175398794552,0.0,0.0,8531.860898467947
