bucket,realized_pnl,unrealized_pnl,dividends,withholding_tax,pil_dividends,borrow_fees,short_credit_interest,other_fees,bond_interest,total_pnl
bucket_2,98366.52201875215,68127.4859778039,1.303786749691188,0.0,-51038.77,-6256.787945543076,2738.709577267986,0.0,0.0,111938.46341503065
bucket_4,584.55806899,17212.508875,30.721619340615295,0.0,0.0,-984.0280961224161,133.31279241759748,0.0,0.0,16977.0732596258
bucket_3,-383.08518752000003,10495.094332,0.0,0.0,-215.67000000000002,-1461.34,96.86175398794552,0.0,0.0,8531.860898467947
bucket_1,-81320.16714061216,36225.5954851961,645.7045939096935,-15.7,-732.16,-18649.02395833451,1792.0458763264708,-1.82,0.0,-62055.52514351442
