bucket,realized_pnl,unrealized_pnl,dividends,withholding_tax,pil_dividends,borrow_fees,short_credit_interest,other_fees,bond_interest,total_pnl
bucket_2,34221.331827168884,62480.972583516734,9.006390908155323,0.0,-50680.31,-6208.03,2736.6934804290368,0.0,0.0,42559.6642820228
bucket_1,-17680.858929868893,62118.42101121443,668.7236090918447,-15.7,-732.16,-18650.30344337513,1792.0458763264708,-1.82,0.0,27498.34812338872
bucket_3,30.564975440000012,10501.583063,0.0,0.0,-574.13,-1509.67,98.8778508268948,0.0,0.0,8547.225889266896
bucket_4,676.78988399,-3040.291987731166,0.0,0.0,0.0,-983.1765566248695,133.31279241759748,0.0,0.0,-3213.3658679484383
