bucket,realized_pnl,unrealized_pnl,dividends,withholding_tax,pil_dividends,borrow_fees,short_credit_interest,other_fees,bond_interest,total_pnl
bucket_2,42243.703409675494,63683.83254124188,9.006144744414543,0.0,-50680.31,-6208.03,2736.6934804290368,0.0,0.0,51784.89557609082
bucket_1,-16118.276978829024,43319.350212712605,668.7238552555855,-15.7,-732.16,-18650.30344337513,1792.0458763264708,-1.82,0.0,10261.859522090494
bucket_3,30.564975440000012,10501.583063,0.0,0.0,-574.13,-1509.67,98.8778508268948,0.0,0.0,8547.225889266896
bucket_4,-8908.163649956476,14555.918853045518,0.0,0.0,0.0,-983.1765566248695,133.31279241759748,0.0,0.0,4797.891438881772
