bucket,realized_pnl,unrealized_pnl,dividends,withholding_tax,pil_dividends,borrow_fees,short_credit_interest,other_fees,bond_interest,total_pnl
bucket_2,41775.179565403065,58427.00818261446,70.73446340806515,-9.166125493166442,-50581.07,-6220.73,2751.838342508763,-1.1097468298283524,0.0,46212.684681611354
bucket_1,-13767.952910862548,46967.58480434003,606.9955365919349,-6.533874506833557,-732.16,-18399.50344337513,1790.870289775655,-0.7102531701716478,0.0,16458.590148792933
bucket_3,30.564975440000012,10501.583063,0.0,0.0,-574.13,-1509.67,99.4250408663428,0.0,0.0,8547.773079306344
bucket_4,-11313.312442480521,11643.313151045519,0.0,0.0,0.0,-895.8465566248695,118.79632684923914,0.0,0.0,-447.0495212106323
