bucket,realized_pnl,unrealized_pnl,dividends,withholding_tax,pil_dividends,borrow_fees,short_credit_interest,other_fees,bond_interest,total_pnl
bucket_2,35984.09751429323,58261.9807207324,70.73446340806515,-9.166125493166442,-50581.07,-6220.73,2751.838342508763,-1.109746832564066,0.0,40256.57516861672
bucket_4,291.52393533000003,15014.529226120309,0.0,0.0,0.0,-896.225,118.79632684923914,0.0,0.0,14528.624488299549
bucket_3,30.564975440000012,10501.583063,0.0,0.0,-574.13,-1509.67,99.4250408663428,0.0,0.0,8547.773079306344
bucket_1,-19754.96505020324,43761.39619114731,606.9955365919349,-6.533874506833557,-732.16,-18393.465,1790.870289775655,-0.710253167435934,0.0,7271.42783963738
