bucket,realized_pnl,unrealized_pnl,dividends,withholding_tax,pil_dividends,borrow_fees,short_credit_interest,other_fees,bond_interest,total_pnl
bucket_2,35984.10048359095,56977.7922896339,70.73446340806515,-9.166125493166442,-50581.07,-6220.73,2751.838342508763,-1.1097468280045415,0.0,38972.389706820504
bucket_1,-19581.71020600095,52545.57242236424,606.9955365919349,-6.533874506833557,-732.16,-18399.125,1790.870289775655,-0.7102531719954586,0.0,16223.198915052042
bucket_3,30.564975440000012,10501.583063,0.0,0.0,-574.13,-1509.67,99.4250408663428,0.0,0.0,8547.773079306344
bucket_4,291.52393533000003,7514.541426001876,0.0,0.0,0.0,-896.225,118.79632684923914,0.0,0.0,7028.6366881811155
