bucket,realized_pnl,unrealized_pnl,dividends,withholding_tax,pil_dividends,borrow_fees,short_credit_interest,other_fees,bond_interest,total_pnl
bucket_2,30681.652251197174,35950.50583475396,50.05493084744792,-2.478009132809966,-30801.8,-3071.9625799270916,1790.3813247632809,-0.20583679186023077,0.0,34596.1479157101
bucket_1,-39343.01446162717,77337.67015424605,614.935069152552,-13.221990867190033,-722.79,-15099.337420072909,2521.8655661344396,-1.6141632081397692,0.0,25294.492753757622
bucket_3,30.564975440000012,9473.245094,0.0,0.0,-557.1800000000001,-1309.32,172.40054167339792,0.0,0.0,7809.710611113397
bucket_4,-4035.4853191,-4547.982089,0.0,0.0,0.0,-14.700000000000001,276.2825674288822,0.0,0.0,-8321.884840671117
