bucket,realized_pnl,unrealized_pnl,dividends,withholding_tax,pil_dividends,borrow_fees,short_credit_interest,other_fees,bond_interest,total_pnl
bucket_1,-20218.50755818455,77611.69652119679,624.3835087719299,-12.85,-722.79,-14498.17450853723,2531.7913569995135,-1.0222689460145538,0.0,45314.527051300465
bucket_2,26018.272592738147,38214.693864121866,40.606491228070176,-2.85,-30702.559999999998,-3059.53,1852.5876252639696,-0.7977310539854464,0.0,32360.42284229807
bucket_3,30.564975440000012,9473.245094,0.0,0.0,-557.1800000000001,-1309.32,178.39055047961406,0.0,0.0,7815.700619919613
bucket_4,-15060.968545763602,-6185.798122318663,0.0,0.0,0.0,-2.4354914627706385,198.16046725690308,0.0,0.0,-21051.041692288138
