bucket,realized_pnl,unrealized_pnl,dividends,withholding_tax,pil_dividends,borrow_fees,short_credit_interest,other_fees,bond_interest,total_pnl
bucket_2,124050.07341124868,98096.04954673101,211.3722524380109,-2.96037478354441,-30797.64,-3080.774898025241,1828.139128455704,-0.7880212573946044,0.0,190303.47104480723
bucket_4,4303.273503964453,3482.525234161305,30.739033648702016,0.0,0.0,-7.089421823290804,239.3579648544999,0.0,0.0,8048.806314805669
bucket_3,30.564975440000012,9473.245094,0.0,0.0,-557.1800000000001,-1309.32,176.03634021471274,0.0,0.0,7813.346409654712
bucket_1,-137138.75094707313,8678.178924107679,422.87871391328713,-12.73962521645559,-726.95,-14684.065680151469,2517.396566475083,-1.0319787426053957,0.0,-140945.0840266876
