bucket,realized_pnl,unrealized_pnl,dividends,withholding_tax,pil_dividends,borrow_fees,short_credit_interest,other_fees,bond_interest,total_pnl
bucket_2,96268.79592085144,69716.87501953852,1.3344558673370788,0.0,-31143.309999999998,-3090.9339893711326,1831.3096545871958,0.0,0.0,133584.07106147334
bucket_3,-383.08518752000003,9467.059716,0.0,0.0,-215.67000000000002,-1268.98,172.8658140832207,0.0,0.0,7772.19034256322
bucket_4,584.55806899,-14919.221432178878,30.728991929222406,0.0,0.0,-3.9271925857884713,239.3579648544999,0.0,0.0,-14068.503598990945
bucket_1,-105225.10785499142,55465.28549564036,632.9265522034406,-15.7,-722.79,-14717.408818043079,2517.396566475083,-1.82,0.0,-62067.218058715625
