bucket,realized_pnl,unrealized_pnl,dividends,withholding_tax,pil_dividends,borrow_fees,short_credit_interest,other_fees,bond_interest,total_pnl
bucket_2,25885.572371606213,38314.78420285164,40.606491228070176,-2.85,-30702.559999999998,-3059.53,1852.5876252639696,-0.7977311411591409,0.0,32327.81295980873
bucket_1,-35611.55763077622,73682.98669535024,624.3835087719299,-12.85,-722.79,-14489.535,2531.7913569995135,-1.0222688588408593,0.0,26001.40666148663
bucket_3,30.564975440000012,9473.245094,0.0,0.0,-557.1800000000001,-1309.32,178.39055047961406,0.0,0.0,7815.700619919613
bucket_4,291.52393533000003,-2357.1786352018626,0.0,0.0,0.0,-5.415,198.16046725690308,0.0,0.0,-1872.9092326149594
