bucket,realized_pnl,unrealized_pnl,dividends,withholding_tax,pil_dividends,borrow_fees,short_credit_interest,other_fees,bond_interest,total_pnl
bucket_2,26845.29899210975,42183.78483786232,8.996491228070175,0.0,-30801.8,-3046.83,1828.139128455704,0.0,0.0,37017.58944965585
bucket_1,-36116.746104943646,75322.29128745635,655.9935087719299,-15.7,-722.79,-14721.644508537229,2517.396566475083,-1.82,0.0,26916.98074922249
bucket_3,30.564975440000012,9473.245094,0.0,0.0,-557.1800000000001,-1309.32,176.03634021471274,0.0,0.0,7813.346409654712
bucket_4,486.0430831138938,-7249.322420318664,0.0,0.0,0.0,-3.455491462770639,239.3579648544999,0.0,0.0,-6527.3768638130405
