bucket,realized_pnl,unrealized_pnl,dividends,withholding_tax,pil_dividends,borrow_fees,short_credit_interest,other_fees,bond_interest,total_pnl
bucket_2,151321.37298209,163774.769473,508.05325356218196,-15.7,-30771.42,-3048.526265681993,1790.3813247632809,-1.57,0.0,283557.3607677335
bucket_3,30.564975440000012,9473.245094,0.0,0.0,-557.1800000000001,-1309.32,172.40054167339792,0.0,0.0,7809.710611113397
bucket_4,-4035.4853191,-4547.982089,30.727198345167704,0.0,0.0,-16.206358781473817,276.2825674288822,0.0,0.0,-8292.664001107423
bucket_1,-159982.73519252,-50486.593484,126.20954809265035,0.0,-753.17,-15121.267375536534,2521.8655661344396,-0.25,0.0,-223695.94093782944
