bucket,realized_pnl,unrealized_pnl,dividends,withholding_tax,pil_dividends,borrow_fees,short_credit_interest,other_fees,bond_interest,total_pnl
bucket_2,26692.44435618438,42463.14671289948,8.996491228070175,0.0,-30801.8,-3046.83,1828.139128455704,0.0,0.0,37144.096688767626
bucket_1,-36154.63826902438,82712.3807476403,655.9935087719299,-15.7,-722.79,-14721.644508537229,2517.396566475083,-1.82,0.0,34269.17804532572
bucket_3,30.564975440000012,9473.245094,0.0,0.0,-557.1800000000001,-1309.32,176.03634021471274,0.0,0.0,7813.346409654712
bucket_4,676.78988399,-14918.773755539785,0.0,0.0,0.0,-3.455491462770639,239.3579648544999,0.0,0.0,-14006.081398158056
