bucket,realized_pnl,unrealized_pnl,dividends,withholding_tax,pil_dividends,borrow_fees,short_credit_interest,other_fees,bond_interest,total_pnl
bucket_1,-32310.733854730002,77919.729476,645.9964975846622,-15.7,-722.79,-14719.07,2517.396566475083,-1.82,0.0,33313.00868532976
bucket_2,23262.190103189998,36019.360679,-11.729999999999999,0.0,-31143.309999999998,-3087.17,1831.3096545871958,0.0,0.0,26870.650436777196
bucket_3,-383.08518752000003,9467.059716,0.0,0.0,-215.67000000000002,-1268.98,172.8658140832207,0.0,0.0,7772.19034256322
bucket_4,676.78988399,-3676.151072,30.72350241533791,0.0,0.0,-6.03,239.3579648544999,0.0,0.0,-2735.309720740162
