bucket,realized_pnl,unrealized_pnl,dividends,withholding_tax,pil_dividends,borrow_fees,short_credit_interest,other_fees,bond_interest,total_pnl
bucket_1,-2604.628257294665,18118.49860079433,13.68524803552345,0.0,-28.3,-1078.16,211.25359177041057,0.0,0.0,14632.3491833056
bucket_4,-50.61125276990877,456.5461762573691,0.0,0.0,-12.1,-5.19,2.8274518704857186,0.0,0.0,391.47237535794625
bucket_3,413.65016296000005,19.242708999999998,0.0,0.0,-290.02,-25.17,0.6367897004599946,0.0,0.0,118.33966166046002
bucket_2,13168.231069934574,-21904.8149040517,9.644751964476551,0.0,-6677.9,-577.65,64.93216665864374,0.0,0.0,-15917.556915494004
