bucket,realized_pnl,unrealized_pnl,dividends,withholding_tax,pil_dividends,borrow_fees,short_credit_interest,other_fees,bond_interest,total_pnl
bucket_1,-100.42889948272796,6058.534401001517,26.59948017790765,0.0,-40.4,-1068.09,213.1419607794276,0.0,0.0,5089.356942476124
bucket_3,0.0,20.813146,0.0,0.0,0.0,-0.61,0.5498714977136343,0.0,0.0,20.753017497713635
bucket_2,11027.070624472728,-9389.874965001516,-3.269480177907649,0.0,-6967.92,-617.47,65.95816772285878,0.0,0.0,-5885.5056529838375
