bucket,realized_pnl,unrealized_pnl,dividends,withholding_tax,pil_dividends,borrow_fees,short_credit_interest,other_fees,bond_interest,total_pnl
bucket_2,17312.71158451,8275.093585999999,-9.999999999999998,0.0,-6967.92,-602.21,65.0190848613901,0.0,0.0,18072.69425537139
bucket_4,-0.47269883,1744.225058,0.0,0.0,-12.1,-5.19,2.8274518704857186,0.0,0.0,1729.2898110404858
bucket_3,0.0,20.813146,0.0,0.0,0.0,-0.61,0.5498714977136343,0.0,0.0,20.753017497713635
bucket_1,-6385.5971620400005,-13350.659208,33.33,0.0,-28.3,-1078.16,211.25359177041057,0.0,0.0,-20598.132778269588
