bucket,realized_pnl,unrealized_pnl,dividends,withholding_tax,pil_dividends,borrow_fees,short_credit_interest,other_fees,bond_interest,total_pnl
bucket_3,413.65016296000005,19.242708999999998,0.0,0.0,-290.02,-25.17,0.6486722386316384,0.0,0.0,118.35154419863166
bucket_1,-5148.152599459098,2506.643807548398,33.33,0.0,-40.4,-1066.67,215.65052122785323,0.0,0.0,-3499.598270682848
bucket_2,3424.6897794290985,-6994.920226548397,-0.34,0.0,-3595.62,-280.77,63.350806533515154,0.0,0.0,-7383.609640585784
