bucket,realized_pnl,unrealized_pnl,dividends,withholding_tax,pil_dividends,borrow_fees,short_credit_interest,other_fees,bond_interest,total_pnl
bucket_4,-0.47269883,2132.349792430462,0.0,0.0,-12.1,-5.19,2.8274518704857186,0.0,0.0,2117.414545470948
bucket_1,667.4074265569541,1384.2598161140304,33.33,0.0,-28.3,-1078.16,211.25359177041057,0.0,0.0,1189.7908344413938
bucket_3,413.65016296000005,19.242708999999998,0.0,0.0,-290.02,-25.17,0.6367897004599946,0.0,0.0,118.33966166046002
bucket_2,9846.056833773046,-6846.379735544493,-9.999999999999998,0.0,-6677.9,-577.65,64.93216665864374,0.0,0.0,-4200.940735112803
