bucket,realized_pnl,unrealized_pnl,dividends,withholding_tax,pil_dividends,borrow_fees,short_credit_interest,other_fees,bond_interest,total_pnl
bucket_1,-901.643393050608,20956.381266,0.0,0.0,-40.4,-1072.33,213.51801441139534,0.0,0.0,19155.525887360785
bucket_3,413.65016296000005,19.242708999999998,0.0,0.0,-290.02,-25.17,0.6422577029159218,0.0,0.0,118.34512966291594
bucket_4,-18.927870440634177,0.0,0.0,0.0,0.0,0.0,0.0,0.0,0.0,-18.927870440634177
bucket_2,10952.110581601242,-24433.281817,23.330000000000002,0.0,-6677.9,-571.99,65.4897278856888,0.0,0.0,-20642.24150751307
