bucket,realized_pnl,unrealized_pnl,dividends,withholding_tax,pil_dividends,borrow_fees,short_credit_interest,other_fees,bond_interest,total_pnl
bucket_1,2247.2268358509486,4887.270044436919,33.33,0.0,-28.3,-1078.16,211.25359177041057,0.0,0.0,6272.620472058277
bucket_4,-0.47269883,1744.225058,0.0,0.0,-12.1,-5.19,2.8274518704857186,0.0,0.0,1729.2898110404858
bucket_3,413.65016296000005,19.242708999999998,0.0,0.0,-290.02,-25.17,0.6367897004599946,0.0,0.0,118.33966166046002
bucket_2,8266.23742414905,-9961.265229436918,-9.999999999999998,0.0,-6677.9,-577.65,64.93216665864374,0.0,0.0,-8895.645638629223
