bucket,realized_pnl,unrealized_pnl,dividends,withholding_tax,pil_dividends,borrow_fees,short_credit_interest,other_fees,bond_interest,total_pnl
bucket_2,13724.200512858619,982.3142886194289,-9.999999999999998,0.0,-6967.92,-617.47,65.95816772285878,0.0,0.0,7177.082969200907
bucket_3,0.0,20.813146,0.0,0.0,0.0,-0.61,0.5498714977136343,0.0,0.0,20.753017497713635
bucket_1,-2797.5587878686188,-4313.654852619428,33.33,0.0,-40.4,-1068.09,213.1419607794276,0.0,0.0,-7973.231679708622
