bucket,realized_pnl,unrealized_pnl,dividends,withholding_tax,pil_dividends,borrow_fees,short_credit_interest,other_fees,bond_interest,total_pnl
bucket_3,413.65016296000005,19.242708999999998,0.0,0.0,-290.02,-25.17,0.6486722386316384,0.0,0.0,118.35154419863166
bucket_1,-4974.766698984249,2028.2086964912214,33.33,0.0,-40.4,-1072.33,215.65052122785323,0.0,0.0,-3810.3074812651757
bucket_2,3251.3038789542497,-6516.485115491221,-0.34,0.0,-3595.62,-275.11,63.350806533515154,0.0,0.0,-7072.900430003456
