bucket,realized_pnl,unrealized_pnl,dividends,withholding_tax,pil_dividends,borrow_fees,short_credit_interest,other_fees,bond_interest,total_pnl
bucket_2,21540.37613877996,25584.060956706264,23.176491228070176,0.0,-24132.36,-2241.57,380.4241944058487,0.0,0.0,21154.107781120143
bucket_3,30.564975440000012,5349.880767,0.0,0.0,-539.9300000000001,-1030.53,92.52202523589305,0.0,0.0,3902.507767675893
bucket_4,291.52393533000003,0.0,0.0,0.0,0.0,-14.835,0.0,0.0,0.0,276.68893533
bucket_1,1981.9071208300375,3293.679284293741,553.5935087719298,-7.89,-716.44,-9256.255,1742.2437803582584,0.0,0.0,-2409.161305746041
