bucket,realized_pnl,unrealized_pnl,dividends,withholding_tax,pil_dividends,borrow_fees,short_credit_interest,other_fees,bond_interest,total_pnl
bucket_2,40047.65969374,78345.993052,427.163253562182,-7.89,-24201.22,-2230.566265681993,371.8943339150694,0.0,0.0,92753.03406753525
bucket_3,30.564975440000012,5349.880767,0.0,0.0,-539.9300000000001,-1030.53,90.44749901176814,0.0,0.0,3900.4332414517676
bucket_4,676.78988399,0.0,30.727198345167704,0.0,0.0,-6.906358781473816,0.0,0.0,0.0,700.6107235536939
bucket_1,-12140.416696810002,-53291.21967,118.87954809265035,0.0,-746.82,-9681.887375536533,1752.8481670731626,0.0,0.0,-73988.61602718072
