bucket,realized_pnl,unrealized_pnl,dividends,withholding_tax,pil_dividends,borrow_fees,short_credit_interest,other_fees,bond_interest,total_pnl
bucket_2,23190.8157967,22991.829052,-10.149999999999999,0.0,-24555.86,-2259.42,377.6701051109729,0.0,0.0,19734.88495381097
bucket_3,-383.08518752000003,5335.755389,0.0,0.0,-215.67000000000002,-999.98,89.98913594516769,0.0,0.0,3827.0093374251674
bucket_4,676.78988399,0.0,30.72350241533791,0.0,0.0,-15.45,0.0,0.0,0.0,692.063386405338
bucket_1,1250.8642729999979,6314.756541000004,556.1964975846621,-7.89,-716.44,-9407.96,1747.5307589438598,0.0,0.0,-262.9419294714805
