bucket,realized_pnl,unrealized_pnl,dividends,withholding_tax,pil_dividends,borrow_fees,short_credit_interest,other_fees,bond_interest,total_pnl
bucket_1,6061.391971773311,8918.189242131297,521.0568023737627,-4.839881271635021,-716.44,-9726.092239616222,1747.01861200569,0.0,0.0,6800.284507396196
bucket_2,9111.122512286689,17386.201048868705,65.37319762623733,-3.0501187283649793,-20683.86,-1830.807760383777,378.19119595948104,0.0,0.0,4423.170075628969
bucket_3,30.564975440000012,5349.880767,0.0,0.0,-539.9300000000001,-1030.53,89.98019203482872,0.0,0.0,3899.9659344748284
bucket_4,676.78988399,0.0,0.0,0.0,0.0,-5.4,0.0,0.0,0.0,671.38988399
