bucket,realized_pnl,unrealized_pnl,dividends,withholding_tax,pil_dividends,borrow_fees,short_credit_interest,other_fees,bond_interest,total_pnl
bucket_2,9623.589818443295,18073.540817317342,65.37319306095856,-3.0501187283649793,-20683.86,-1827.987760383777,365.3616910485422,0.0,0.0,5612.9676407579955
bucket_1,5548.924665616703,8230.84947368266,521.0568069390415,-4.839881271635021,-716.44,-9728.912239616224,1759.848116916629,0.0,0.0,5610.486942267172
bucket_3,30.564975440000012,5349.880767,0.0,0.0,-539.9300000000001,-1030.53,89.98019203482872,0.0,0.0,3899.9659344748284
bucket_4,676.78988399,0.0,0.0,0.0,0.0,-5.4,0.0,0.0,0.0,671.38988399
