bucket,realized_pnl,unrealized_pnl,dividends,withholding_tax,pil_dividends,borrow_fees,short_credit_interest,other_fees,bond_interest,total_pnl
bucket_2,9730.600332252356,19911.408090546287,14.780053775202587,0.0,-20683.86,-1798.0379089571152,366.0725179185199,0.0,0.0,7540.9630855352525
bucket_3,30.564975440000012,5349.880767,0.0,0.0,-539.9300000000001,-1030.53,90.15525236499238,0.0,0.0,3900.140994804992
bucket_1,5441.914151807643,5655.650568453714,571.6499462247974,-7.89,-716.44,-9743.562091042884,1758.962229716488,0.0,0.0,2960.2848051597484
bucket_4,676.78988399,0.0,0.0,0.0,0.0,-5.4,0.0,0.0,0.0,671.38988399
