bucket,realized_pnl,unrealized_pnl,dividends,withholding_tax,pil_dividends,borrow_fees,short_credit_interest,other_fees,bond_interest,total_pnl
bucket_2,41256.58715087844,30230.468928523744,234.71809953915667,-7.2215780730897015,-24227.440000000002,-2256.249129912939,376.1715024807671,0.0,0.0,45607.03497343608
bucket_3,30.564975440000012,5349.880767,0.0,0.0,-539.9300000000001,-1030.53,91.48773857537347,0.0,0.0,3901.4734810153727
bucket_4,528.7882629606466,0.0,30.739033648702016,0.0,0.0,-6.906659739650117,0.0,0.0,0.0,552.6206368696985
bucket_1,-17080.555626719088,-938.0087135237379,311.31286681214135,-0.668421926910299,-720.6,-9389.12421034741,1747.5307589438598,0.0,0.0,-26070.11334676115
