bucket,realized_pnl,unrealized_pnl,dividends,withholding_tax,pil_dividends,borrow_fees,short_credit_interest,other_fees,bond_interest,total_pnl
bucket_2,20574.269530921927,25845.007924901118,10.579175314952396,0.0,-24231.600000000002,-2228.87,376.1715024807671,0.0,0.0,20345.55813361876
bucket_3,30.564975440000012,5349.880767,0.0,0.0,-539.9300000000001,-1030.53,91.48773857537347,0.0,0.0,3901.4734810153727
bucket_4,676.78988399,0.0,0.0,0.0,0.0,-15.855,0.0,0.0,0.0,660.93488399
bucket_1,3453.760371938074,3447.4522900988914,566.1908246850476,-7.89,-716.44,-9407.555,1747.5307589438598,0.0,0.0,-916.9507543341363
