bucket,realized_pnl,unrealized_pnl,dividends,withholding_tax,pil_dividends,borrow_fees,short_credit_interest,other_fees,bond_interest,total_pnl
bucket_2,20563.896269549972,25841.677659448673,10.579243628087402,0.0,-24231.600000000002,-2228.87,376.1715024807671,0.0,0.0,20331.854675107497
bucket_3,30.564975440000012,5349.880767,0.0,0.0,-539.9300000000001,-1030.53,91.48773857537347,0.0,0.0,3901.4734810153727
bucket_4,676.78988399,0.0,0.0,0.0,0.0,-15.855,0.0,0.0,0.0,660.93488399
bucket_1,3464.133633310029,3450.7825555513336,566.1907563719126,-7.89,-716.44,-9407.555,1747.5307589438598,0.0,0.0,-903.247295822873
