bucket,realized_pnl,unrealized_pnl,dividends,withholding_tax,pil_dividends,borrow_fees,short_credit_interest,other_fees,bond_interest,total_pnl
bucket_2,23145.23085545,21254.936727,-10.149999999999999,0.0,-27814.2,-2681.9,700.0232929215881,0.0,0.0,14593.940875371587
bucket_1,1422.9728492799982,18023.215186999998,615.0864975846621,-10.739999999999998,-716.44,-11774.4,3911.221633774712,-0.25,0.0,11470.66616763938
bucket_3,-383.08518752000003,9811.605384,0.0,0.0,-215.67000000000002,-1135.32,149.68507330370045,0.0,0.0,8227.215269783701
bucket_4,676.78988399,0.0,30.72350241533791,0.0,0.0,-6.03,0.0,0.0,0.0,701.4833864053379
