bucket,realized_pnl,unrealized_pnl,dividends,withholding_tax,pil_dividends,borrow_fees,short_credit_interest,other_fees,bond_interest,total_pnl
bucket_2,20115.098760783363,36044.29016826745,10.579218796733413,0.0,-27481.45,-2647.14,697.2026477908579,0.0,0.0,26738.580795638398
bucket_3,30.564975440000012,9812.310759,0.0,0.0,-548.42,-1170.08,152.50571843443072,0.0,0.0,8276.881452874431
bucket_4,676.78988399,0.0,0.0,0.0,0.0,-6.4350000000000005,0.0,0.0,0.0,670.3548839900001
bucket_1,4039.454776896638,3233.1563707325467,625.0807812032666,-10.739999999999998,-716.44,-11773.995,3911.221633774712,-0.25,0.0,-692.5114373928225
