bucket,realized_pnl,unrealized_pnl,dividends,withholding_tax,pil_dividends,borrow_fees,short_credit_interest,other_fees,bond_interest,total_pnl
bucket_2,8956.394233423764,26032.380275492425,59.29580420222882,-2.593421407456103,-23904.34,-2234.3427295187103,685.2065268722056,0.0,0.0,9592.000689064458
bucket_1,5794.422003816234,11660.275934507577,586.0241957977712,-8.146578592543896,-716.44,-12147.97727048129,3924.9740748707136,-0.25,0.0,9092.882359918462
bucket_3,30.564975440000012,9812.310759,0.0,0.0,-548.42,-1170.08,150.7493982570812,0.0,0.0,8275.125132697081
bucket_4,676.78988399,0.0,0.0,0.0,0.0,-5.4,0.0,0.0,0.0,671.38988399
