bucket,realized_pnl,unrealized_pnl,dividends,withholding_tax,pil_dividends,borrow_fees,short_credit_interest,other_fees,bond_interest,total_pnl
bucket_2,39433.45344021086,99482.33896530543,243.5152413420941,-8.575973006359217,-27477.29,-2650.2099913753636,697.2026477908579,0.0,0.0,109720.43433026751
bucket_3,30.564975440000012,9812.310759,0.0,0.0,-548.42,-1170.08,152.50571843443072,0.0,0.0,8276.881452874431
bucket_4,528.7882629606466,0.0,30.739033648702016,0.0,0.0,-6.906659739650117,0.0,0.0,0.0,552.6206368696985
bucket_1,-15130.898280811512,-60204.89242630543,361.40572500920393,-2.1640269936407828,-720.6,-11770.453348884987,3911.221633774712,-0.25,0.0,-83556.63072421165
