bucket,realized_pnl,unrealized_pnl,dividends,withholding_tax,pil_dividends,borrow_fees,short_credit_interest,other_fees,bond_interest,total_pnl
bucket_2,41239.24434114,284491.701932,473.05325356218196,-10.739999999999998,-27451.07,-2648.836265681993,688.5996218690718,0.0,0.0,296781.95288288925
bucket_3,30.564975440000012,9812.310759,0.0,0.0,-548.42,-1170.08,150.62389734113853,0.0,0.0,8274.999631781138
bucket_4,676.78988399,0.0,30.727198345167704,0.0,0.0,-6.906358781473816,0.0,0.0,0.0,700.6107235536939
bucket_1,-13205.477708970002,-248782.442226,131.87954809265034,0.0,-746.82,-12104.297375536533,3921.70648078979,-0.25,0.0,-270785.7012816241
