bucket,realized_pnl,unrealized_pnl,dividends,withholding_tax,pil_dividends,borrow_fees,short_credit_interest,other_fees,bond_interest,total_pnl
bucket_2,21071.202103063486,35606.35759803067,23.176491228070176,0.0,-27382.21,-2635.55,704.8354122434062,0.0,0.0,27387.811604565635
bucket_3,30.564975440000012,9812.310759,0.0,0.0,-548.42,-1170.08,154.1753050749362,0.0,0.0,8278.551039514936
bucket_4,291.52393533000003,0.0,0.0,0.0,0.0,-5.415,0.0,0.0,0.0,286.10893533
bucket_1,2577.6047913665107,3047.1189669693276,612.4835087719298,-10.739999999999998,-716.44,-11612.945,3901.9192826816575,-0.25,0.0,-2201.2484502105685
