bucket,realized_pnl,unrealized_pnl,dividends,withholding_tax,pil_dividends,borrow_fees,short_credit_interest,other_fees,bond_interest,total_pnl
bucket_2,20116.577991007918,36044.4158019128,10.579151098759109,0.0,-27481.45,-2647.14,697.2026477908579,0.0,0.0,26740.185591810332
bucket_3,30.564975440000012,9812.310759,0.0,0.0,-548.42,-1170.08,152.50571843443072,0.0,0.0,8276.881452874431
bucket_4,676.78988399,0.0,0.0,0.0,0.0,-6.4350000000000005,0.0,0.0,0.0,670.3548839900001
bucket_1,4037.9755466720803,3233.030737087195,625.0808489012409,-10.739999999999998,-716.44,-11773.995,3911.221633774712,-0.25,0.0,-694.1162335647584
