bucket,realized_pnl,unrealized_pnl,dividends,withholding_tax,pil_dividends,borrow_fees,short_credit_interest,other_fees,bond_interest,total_pnl
bucket_1,55942.7370660363,15708.528759001732,685.3526676177707,-6.420006847806819,-863.54,-28935.94065323242,2926.3505946747787,-0.7000958144707395,0.0,45456.36833143589
bucket_2,81551.94257778024,118460.98842941897,23.10733238222923,-10.739993152193179,-155628.68,-23273.84434676758,5182.67347087732,-1.1199041855292606,0.0,26304.32756635345
bucket_3,31.060795170000013,7455.148506,0.0,0.0,-815.61,-2262.48,148.75432096232174,0.0,0.0,4556.873622132322
bucket_5,0.0,382.493064,0.0,0.0,0.0,-145.61,99.44469789206252,0.0,0.0,336.3277618920624
bucket_4,-4555.945339296532,-1130.709724420708,0.0,0.0,0.0,-6306.1449999999995,602.9669155935168,0.0,0.0,-11389.833148123724
