bucket,realized_pnl,unrealized_pnl,dividends,withholding_tax,pil_dividends,borrow_fees,short_credit_interest,other_fees,bond_interest,total_pnl
bucket_1,55800.96739693264,15708.529097405799,685.3526676190389,-6.420006848073224,-863.54,-28935.94065323242,2926.3505946747787,-0.7000958144871133,0.0,45314.59900073729
bucket_2,81693.71425007546,118460.9880910149,23.107332380961026,-10.739993151926775,-155628.68,-23273.84434676758,5182.67347087732,-1.1199041855128868,0.0,26446.098900243625
bucket_3,31.060795170000013,7455.148506,0.0,0.0,-815.61,-2262.48,148.75432096232174,0.0,0.0,4556.873622132322
bucket_5,0.0,382.493064,0.0,0.0,0.0,-145.61,99.44469789206252,0.0,0.0,336.3277618920624
bucket_4,-4555.9473424881035,-1130.709724420708,0.0,0.0,0.0,-6306.1449999999995,602.9669155935168,0.0,0.0,-11389.835151315296
