bucket,realized_pnl,unrealized_pnl,dividends,withholding_tax,pil_dividends,borrow_fees,short_credit_interest,other_fees,bond_interest,total_pnl
bucket_2,15286.416391179731,4007.1777082313574,-9.999999999999998,0.0,-8916.16,-779.67,142.30982801230977,0.0,0.0,9730.073927423398
bucket_4,867.231861180574,1070.288275202321,0.0,0.0,0.0,-8.505,0.0,0.0,0.0,1929.015136382895
bucket_3,1.057084140000029,-2265.641987,0.0,0.0,-292.2,-81.1,49.018371959452374,0.0,0.0,-2588.8665309005473
bucket_1,-182.81446898030623,-2493.5070014336784,44.730000000000004,0.0,-50.4,-1802.085,681.3118000282379,0.0,0.0,-3802.7646703857454
