bucket,realized_pnl,unrealized_pnl,dividends,withholding_tax,pil_dividends,borrow_fees,short_credit_interest,other_fees,bond_interest,total_pnl
bucket_2,15331.64981913995,5662.9579939962505,-9.999999999999998,0.0,-9208.36,-822.9923106675848,144.76752878532875,0.0,0.0,11098.023031253944
bucket_3,510.02678675,-2269.71155,0.0,0.0,0.0,-63.89,48.74970450541969,0.0,0.0,-1774.8250587445805
bucket_1,130.21425992005004,-3892.4893339962514,44.730000000000004,0.0,-50.4,-1794.7876893324153,679.1227667092516,0.0,0.0,-4883.609996699365
