bucket,realized_pnl,unrealized_pnl,dividends,withholding_tax,pil_dividends,borrow_fees,short_credit_interest,other_fees,bond_interest,total_pnl
bucket_4,676.78988399,0.0,0.0,0.0,0.0,-5.4,0.0,0.0,0.0,671.38988399
bucket_1,-1449.42500168195,2598.4758266734725,44.730000000000004,0.0,-50.4,-1794.25,684.8392597215093,0.0,0.0,33.97008471303477
bucket_3,1.057084140000029,-2265.641987,0.0,0.0,-292.2,-81.1,49.52383048151114,0.0,0.0,-2588.3610723784886
bucket_2,4335.13175205195,-2075.942595673475,-0.34,0.0,-5692.36,-472.77,138.2769097969797,0.0,0.0,-3768.0039338245456
