bucket,realized_pnl,unrealized_pnl,dividends,withholding_tax,pil_dividends,borrow_fees,short_credit_interest,other_fees,bond_interest,total_pnl
bucket_2,17656.28219818,9725.466989,-9.999999999999998,0.0,-9208.36,-803.44,142.5027808105895,0.0,0.0,17502.45196799059
bucket_4,922.61986557,0.0,0.0,0.0,0.0,-8.1,0.0,0.0,0.0,914.5198655700001
bucket_3,-412.59307882,-2269.71155,0.0,0.0,0.0,-56.42,48.825419161172626,0.0,0.0,-2689.899209658827
bucket_1,-2194.4181176100005,-7137.438443999999,44.730000000000004,0.0,-50.4,-1803.4,681.3118000282379,0.0,0.0,-10459.61476158176
