bucket,realized_pnl,unrealized_pnl,dividends,withholding_tax,pil_dividends,borrow_fees,short_credit_interest,other_fees,bond_interest,total_pnl
bucket_2,15367.88183696511,3902.265331815003,-9.999999999999998,0.0,-8916.16,-779.67,142.30982801230977,0.0,0.0,9706.626996792424
bucket_4,922.61986557,8185.140835839426,0.0,0.0,0.0,-282.3653854058273,20.647414959298157,0.0,0.0,8846.042730962898
bucket_3,1.057084140000029,-2265.641987,0.0,0.0,-292.2,-81.1,49.018371959452374,0.0,0.0,-2588.8665309005473
bucket_1,-319.6679182751119,-9503.447185654428,44.730000000000004,0.0,-50.4,-1528.2246145941729,660.6643850689397,0.0,0.0,-10696.345333454772
