bucket,realized_pnl,unrealized_pnl,dividends,withholding_tax,pil_dividends,borrow_fees,short_credit_interest,other_fees,bond_interest,total_pnl
bucket_2,15368.860270409641,459.9178823051601,-9.999999999999998,0.0,-8916.16,-779.67,142.30982801230977,0.0,0.0,6265.25798072711
bucket_4,922.61986557,0.0,0.0,0.0,0.0,-8.505,0.0,0.0,0.0,914.1148655700001
bucket_1,-320.6463529296421,2124.04109969484,44.730000000000004,0.0,-50.4,-1802.085,681.3118000282379,0.0,0.0,676.9515467934386
bucket_3,1.057084140000029,-2265.641987,0.0,0.0,-292.2,-81.1,49.018371959452374,0.0,0.0,-2588.8665309005473
