bucket,realized_pnl,unrealized_pnl,dividends,withholding_tax,pil_dividends,borrow_fees,short_credit_interest,other_fees,bond_interest,total_pnl
bucket_4,676.78988399,0.0,0.0,0.0,0.0,-5.4,0.0,0.0,0.0,671.38988399
bucket_1,-1605.1987393864347,2755.201769976477,44.730000000000004,0.0,-50.4,-1790.6,685.1774303382392,0.0,0.0,38.91046092828217
bucket_3,1.057084140000029,-2265.641987,0.0,0.0,-292.2,-81.1,49.43465349385961,0.0,0.0,-2588.4502493661403
bucket_2,4490.905489756434,-2230.064147976478,-0.34,0.0,-5692.36,-478.43,138.02791616790125,0.0,0.0,-3772.2607420521435
