bucket,realized_pnl,unrealized_pnl,dividends,withholding_tax,pil_dividends,borrow_fees,short_credit_interest,other_fees,bond_interest,total_pnl
bucket_1,505.6915695199993,46063.285049,0.0,0.0,-50.4,-1785.2998761585916,678.7413996173777,0.0,0.0,45412.018141978784
bucket_4,676.78988399,0.0,0.0,0.0,0.0,-7.150615658535527,0.0,0.0,0.0,669.6392683314646
bucket_3,1.057084140000029,-2265.641987,0.0,0.0,-292.2,-81.1,49.67005924775859,0.0,0.0,-2588.2148436122416
bucket_2,14061.07010287,-44694.833463,34.730000000000004,0.0,-8916.16,-774.159508182873,144.22854113486375,0.0,0.0,-40145.12432717801
