bucket,realized_pnl,unrealized_pnl,dividends,withholding_tax,pil_dividends,borrow_fees,short_credit_interest,other_fees,bond_interest,total_pnl
bucket_1,788.1243726292698,9730.66397553461,38.212020737014925,0.0,-50.4,-1794.74,679.1227667092516,0.0,0.0,9390.983135610146
bucket_3,510.02678675,-2269.71155,0.0,0.0,0.0,-63.89,48.74970450541969,0.0,0.0,-1774.8250587445805
bucket_2,14673.73970643073,-7960.195315534609,-3.4820207370149197,0.0,-9208.36,-823.04,144.76752878532875,0.0,0.0,-3176.5701010555667
