bucket,realized_pnl,unrealized_pnl,dividends,withholding_tax,pil_dividends,borrow_fees,short_credit_interest,other_fees,bond_interest,total_pnl
bucket_2,5622.851595619462,5580.290891732074,-10.0,0.0,-6622.839214108229,-580.3940848626053,141.64256575923176,0.0,0.0,4131.551754139933
bucket_1,9839.012483440538,-3859.5502637320737,44.730000000000004,0.0,-2635.920785891772,-2040.4759151373946,682.4757336811624,0.0,0.0,2030.2712523604612
bucket_3,510.02678675,-2269.71155,0.0,0.0,0.0,-63.89,48.52170055960593,0.0,0.0,-1775.0530626903942
