bucket,realized_pnl,unrealized_pnl,dividends,withholding_tax,pil_dividends,borrow_fees,short_credit_interest,other_fees,bond_interest,total_pnl
bucket_1,-1276.374519092295,18227.38050378092,21.159983036414957,0.0,-50.4,-1800.0334320354996,681.3118000282379,0.0,0.0,15803.044335717783
bucket_4,901.2518653480654,-1580.393374465339,0.0,0.0,0.0,-9.39657335900152,0.0,0.0,0.0,-688.538082476275
bucket_3,1.057084140000029,-2265.641987,0.0,0.0,-292.2,-81.1,49.018371959452374,0.0,0.0,-2588.8665309005473
bucket_2,16345.956436534228,-14063.028147315585,13.570016963585047,0.0,-8916.16,-780.829994605499,142.30982801230977,0.0,0.0,-7258.181860410961
