{
  "run_date": "2026-03-10",
  "fifo_summary_present": true,
  "total_realized_pnl": 15971.890865809997,
  "total_unrealized_pnl": -548.9709220000004,
  "total_dividends": 34.730000000000004,
  "total_withholding_tax": 0.0,
  "total_pil_dividends": -9258.76,
  "total_borrow_fees": -2684.76,
  "total_short_credit_interest": 872.64,
  "total_other_fees": 0.0,
  "total_bond_interest": 0.0,
  "total_pnl": 4386.76994381001,
  "excluded_cash_interest_base": -759.1551274,
  "borrow_mode": "borrow_fee_details_cumulative_by_symbol",
  "borrow_total_account_source": -2684.7599999999998,
  "borrow_details_file_present": true,
  "borrow_details_rows_cumulative": 245,
  "universe_source": "/home/runner/work/ls-algo/ls-algo/data/etf_screened_today.csv",
  "universe_allowed_etfs": 392,
  "universe_allowed_underlyings": 207,
  "kept_symbols": 389,
  "kept_underlyings": 151,
  "net_exposure_total": 25342.617382757307,
  "gross_exposure_total": 2150705.3014172427,
  "net_exposure_bucket_1": 22712.49031917214,
  "gross_exposure_bucket_1": 2028427.1596362982,
  "net_exposure_bucket_2": 2630.1270635851633,
  "gross_exposure_bucket_2": 122278.14178094474,
  "net_exposure_bucket_3": 83080.63631855,
  "gross_exposure_bucket_3": 83080.63631855,
  "yfinance_override": false,
  "yfinance_symbols_overridden": 0,
  "bucket_pnl": {
    "bucket_2": 4131.551754139933,
    "bucket_1": 2030.2712523604612,
    "bucket_3": -1775.0530626903942
  }
}