bucket,realized_pnl,unrealized_pnl,dividends,withholding_tax,pil_dividends,borrow_fees,short_credit_interest,other_fees,bond_interest,total_pnl
bucket_1,-11484.88214379082,65979.44349599675,690.6681334340738,-6.430996958743621,-725.54,-26643.71970491336,2126.9562190620277,-0.700156981914728,0.0,29935.79484584801
bucket_4,295.93541793,28353.86900147765,0.0,0.0,0.0,-4637.465,473.31003003749663,0.0,0.0,24485.649449445147
bucket_3,31.060795170000013,4205.268515,0.0,0.0,-604.89,-2016.49,206.63147720621802,0.0,0.0,1821.580787376217
bucket_5,0.0,300.205375,0.0,0.0,0.0,-84.47,33.896460212006225,0.0,0.0,249.6318352120062
bucket_2,45951.83725590082,72366.3254905256,-21.978133434073683,-10.72900304125638,-125812.84,-18909.615295086638,6119.395813482252,-1.1198430180852723,0.0,-20318.723714671385
