bucket,realized_pnl,unrealized_pnl,dividends,withholding_tax,pil_dividends,borrow_fees,short_credit_interest,other_fees,bond_interest,total_pnl
bucket_1,-6445.893893340077,79302.52966290762,690.6681334340738,-6.430996958743621,-725.54,-26643.71970491336,2126.9562190620277,-0.700156981914728,0.0,48297.869263209635
bucket_2,54815.06788637359,94149.97731909237,-21.978133434073683,-10.72900304125638,-125812.84,-18909.615295086638,6119.395813482252,-1.1198430180852723,0.0,10328.158744368158
bucket_3,31.060795170000013,4205.268515,0.0,0.0,-604.89,-2016.49,206.63147720621802,0.0,0.0,1821.580787376217
bucket_5,0.0,300.205375,0.0,0.0,0.0,-84.47,33.896460212006225,0.0,0.0,249.6318352120062
bucket_4,-13606.283462993517,-6752.868994,0.0,0.0,0.0,-4637.465,473.31003003749663,0.0,0.0,-24523.30742695602
