bucket,realized_pnl,unrealized_pnl,dividends,withholding_tax,pil_dividends,borrow_fees,short_credit_interest,other_fees,bond_interest,total_pnl
bucket_1,-10891.16210004225,64886.38484235541,739.08216411538,-17.16,-725.54,-27536.697243149356,2155.768990128894,-1.82,0.0,28608.856653408064
bucket_2,63506.049840852254,102052.45778278372,-79.98591726738263,0.0,-131841.71,-19496.52,5711.981262486337,0.0,0.0,19852.272968854926
bucket_3,31.060795170000013,4205.268515,0.0,0.0,-604.89,-2016.49,192.87445395204014,0.0,0.0,1807.8237641220403
bucket_5,0.0,300.205375,0.0,0.0,0.0,-84.47,31.639715994350052,0.0,0.0,247.37509099435
bucket_4,338.74378719000003,2717.111910860875,-0.06624684799732952,0.0,0.0,-5807.052756850644,867.9255774383795,0.0,0.0,-1883.3377282093873
