bucket,realized_pnl,unrealized_pnl,dividends,withholding_tax,pil_dividends,borrow_fees,short_credit_interest,other_fees,bond_interest,total_pnl
bucket_2,10241.552331318127,26333.89818439726,12.11,0.0,-17397.77,-1584.08,356.31711175359334,0.0,0.0,17962.027627468986
bucket_3,30.564975440000012,6933.755803,0.0,0.0,-532.03,-959.09,82.00737640173497,0.0,0.0,5555.208154841735
bucket_4,633.98151474,0.0,0.0,0.0,0.0,-6.4350000000000005,0.0,0.0,0.0,627.54651474
bucket_1,1061.353077131869,-533.6804783972635,574.32,-7.89,-716.44,-8412.645,1776.8655118446716,0.0,0.0,-6258.116889420717
