bucket,realized_pnl,unrealized_pnl,dividends,withholding_tax,pil_dividends,borrow_fees,short_credit_interest,other_fees,bond_interest,total_pnl
bucket_2,9862.76844212,19518.267989,-0.49,0.0,-17714.13,-1612.63,357.6118623394156,0.0,0.0,10411.398293459415
bucket_3,-383.08518752000003,6921.7396100000005,0.0,0.0,-215.67000000000002,-930.54,80.71262581591267,0.0,0.0,5473.157048295913
bucket_1,1810.9787636499973,6293.965910000003,556.1880932341886,-7.89,-716.44,-8412.08,1776.8655118446716,0.0,0.0,1301.5882787288667
bucket_4,676.78988399,0.0,30.73190676581141,0.0,0.0,-7.0,0.0,0.0,0.0,700.5217907558115
