bucket,realized_pnl,unrealized_pnl,dividends,withholding_tax,pil_dividends,borrow_fees,short_credit_interest,other_fees,bond_interest,total_pnl
bucket_2,8938.920520968251,19044.326262232556,67.90534230548514,-3.242770131638425,-17397.77,-1609.28,352.35885281195164,0.0,0.0,9393.218208186607
bucket_3,30.564975440000012,6933.755803,0.0,0.0,-532.03,-959.09,81.0963720738058,0.0,0.0,5554.297150513807
bucket_1,6200.389612091745,2374.264610767444,518.5246576945149,-4.647229868361575,-716.44,-8624.62,1781.7347751142424,0.0,0.0,1529.2064257995946
bucket_4,676.78988399,0.0,0.0,0.0,0.0,-5.4,0.0,0.0,0.0,671.38988399
