bucket,realized_pnl,unrealized_pnl,dividends,withholding_tax,pil_dividends,borrow_fees,short_credit_interest,other_fees,bond_interest,total_pnl
bucket_2,40047.65969374,128477.243056,427.16326354987916,-7.89,-20915.13,-2008.9562651844583,359.2732878894857,0.0,0.0,146379.3630359949
bucket_3,30.564975440000012,6933.755803,0.0,0.0,-532.03,-959.09,81.73828283918053,0.0,0.0,5554.939061279181
bucket_4,676.78988399,0.0,30.727198389154424,0.0,0.0,-6.9063589060470845,0.0,0.0,0.0,700.6107234731073
bucket_1,-12609.780209810002,-108983.486052,118.87953806096645,0.0,-746.82,-8504.307375909495,1774.1784292713337,0.0,0.0,-128951.3356703872
