bucket,realized_pnl,unrealized_pnl,dividends,withholding_tax,pil_dividends,borrow_fees,short_credit_interest,other_fees,bond_interest,total_pnl
bucket_2,32671.364330767457,60802.127660993836,268.1813512707838,-7.2215780730897015,-17367.39,-1612.6974290746045,356.31711175359334,0.0,0.0,75110.68144763798
bucket_3,30.564975440000012,6933.755803,0.0,0.0,-532.03,-959.09,82.00737640173497,0.0,0.0,5555.208154841735
bucket_4,719.8717790128841,0.0,30.73190676581141,0.0,0.0,-7.0,0.0,0.0,0.0,743.6036857786955
bucket_1,-21454.349186370346,-35001.909954993826,287.5167419634048,-0.668421926910299,-746.82,-8383.462570925396,1776.8655118446716,0.0,0.0,-63522.8278804084
