bucket,realized_pnl,unrealized_pnl,dividends,withholding_tax,pil_dividends,borrow_fees,short_credit_interest,other_fees,bond_interest,total_pnl
bucket_2,9756.056406049276,20682.269983689075,14.698284195197417,0.0,-17397.77,-1579.33,353.9079611614987,0.0,0.0,11829.832635095048
bucket_3,30.564975440000012,6933.755803,0.0,0.0,-532.03,-959.09,81.4529036781488,0.0,0.0,5554.653682118149
bucket_4,676.78988399,0.0,0.0,0.0,0.0,-5.4,0.0,0.0,0.0,671.38988399
bucket_1,4947.094565010721,-809.267701689072,571.7317158048025,-7.89,-716.44,-8561.94,1779.8291351603525,0.0,0.0,-2796.88228571319
