bucket,realized_pnl,unrealized_pnl,dividends,withholding_tax,pil_dividends,borrow_fees,short_credit_interest,other_fees,bond_interest,total_pnl
bucket_2,10181.792606189838,26435.64846404104,-0.48722070815690827,0.0,-17397.77,-1584.08,356.31711175359334,0.0,0.0,17991.42096127632
bucket_3,30.564975440000012,6933.755803,0.0,0.0,-532.03,-959.09,82.00737640173497,0.0,0.0,5555.208154841735
bucket_4,676.78988399,0.0,0.0,0.0,0.0,-6.4350000000000005,0.0,0.0,0.0,670.3548839900001
bucket_1,1078.3044330101593,-635.4307580410419,586.917220708157,-7.89,-716.44,-8412.645,1776.8655118446716,0.0,0.0,-6330.318592478046
