bucket,realized_pnl,unrealized_pnl,dividends,withholding_tax,pil_dividends,borrow_fees,short_credit_interest,other_fees,bond_interest,total_pnl
bucket_2,9966.70810798196,21314.811674141198,15.005412548095974,0.0,-17397.77,-1584.99,353.2557452945757,0.0,0.0,12667.02093996583
bucket_3,30.564975440000012,6933.755803,0.0,0.0,-532.03,-959.09,81.30279437851203,0.0,0.0,5554.503572818513
bucket_4,676.78988399,0.0,0.0,0.0,0.0,-5.4,0.0,0.0,0.0,671.38988399
bucket_1,4736.442863078038,-657.0877601411976,571.424587451904,-7.89,-716.44,-8579.6,1780.6314603269125,0.0,0.0,-2872.518849284339
