bucket,realized_pnl,unrealized_pnl,dividends,withholding_tax,pil_dividends,borrow_fees,short_credit_interest,other_fees,bond_interest,total_pnl
bucket_2,9952.74791954091,20972.511255640555,15.046698547343993,0.0,-17397.77,-1746.81,350.68488356993174,0.0,0.0,12146.410757298741
bucket_3,30.564975440000012,6845.770761,0.0,0.0,-532.03,-1012.31,82.63337119558255,0.0,0.0,5414.629107635582
bucket_4,676.78988399,0.0,0.0,0.0,0.0,-5.4,0.0,0.0,0.0,671.38988399
bucket_1,4750.403051519088,2310.0326303594425,571.383301452656,-7.89,-716.44,-9449.33,1781.8717452344856,0.0,0.0,-759.9692714343322
