bucket,realized_pnl,unrealized_pnl,dividends,withholding_tax,pil_dividends,borrow_fees,short_credit_interest,other_fees,bond_interest,total_pnl
bucket_2,9742.6363160858,20156.712536607552,14.74072010601369,0.0,-17397.77,-1741.1499999999999,349.0241176643815,0.0,0.0,11124.193690463746
bucket_3,30.564975440000012,6845.770761,0.0,0.0,-532.03,-1012.31,82.2420378590975,0.0,0.0,5414.2377742990975
bucket_4,676.78988399,0.0,0.0,0.0,0.0,-5.4,0.0,0.0,0.0,671.38988399
bucket_1,4960.5146549741985,2295.2697173924485,571.6892798939863,-7.89,-716.44,-9430.62,1783.923844476521,0.0,0.0,-543.5525032628469
