bucket,realized_pnl,unrealized_pnl,dividends,withholding_tax,pil_dividends,borrow_fees,short_credit_interest,other_fees,bond_interest,total_pnl
bucket_2,23190.8157967,21071.109033,-10.149999999999999,0.0,-21261.87,-2201.2599999999998,360.23406937517774,0.0,0.0,21148.87889907518
bucket_3,-383.08518752000003,6836.7453829999995,0.0,0.0,-215.67000000000002,-982.26,82.10549473386978,0.0,0.0,5337.835690213869
bucket_4,676.78988399,-376.030881,30.72350241533791,0.0,0.0,-15.45,0.0,0.0,0.0,316.03250540533793
bucket_1,781.5007599999976,5474.081034000001,556.1964975846621,-7.89,-716.44,-9103.48,1772.850435890953,0.0,0.0,-1243.1812725243892
