bucket,realized_pnl,unrealized_pnl,dividends,withholding_tax,pil_dividends,borrow_fees,short_credit_interest,other_fees,bond_interest,total_pnl
bucket_2,21535.856761814353,26141.70192508693,23.176491228070176,0.0,-20846.27,-2183.91,362.62567383378996,0.0,0.0,25033.18085196314
bucket_3,30.564975440000012,6845.770761,0.0,0.0,-532.03,-1012.31,84.41851843982172,0.0,0.0,5416.414254879821
bucket_4,291.52393533000003,-376.030881,0.0,0.0,0.0,-14.835,0.0,0.0,0.0,-99.34194567
bucket_1,1517.0629847956461,-5.577210086931558,553.5935087719298,-7.89,-716.44,-8956.145,1768.1458077263883,0.0,0.0,-5847.249908792975
