bucket,realized_pnl,unrealized_pnl,dividends,withholding_tax,pil_dividends,borrow_fees,short_credit_interest,other_fees,bond_interest,total_pnl
bucket_2,40047.65969374,139119.163033,427.16326354987916,-7.89,-20915.13,-2172.9062651844583,354.3803008118576,0.0,0.0,156852.44002591728
bucket_3,30.564975440000012,6845.770761,0.0,0.0,-532.03,-1012.31,82.49901239068784,0.0,0.0,5414.494748830688
bucket_4,676.78988399,0.0,30.727198389154424,0.0,0.0,-6.9063589060470845,0.0,0.0,0.0,700.6107234731073
bucket_1,-12609.780209810002,-117156.386058,118.87953806096645,0.0,-746.82,-9369.987375909495,1778.3106867974545,0.0,0.0,-137985.78341886107
