bucket,realized_pnl,unrealized_pnl,dividends,withholding_tax,pil_dividends,borrow_fees,short_credit_interest,other_fees,bond_interest,total_pnl
bucket_2,9049.286627044828,19002.660777303303,66.60989213491729,-3.1437683846014295,-17397.77,-1771.1,350.68488356993174,0.0,0.0,9297.228411668379
bucket_3,30.564975440000012,6845.770761,0.0,0.0,-532.03,-1012.31,82.63337119558255,0.0,0.0,5414.629107635582
bucket_1,5653.864344015169,4279.883108696696,519.8201078650827,-4.74623161539857,-716.44,-9425.04,1781.8717452344856,0.0,0.0,2089.213074196033
bucket_4,676.78988399,0.0,0.0,0.0,0.0,-5.4,0.0,0.0,0.0,671.38988399
