bucket,realized_pnl,unrealized_pnl,dividends,withholding_tax,pil_dividends,borrow_fees,short_credit_interest,other_fees,bond_interest,total_pnl
bucket_2,20611.55249485401,26360.010598033572,10.579139388737799,0.0,-20945.510000000002,-2171.21,358.80945389894214,0.0,0.0,24224.231686175262
bucket_3,30.564975440000012,6845.770761,0.0,0.0,-532.03,-1012.31,83.53011021010539,0.0,0.0,5415.525846650105
bucket_4,676.78988399,-376.030881,0.0,0.0,0.0,-15.855,0.0,0.0,0.0,284.90400299
bucket_1,2947.113895005988,176.1540909664283,566.1908606112622,-7.89,-716.44,-9103.075,1772.850435890953,0.0,0.0,-4365.095717525367
