bucket,realized_pnl,unrealized_pnl,dividends,withholding_tax,pil_dividends,borrow_fees,short_credit_interest,other_fees,bond_interest,total_pnl
bucket_2,41251.598786302835,42807.55699166818,234.73066162909163,-7.2215780730897015,-20941.350000000002,-2198.585573052249,358.80945389894214,0.0,0.0,61505.53874237371
bucket_3,30.564975440000012,6845.770761,0.0,0.0,-532.03,-1012.31,83.53011021010539,0.0,0.0,5415.525846650105
bucket_4,528.7882629606466,0.0,30.739033648702016,0.0,0.0,-6.906659739650117,0.0,0.0,0.0,552.6206368696985
bucket_1,-17544.930775143483,-16647.423183668176,311.3003047222064,-0.668421926910299,-720.6,-9084.647767208102,1772.850435890953,0.0,0.0,-41914.119407333514
