bucket,realized_pnl,unrealized_pnl,dividends,withholding_tax,pil_dividends,borrow_fees,short_credit_interest,other_fees,bond_interest,total_pnl
bucket_1,5653.86420400961,225850.55752274994,519.8201078663571,-4.74623161539857,-716.44,-9425.04,1427.226603426572,0.0,0.0,223305.2422064371
bucket_4,676.78988399,228117.348322,0.0,0.0,0.0,-7652.719999999999,440.8882815402018,0.0,0.0,221582.30648753018
bucket_2,9049.286767050387,19002.66101125005,66.60989213364286,-3.1437683846014295,-17397.77,-1771.1,280.8882269945261,0.0,0.0,9227.432129044006
bucket_3,30.564975440000012,6845.770761,0.0,0.0,-532.03,-1012.31,66.18688803870032,0.0,0.0,5398.1826244787
