bucket,realized_pnl,unrealized_pnl,dividends,withholding_tax,pil_dividends,borrow_fees,short_credit_interest,other_fees,bond_interest,total_pnl
bucket_2,71022.9815774451,116922.5072009806,-72.45350877192982,0.0,-108378.09,-16409.4,5858.380135984337,0.0,0.0,68943.9254056381
bucket_1,-16852.2954358151,56503.0005802636,724.9235087719298,-17.16,-725.54,-25294.167254880806,2504.1953392137225,-1.82,0.0,16841.13673755334
bucket_4,681.20136659,15493.351387755796,0.0,0.0,0.0,-3974.972745119195,420.4526977333328,0.0,0.0,12620.032706959933
bucket_3,31.060795170000013,8923.088508,0.0,0.0,-596.6600000000001,-1901.94,177.16182706860732,0.0,0.0,6632.7111302386065
