bucket,realized_pnl,unrealized_pnl,dividends,withholding_tax,pil_dividends,borrow_fees,short_credit_interest,other_fees,bond_interest,total_pnl
bucket_2,69267.65921916168,105638.87432061331,-1.0270944613377964,-10.739753976261856,-108278.85,-16409.823439359032,5895.011361259119,-1.1198515907511275,0.0,56099.98476164674
bucket_4,295.93541793,23462.485024495923,0.0,0.0,0.0,-3686.855,361.4032578969327,0.0,0.0,20432.968700322857
bucket_1,-15081.079838821683,56090.81520889076,653.4970944613378,-6.420246023738144,-725.54,-25030.07156064097,2493.31182967373,-0.7001484092488727,0.0,18393.812339130174
bucket_3,31.060795170000013,8923.088508,0.0,0.0,-596.6600000000001,-1901.94,178.26958290670672,0.0,0.0,6633.818886076706
bucket_5,0.0,319.685375,0.0,0.0,0.0,-66.72999999999999,32.193968263512346,0.0,0.0,285.14934326351226
