bucket,realized_pnl,unrealized_pnl,dividends,withholding_tax,pil_dividends,borrow_fees,short_credit_interest,other_fees,bond_interest,total_pnl
bucket_2,17559.054623930002,16848.587091999998,-10.149999999999999,0.0,-12699.98,-999.19,136.75413160024692,0.0,0.0,20835.075847530246
bucket_4,922.61986557,0.0,0.0,0.0,0.0,-8.1,0.0,0.0,0.0,914.5198655700001
bucket_1,-2304.9244681700006,-3654.3535589999997,252.40000000000003,0.0,-61.04,-2885.45,675.1669044885809,0.0,0.0,-7978.201122681418
bucket_3,-406.54733382,-10520.222995,0.0,0.0,0.0,-215.25,60.71896391117227,0.0,0.0,-11081.301364908828
