bucket,realized_pnl,unrealized_pnl,dividends,withholding_tax,pil_dividends,borrow_fees,short_credit_interest,other_fees,bond_interest,total_pnl
bucket_1,-2089.252686433003,9489.412314887148,243.62600851289682,0.0,-61.04,-2901.7599999999998,679.2204316448398,0.0,0.0,5360.206068611881
bucket_4,676.78988399,0.0,0.0,0.0,0.0,-5.4,0.0,0.0,0.0,671.38988399
bucket_2,5055.400825423002,650.3394101128529,8.28399148710318,0.0,-9016.98,-668.13,132.13542980883966,0.0,0.0,-3838.9503431682015
bucket_3,7.10282914000004,-10503.789093,0.0,0.0,-295.89000000000004,-240.06,61.284138546320804,0.0,0.0,-10971.352125313679
