bucket,realized_pnl,unrealized_pnl,dividends,withholding_tax,pil_dividends,borrow_fees,short_credit_interest,other_fees,bond_interest,total_pnl
bucket_2,14261.495483322667,10558.288595373519,-1.6146113763514993,0.0,-12699.20983200007,-1022.6023106675848,137.23927476710932,0.0,0.0,11233.59659941929
bucket_1,1244.6139051073314,853.0347526264811,243.8646113763515,0.0,-61.8101679999296,-2910.6276893324152,675.5408209029086,0.0,0.0,44.616232680728274
bucket_3,516.07253175,-10520.222995,0.0,0.0,0.0,-222.72,59.85990432998217,0.0,0.0,-10167.010558920018
