bucket,realized_pnl,unrealized_pnl,dividends,withholding_tax,pil_dividends,borrow_fees,short_credit_interest,other_fees,bond_interest,total_pnl
bucket_1,1688.430089704414,18808.211920843365,207.54857814338538,0.0,-61.04,-2910.58,675.5408209029086,0.0,0.0,18408.111409594072
bucket_2,13817.679298725585,-7396.888572843364,34.70142185661463,0.0,-12699.98,-1022.6500000000001,137.23927476710932,0.0,0.0,-7129.898577494054
bucket_3,516.07253175,-10520.222995,0.0,0.0,0.0,-222.72,59.85990432998217,0.0,0.0,-10167.010558920018
