bucket,realized_pnl,unrealized_pnl,dividends,withholding_tax,pil_dividends,borrow_fees,short_credit_interest,other_fees,bond_interest,total_pnl
bucket_1,-1899.1981155657827,8973.306972035607,243.65455627571743,0.0,-61.04,-2898.7,678.5676226094217,0.0,0.0,5036.591035354963
bucket_4,676.78988399,0.0,0.0,0.0,0.0,-5.4,0.0,0.0,0.0,671.38988399
bucket_2,4865.346254555782,1155.6373809643937,8.25544372428256,0.0,-9016.98,-662.47,132.58139917590827,0.0,0.0,-3517.6295215796326
bucket_3,7.10282914000004,-10503.789093,0.0,0.0,-295.89000000000004,-240.06,61.49097821467006,0.0,0.0,-10971.145285645329
