bucket,realized_pnl,unrealized_pnl,dividends,withholding_tax,pil_dividends,borrow_fees,short_credit_interest,other_fees,bond_interest,total_pnl
bucket_2,15189.699289830922,5549.1558288925335,30.917849127603283,0.0,-12404.09,-975.2900000000001,136.50541486861047,0.0,0.0,7526.898382719669
bucket_1,-304.3428264832683,6666.375097882516,211.3321508723967,0.0,-61.04,-2884.1349999999998,675.1669044885809,0.0,0.0,4303.356326760225
bucket_4,877.7433976923469,962.2687042249509,0.0,0.0,0.0,-8.505,0.0,0.0,0.0,1831.5071019172976
bucket_3,7.10282914000004,-10503.789093,0.0,0.0,-295.89000000000004,-240.06,60.967680642808716,0.0,0.0,-10971.668583217192
