bucket,realized_pnl,unrealized_pnl,dividends,withholding_tax,pil_dividends,borrow_fees,short_credit_interest,other_fees,bond_interest,total_pnl
bucket_2,15160.977319689782,8109.052147293924,-10.149999999999999,0.0,-12404.09,-975.2900000000001,136.50541486861047,0.0,0.0,10017.004881852316
bucket_1,-320.49732421978234,5068.747483706077,252.40000000000003,0.0,-61.04,-2884.1349999999998,675.1669044885809,0.0,0.0,2730.642063974876
bucket_4,922.61986557,0.0,0.0,0.0,0.0,-8.505,0.0,0.0,0.0,914.1148655700001
bucket_3,7.10282914000004,-10503.789093,0.0,0.0,-295.89000000000004,-240.06,60.967680642808716,0.0,0.0,-10971.668583217192
