bucket,realized_pnl,unrealized_pnl,dividends,withholding_tax,pil_dividends,borrow_fees,short_credit_interest,other_fees,bond_interest,total_pnl
bucket_1,9104.807282422285,1993.4476081991468,243.8209453175462,0.0,-2657.261483483282,-3109.6188108911733,678.7624628714569,0.0,0.0,6253.958004435979
bucket_2,6149.322871617715,9564.848344800854,-1.5709453175461787,0.0,-10103.758516516718,-835.6411891088269,134.26413435280037,0.0,0.0,4907.464699828278
bucket_3,516.07253175,-10520.222995,0.0,0.0,0.0,-222.72,59.613402775742905,0.0,0.0,-10167.257060474258
