bucket,realized_pnl,unrealized_pnl,dividends,withholding_tax,pil_dividends,borrow_fees,short_credit_interest,other_fees,bond_interest,total_pnl
bucket_1,-431.66317392083084,11270.668653155255,211.3321508723967,0.0,-61.04,-2884.1349999999998,675.1669044885809,0.0,0.0,8780.329534595405
bucket_2,15272.143169060831,1907.1309778447426,30.917849127603283,0.0,-12404.09,-975.2900000000001,136.50541486861047,0.0,0.0,3967.317410901788
bucket_4,922.61986557,0.0,0.0,0.0,0.0,-8.505,0.0,0.0,0.0,914.1148655700001
bucket_3,7.10282914000004,-10503.789093,0.0,0.0,-295.89000000000004,-240.06,60.967680642808716,0.0,0.0,-10971.668583217192
