bucket,realized_pnl,unrealized_pnl,dividends,withholding_tax,pil_dividends,borrow_fees,short_credit_interest,other_fees,bond_interest,total_pnl
bucket_1,-2409.1264822536623,40216.09264774295,116.34033962261995,0.0,-65.2,-2883.2279940957737,675.1669044885809,0.0,0.0,35650.04541550472
bucket_4,855.1355357220802,-1969.8004049375072,0.0,0.0,1.401429191164933,-9.396110019020915,0.0,0.0,0.0,-1122.659550043283
bucket_3,7.10282914000004,-10503.789093,0.0,0.0,-295.89000000000004,-240.06,60.967680642808716,0.0,0.0,-10971.668583217192
bucket_2,17317.090803231582,-25068.49261180545,125.90966037738005,0.0,-12401.331429191165,-975.3058958852052,136.50541486861047,0.0,0.0,-20865.624058404246
