{
  "run_date": "2026-03-21",
  "fifo_summary_present": true,
  "total_realized_pnl": 15770.202685789998,
  "total_unrealized_pnl": 1038.0729580000043,
  "total_dividends": 242.25,
  "total_withholding_tax": 0.0,
  "total_pil_dividends": -12761.02,
  "total_borrow_fees": -4167.9800000000005,
  "total_short_credit_interest": 872.6400000000001,
  "total_other_fees": 0.0,
  "total_bond_interest": 0.0,
  "total_pnl": 994.1656437899946,
  "excluded_cash_interest_base": -759.1551274,
  "borrow_mode": "borrow_fee_details_cumulative_by_symbol",
  "borrow_total_account_source": -4167.9800000000005,
  "borrow_details_file_present": true,
  "borrow_details_rows_cumulative": 260,
  "universe_source": "/home/runner/work/ls-algo/ls-algo/data/etf_screened_today.csv",
  "universe_allowed_etfs": 395,
  "universe_allowed_underlyings": 210,
  "kept_symbols": 420,
  "kept_underlyings": 167,
  "net_exposure_total": 15345.68313153259,
  "gross_exposure_total": 2142025.8568684673,
  "net_exposure_bucket_1": 13528.571027073893,
  "gross_exposure_bucket_1": 2027083.830502653,
  "net_exposure_bucket_2": 1817.1121044587069,
  "gross_exposure_bucket_2": 114942.02636581432,
  "net_exposure_bucket_3": 228030.48690092002,
  "gross_exposure_bucket_3": 228030.48690092002,
  "yfinance_override": false,
  "yfinance_symbols_overridden": 0,
  "bucket_pnl": {
    "bucket_1": 6253.958004435979,
    "bucket_2": 4907.464699828278,
    "bucket_3": -10167.257060474258
  }
}