bucket,realized_pnl,unrealized_pnl,dividends,withholding_tax,pil_dividends,borrow_fees,short_credit_interest,other_fees,bond_interest,total_pnl
bucket_2,75591.47632025942,91846.664391172,-67.88350877192983,0.0,-84050.14,-14815.98,6102.878967328812,0.0,0.0,74607.0161699883
bucket_1,-16611.776162459417,62665.27986393993,696.6035087719298,-18.34,-734.19,-24471.978772220926,2341.067729865186,-1.82,0.0,23864.846167896718
bucket_3,31.060795170000013,10054.908515,0.0,0.0,-588.36,-1845.78,159.69604290610644,0.0,0.0,7811.525353076106
bucket_4,681.20136659,7245.429170888057,0.0,0.0,0.0,-3496.5612277790756,356.54725989989475,0.0,0.0,4786.616569598876
