bucket,realized_pnl,unrealized_pnl,dividends,withholding_tax,pil_dividends,borrow_fees,short_credit_interest,other_fees,bond_interest,total_pnl
bucket_2,75989.3461511306,81593.52779548653,3.4140253343014137,-10.738461861216166,-83950.9,-14825.926401997944,6140.096890841559,-1.1199272575745225,0.0,64937.700071676256
bucket_1,-14922.562218507808,61337.628026513456,617.4359746656986,-6.4215381387838315,-734.19,-24171.328598002056,2328.8719053562663,-0.7000727424254778,0.0,24448.73347914435
bucket_4,-1975.2056276727892,14960.174790000001,0.0,0.0,0.0,-3236.415,300.5895260411333,0.0,0.0,10049.143688368344
bucket_3,31.060795170000013,10054.908515,0.0,0.0,-588.36,-1845.78,160.66993656219663,0.0,0.0,7812.499246732196
bucket_5,0.0,262.28537500000004,0.0,0.0,0.0,-56.78,29.961741198846184,0.0,0.0,235.46711619884627
