bucket,realized_pnl,unrealized_pnl,dividends,withholding_tax,pil_dividends,borrow_fees,short_credit_interest,other_fees,bond_interest,total_pnl
bucket_2,73359.10451394103,79460.54350132156,3.4140253343014137,-10.738461861216166,-83950.9,-14825.926401997944,6140.096890841559,-1.1199272575752586,0.0,60174.47414032172
bucket_1,-14736.71944042102,61902.76015180817,617.4359746656986,-6.4215381387838315,-734.19,-24165.668598002056,2328.8719053562663,-0.7000727424247416,0.0,25205.368382525845
bucket_4,295.93541793,16528.02695887025,0.0,0.0,0.0,-3236.415,300.5895260411333,0.0,0.0,13888.136902841383
bucket_3,31.060795170000013,10054.908515,0.0,0.0,-588.36,-1845.78,160.66993656219663,0.0,0.0,7812.499246732196
bucket_5,0.0,262.28537500000004,0.0,0.0,0.0,-56.78,29.961741198846184,0.0,0.0,235.46711619884627
