bucket,realized_pnl,unrealized_pnl,dividends,withholding_tax,pil_dividends,borrow_fees,short_credit_interest,other_fees,bond_interest,total_pnl
bucket_2,63212.43513833269,98997.41781497447,-67.88350877192983,0.0,-84050.14,-13075.5,6188.764134136524,0.0,0.0,71205.09357867175
bucket_1,7512.31932288731,50449.92430058639,688.0735087719298,-17.16,-734.19,-23605.790165235754,2218.7336997712273,-1.82,0.0,36510.09066678109
bucket_3,31.060795170000013,6959.918521,0.0,0.0,-588.36,-1785.8400000000001,168.59045780484377,0.0,0.0,4785.369773974843
bucket_4,681.20136659,-542.9253235608644,0.0,0.0,0.0,-3053.639834764246,384.10170828740587,0.0,0.0,-2531.262083447704
