bucket,realized_pnl,unrealized_pnl,dividends,withholding_tax,pil_dividends,borrow_fees,short_credit_interest,other_fees,bond_interest,total_pnl
bucket_2,62075.824795452914,96580.67626842835,2.3090872693264117,-10.693982225017189,-83950.9,-13088.2,6225.46504900896,-1.119994569183412,0.0,67833.36122336535
bucket_1,8306.474162487082,35355.33369073465,617.8809127306736,-6.466017774982811,-734.19,-23309.805,2208.7438706055154,-0.7000054308165883,0.0,22437.27161335212
bucket_4,295.93541793,13706.202323836998,0.0,0.0,0.0,-2819.685,326.4286611218524,0.0,0.0,11508.88140288885
bucket_3,31.060795170000013,6959.918521,0.0,0.0,-588.36,-1785.8400000000001,169.59024126824502,0.0,0.0,4786.369557438244
bucket_5,0.0,151.44537499999998,0.0,0.0,0.0,-46.790000000000006,29.96217799542839,0.0,0.0,134.61755299542838
