bucket,realized_pnl,unrealized_pnl,dividends,withholding_tax,pil_dividends,borrow_fees,short_credit_interest,other_fees,bond_interest,total_pnl
bucket_2,62075.824795452914,96500.05143173016,2.3090872693264117,-10.693982225017189,-83950.9,-13088.2,6225.46504900896,-1.119994569183412,0.0,67752.73638666715
bucket_1,8306.474162487082,44628.622171036535,617.8809127306736,-6.466017774982811,-734.19,-23309.805,2208.7438706055154,-0.7000054308165883,0.0,31710.56009365401
bucket_3,31.060795170000013,6959.918521,0.0,0.0,-588.36,-1785.8400000000001,169.59024126824502,0.0,0.0,4786.369557438244
bucket_4,295.93541793,4513.5386802333105,0.0,0.0,0.0,-2819.685,326.4286611218524,0.0,0.0,2316.217759285163
bucket_5,0.0,151.44537499999998,0.0,0.0,0.0,-46.790000000000006,29.96217799542839,0.0,0.0,134.61755299542838
