bucket,realized_pnl,unrealized_pnl,dividends,withholding_tax,pil_dividends,borrow_fees,short_credit_interest,other_fees,bond_interest,total_pnl
bucket_2,64759.44191309963,98519.13442811923,2.3090872693264117,-10.693982225017189,-83950.9,-13088.2,6225.46504900896,-1.1199945691820026,0.0,72455.43650070296
bucket_1,8390.354702487592,45221.11829088078,617.8809127306736,-6.466017774982811,-734.19,-23315.465,2208.7438706055154,-0.7000054308179974,0.0,32381.276753498747
bucket_3,31.060795170000013,6959.918521,0.0,0.0,-588.36,-1785.8400000000001,169.59024126824502,0.0,0.0,4786.369557438244
bucket_5,0.0,151.44537499999998,0.0,0.0,0.0,-46.790000000000006,29.96217799542839,0.0,0.0,134.61755299542838
bucket_4,-2298.304426217228,1901.9595639999998,0.0,0.0,0.0,-2819.685,326.4286611218524,0.0,0.0,-2889.6012010953764
