bucket,realized_pnl,unrealized_pnl,dividends,withholding_tax,pil_dividends,borrow_fees,short_credit_interest,other_fees,bond_interest,total_pnl
bucket_1,66093.76530388402,89117.03174160006,677.3112552918409,-4.960000005675788,-863.34,-34905.927792524584,5006.716769837468,-0.7000013890816956,0.0,125119.89727669404
bucket_2,102722.37373865282,169591.40391188624,79.27874470815911,-19.419999994324215,-199899.47,-30945.662207475416,7905.447949167983,-5.819998610918305,0.0,49428.13213833453
bucket_5,0.0,369.372203,0.0,0.0,0.0,-299.05,232.62506611860175,0.0,0.0,302.947269118602
bucket_3,276.12134444000003,2127.437597,0.0,0.0,-510.35,-2041.05,264.16343698978386,0.0,0.0,116.3223784297843
bucket_4,-8898.817957796842,-67836.24620648629,0.0,0.0,-149.97,-11390.52,2182.576777886165,0.0,0.0,-86092.97738639696
