bucket,realized_pnl,unrealized_pnl,dividends,withholding_tax,pil_dividends,borrow_fees,short_credit_interest,other_fees,bond_interest,total_pnl
bucket_2,20134.831147992798,32844.32813878623,10.579136528494065,0.0,-27481.45,-2685.19,729.2368860831858,0.0,0.0,23552.335309390706
bucket_3,30.564975440000012,9743.650765999999,0.0,0.0,-548.42,-1186.48,161.45808940800472,0.0,0.0,8200.773830848004
bucket_1,4019.722389687198,10435.20838621377,625.080863471506,-10.739999999999998,-722.79,-12085.595,3870.2350245088096,-0.25,0.0,6130.871663881288
bucket_4,676.78988399,0.0,0.0,0.0,0.0,-6.4350000000000005,0.0,0.0,0.0,670.3548839900001
