bucket,realized_pnl,unrealized_pnl,dividends,withholding_tax,pil_dividends,borrow_fees,short_credit_interest,other_fees,bond_interest,total_pnl
bucket_1,5788.06701743276,16587.153379281313,586.9502422329342,-8.211272160369393,-722.79,-12466.78771619682,3883.665543816039,-0.25,0.0,13647.79719440585
bucket_2,8962.74921980724,25031.132816718688,58.36975776706582,-2.528727839630607,-23904.34,-2271.9122838031794,717.4923902944004,0.0,0.0,8590.963172944585
bucket_3,30.564975440000012,9743.650765999999,0.0,0.0,-548.42,-1186.48,159.7720658895601,0.0,0.0,8199.087807329559
bucket_4,676.78988399,0.0,0.0,0.0,0.0,-5.4,0.0,0.0,0.0,671.38988399
