bucket,realized_pnl,unrealized_pnl,dividends,withholding_tax,pil_dividends,borrow_fees,short_credit_interest,other_fees,bond_interest,total_pnl
bucket_2,23145.23085545,23190.596709999998,-10.149999999999999,0.0,-27814.2,-2720.53,732.2468693300436,0.0,0.0,16523.19443478004
bucket_1,1422.9728492799982,20082.345192999994,615.0864975846621,-10.739999999999998,-722.79,-12086.0,3870.2350245088096,-0.25,0.0,13170.859564373477
bucket_3,-383.08518752000003,9750.245388,0.0,0.0,-215.67000000000002,-1151.1399999999999,158.44810616114682,0.0,0.0,8158.798306641147
bucket_4,676.78988399,0.0,30.72350241533791,0.0,0.0,-6.03,0.0,0.0,0.0,701.4833864053379
