bucket,realized_pnl,unrealized_pnl,dividends,withholding_tax,pil_dividends,borrow_fees,short_credit_interest,other_fees,bond_interest,total_pnl
bucket_2,21088.43009756391,32431.253601836892,23.176491228070176,0.0,-27382.21,-2673.6000000000004,736.5876433886789,0.0,0.0,24223.637834017547
bucket_3,30.564975440000012,9743.650765999999,0.0,0.0,-548.42,-1186.48,163.08559790750135,0.0,0.0,8202.401339347502
bucket_1,2387.118983366092,10159.40294916311,612.4835087719298,-10.739999999999998,-722.79,-11914.125,3861.2567587038193,-0.25,0.0,4372.357200004942
bucket_4,291.52393533000003,0.0,0.0,0.0,0.0,-5.415,0.0,0.0,0.0,286.10893533
