bucket,realized_pnl,unrealized_pnl,dividends,withholding_tax,pil_dividends,borrow_fees,short_credit_interest,other_fees,bond_interest,total_pnl
bucket_2,20133.31402816459,32844.33732350012,10.579203856331622,0.0,-27481.45,-2685.19,729.2368860831858,0.0,0.0,23550.827441604226
bucket_3,30.564975440000012,9743.650765999999,0.0,0.0,-548.42,-1186.48,161.45808940800472,0.0,0.0,8200.773830848004
bucket_1,4021.2395095154075,10435.199201499878,625.0807961436684,-10.739999999999998,-722.79,-12085.595,3870.2350245088096,-0.25,0.0,6132.379531667771
bucket_4,676.78988399,0.0,0.0,0.0,0.0,-6.4350000000000005,0.0,0.0,0.0,670.3548839900001
