bucket,realized_pnl,unrealized_pnl,dividends,withholding_tax,pil_dividends,borrow_fees,short_credit_interest,other_fees,bond_interest,total_pnl
bucket_2,39445.72524420882,83019.44736828444,243.61412422777963,-8.585834534028493,-27477.29,-2688.2609588462365,729.2368860831858,0.0,0.0,93263.88682942397
bucket_3,30.564975440000012,9743.650765999999,0.0,0.0,-548.42,-1186.48,161.45808940800472,0.0,0.0,8200.773830848004
bucket_4,528.7882629606466,0.0,30.739033648702016,0.0,0.0,-6.906659739650117,0.0,0.0,0.0,552.6206368696985
bucket_1,-15143.17008480947,-39739.91084328445,361.3068421235184,-2.154165465971509,-726.95,-12082.052381414114,3870.2350245088096,-0.25,0.0,-63462.945608341666
