bucket,realized_pnl,unrealized_pnl,dividends,withholding_tax,pil_dividends,borrow_fees,short_credit_interest,other_fees,bond_interest,total_pnl
bucket_2,41239.24434114,219338.421912,473.05325356218196,-10.739999999999998,-27451.07,-2686.886265681993,720.9964763820857,0.0,0.0,231623.0197174023
bucket_3,30.564975440000012,9743.650765999999,0.0,0.0,-548.42,-1186.48,159.63360571598392,0.0,0.0,8198.949347155984
bucket_4,676.78988399,0.0,30.727198345167704,0.0,0.0,-6.906358781473816,0.0,0.0,0.0,700.6107235536939
bucket_1,-13205.477708970002,-179687.97222,131.87954809265034,0.0,-753.17,-12423.107375536532,3880.29991790193,-0.25,0.0,-202057.79783851196
