bucket,realized_pnl,unrealized_pnl,dividends,withholding_tax,pil_dividends,borrow_fees,short_credit_interest,other_fees,bond_interest,total_pnl
bucket_2,72218.19686986202,109073.8144756658,-1.0270944613377964,-10.739753976261856,-108278.85,-16409.823439359032,5895.011361259119,-1.1198515907512225,0.0,62485.46256739957
bucket_1,-15852.56310687792,60060.5995733342,653.4970944613378,-6.420246023738144,-725.54,-25030.07156064097,2493.31182967373,-0.7001484092487776,0.0,21592.113435517374
bucket_4,-1883.1189647141073,16058.341005,0.0,0.0,0.0,-3686.855,361.4032578969327,0.0,0.0,10849.770298182826
bucket_3,31.060795170000013,8923.088508,0.0,0.0,-596.6600000000001,-1901.94,178.26958290670672,0.0,0.0,6633.818886076706
bucket_5,0.0,319.685375,0.0,0.0,0.0,-66.72999999999999,32.193968263512346,0.0,0.0,285.14934326351226
