bucket,realized_pnl,unrealized_pnl,dividends,withholding_tax,pil_dividends,borrow_fees,short_credit_interest,other_fees,bond_interest,total_pnl
bucket_2,71110.84657747718,116674.99527323594,-72.45350877192982,0.0,-108378.09,-16409.4,5858.380135984337,0.0,0.0,68784.27847792552
bucket_1,-16940.160435847174,56007.36789268487,724.9235087719298,-17.16,-725.54,-25291.149399334252,2503.2322495342087,-1.82,0.0,16259.693815809569
bucket_4,681.20136659,16237.076503079194,0.0,0.0,0.0,-3977.9906006657498,421.41578741284695,0.0,0.0,13361.70305641629
bucket_3,31.060795170000013,8923.088508,0.0,0.0,-596.6600000000001,-1901.94,177.16182706860732,0.0,0.0,6632.7111302386065
