bucket,realized_pnl,unrealized_pnl,dividends,withholding_tax,pil_dividends,borrow_fees,short_credit_interest,other_fees,bond_interest,total_pnl
bucket_2,9056.080922163343,16196.70957698302,14.708567215618213,0.0,-15477.83,-1450.9,244.89778852796962,0.0,0.0,8583.666854889947
bucket_3,30.564975440000012,6681.813733999999,0.0,0.0,-525.2,-885.74,98.78830315643913,0.0,0.0,5400.22701259644
bucket_4,676.78988399,0.0,0.0,0.0,0.0,-5.4,0.0,0.0,0.0,671.38988399
bucket_1,1853.788015176658,2660.6611350169824,483.1314327843818,-7.89,-706.03,-7498.4,1871.5039083155912,0.0,0.0,-1343.2355087063895
