bucket,realized_pnl,unrealized_pnl,dividends,withholding_tax,pil_dividends,borrow_fees,short_credit_interest,other_fees,bond_interest,total_pnl
bucket_2,20243.605536968716,23965.76946889667,-10.14748678671995,0.0,-19000.98,-1877.12,251.68986372944875,0.0,0.0,23572.817382808113
bucket_3,30.564975440000012,7569.2113659999995,0.0,0.0,-525.2,-569.12,89.74267671323001,0.0,0.0,6595.19901815323
bucket_4,676.78988399,-887.397632,0.0,0.0,0.0,-323.055,10.67942496115681,0.0,0.0,-522.9833230488431
bucket_1,1063.8073228312837,-2091.1804168966696,498.32748678672,-7.89,-706.03,-7231.165,1863.0780345961643,0.0,0.0,-6611.052572682497
