bucket,realized_pnl,unrealized_pnl,dividends,withholding_tax,pil_dividends,borrow_fees,short_credit_interest,other_fees,bond_interest,total_pnl
bucket_2,25651.02542214428,29204.590391915306,233.02436724699675,-7.2215780730897015,-18996.82,-1904.503291510641,251.68986372944875,0.0,0.0,34431.7851754523
bucket_4,775.0841833754836,13794.577823810769,30.97655433857063,0.0,0.0,-7.818031315946673,0.0,0.0,0.0,14592.820530208875
bucket_3,30.564975440000012,6681.813733999999,0.0,0.0,-525.2,-885.74,100.42210167438682,0.0,0.0,5401.860811114387
bucket_1,-4441.906862279763,-21124.579163726074,224.17907841443267,-0.668421926910299,-710.19,-7202.398677173413,1863.0780345961643,0.0,0.0,-31392.48601209556
