bucket,realized_pnl,unrealized_pnl,dividends,withholding_tax,pil_dividends,borrow_fees,short_credit_interest,other_fees,bond_interest,total_pnl
bucket_2,9228.120653371703,16721.080563456882,15.01804030402194,0.0,-15477.83,-1456.56,244.3484001206032,0.0,0.0,9274.177657253209
bucket_3,30.564975440000012,6681.813733999999,0.0,0.0,-525.2,-885.74,98.56668764547936,0.0,0.0,5400.005397085479
bucket_4,676.78988399,0.0,0.0,0.0,0.0,-5.4,0.0,0.0,0.0,671.38988399
bucket_1,1681.7482839682975,2726.341780543121,482.8219596959781,-7.89,-706.03,-7514.65,1872.2749122339176,0.0,0.0,-1465.3830635586871
