bucket,realized_pnl,unrealized_pnl,dividends,withholding_tax,pil_dividends,borrow_fees,short_credit_interest,other_fees,bond_interest,total_pnl
bucket_2,20558.98039388826,19591.178967891723,2.450000000000001,0.0,-18901.74,-1889.8200000000002,254.20212650933414,0.0,0.0,19615.25148828932
bucket_3,30.564975440000012,6681.813733999999,0.0,0.0,-525.2,-885.74,101.42447302369797,0.0,0.0,5402.863182463698
bucket_4,291.52393533000003,0.0,0.0,0.0,0.0,-5.415,0.0,0.0,0.0,286.10893533
bucket_1,259.74286200173725,1887.2050831082743,485.73,-7.89,-706.03,-7107.385,1859.563400466968,0.0,0.0,-3329.063654423016
