bucket,realized_pnl,unrealized_pnl,dividends,withholding_tax,pil_dividends,borrow_fees,short_credit_interest,other_fees,bond_interest,total_pnl
bucket_2,18536.31533597,137959.569175,421.92,-7.89,-18970.600000000002,-1881.0136410939529,248.9644329591175,0.0,0.0,136307.26530283515
bucket_3,30.564975440000012,6681.813733999999,0.0,0.0,-525.2,-885.74,99.33467812117249,0.0,0.0,5400.773387561172
bucket_4,1627.65986888,0.0,30.727198389154424,0.0,0.0,-7.4863589060470845,0.0,0.0,0.0,1650.9007083631072
bucket_1,4157.41212981,-119249.334027,35.53280161084558,0.0,-736.41,-7442.02,1866.8908889197098,0.0,0.0,-121367.92820665945
