bucket,realized_pnl,unrealized_pnl,dividends,withholding_tax,pil_dividends,borrow_fees,short_credit_interest,other_fees,bond_interest,total_pnl
bucket_1,1430.148513295509,138391.77067130918,498.53491462654927,-7.89,-706.03,-7236.392986663551,1863.0780345961643,0.0,0.0,134233.21914716385
bucket_2,19877.26434784449,51538.66426240706,-10.147422814719118,0.0,-19000.98,-1877.12,251.68986372944875,0.0,0.0,50779.37105116629
bucket_3,30.564975440000012,7569.2113659999995,0.0,0.0,-525.2,-569.12,89.74267671323001,0.0,0.0,6595.19901815323
bucket_4,676.78988399,-168943.24351371627,-0.20749181183013599,0.0,0.0,-317.8270133364488,10.67942496115681,0.0,0.0,-168573.80870991337
