bucket,realized_pnl,unrealized_pnl,dividends,withholding_tax,pil_dividends,borrow_fees,short_credit_interest,other_fees,bond_interest,total_pnl
bucket_2,23190.8157967,15964.913849,-10.149999999999999,0.0,-19310.510000000002,-1904.19,253.203523454636,0.0,0.0,18184.083169154637
bucket_3,-383.08518752000003,7556.415771,0.0,0.0,-215.67000000000002,-542.0500000000001,88.22901698804277,0.0,0.0,6503.839600468043
bucket_4,676.78988399,-887.397632,30.72350241533791,0.0,0.0,-323.22999999999996,10.67942496115681,0.0,0.0,-492.4348206335052
bucket_1,-1469.7527736199997,5922.470798000001,467.6064975846621,-7.89,-706.03,-7230.99,1863.0780345961643,0.0,0.0,-1161.507443439176
