bucket,realized_pnl,unrealized_pnl,dividends,withholding_tax,pil_dividends,borrow_fees,short_credit_interest,other_fees,bond_interest,total_pnl
bucket_2,21653.57538333763,21376.061817183927,2.450000000000001,0.0,-18901.74,-1889.8200000000002,254.20212650933414,0.0,0.0,22494.72932703089
bucket_1,-10487.15600217527,21579.36622790117,485.73,-7.89,-706.03,-7113.192986663551,1859.563400466968,0.0,0.0,5610.39063952932
bucket_3,30.564975440000012,6681.813733999999,0.0,0.0,-525.2,-885.74,101.42447302369797,0.0,0.0,5402.863182463698
bucket_4,9943.827808717639,-21477.043994085096,0.0,0.0,0.0,0.39298666355121903,0.0,0.0,0.0,-11532.823198703907
