bucket,realized_pnl,unrealized_pnl,dividends,withholding_tax,pil_dividends,borrow_fees,short_credit_interest,other_fees,bond_interest,total_pnl
bucket_2,20038.302981468543,14236.992651370694,59.882762336599285,-3.3642802421803437,-19000.98,-1907.98,244.33451615116957,0.0,0.0,13667.188631084824
bucket_1,4042.4536307414583,8240.70093362931,428.2972376634007,-4.5257197578196555,-706.03,-7632.6,1873.3681029113518,0.0,0.0,6241.664185187698
bucket_3,30.564975440000012,6681.813733999999,0.0,0.0,-525.2,-885.74,97.48738093747865,0.0,0.0,5398.926090377478
bucket_4,676.78988399,0.0,0.0,0.0,0.0,-5.4,0.0,0.0,0.0,671.38988399
