bucket,realized_pnl,unrealized_pnl,dividends,withholding_tax,pil_dividends,borrow_fees,short_credit_interest,other_fees,bond_interest,total_pnl
bucket_2,50965.95624436897,43935.99208230088,71.45834628014268,-9.321179574405935,-50581.07,-6617.95,2799.392387357944,-1.1095500448548998,0.0,40563.34833068868
bucket_1,-45064.88344792897,79881.22429635403,606.2716537198573,-6.378820425594066,-732.16,-18754.705,1676.5752519475611,-0.7104499551451005,0.0,17605.23348371175
bucket_4,291.52393533000003,10150.164100345068,0.0,0.0,0.0,-993.6550000000001,161.1124709325927,0.0,0.0,9609.145506607661
bucket_3,30.564975440000012,11294.478852,0.0,0.0,-574.13,-1526.6,108.90447764199078,0.0,0.0,9333.218305081991
bucket_5,0.0,8.669699000000001,0.0,0.0,0.0,0.0,14.945412119912366,0.0,0.0,23.61511111991237
