bucket,realized_pnl,unrealized_pnl,dividends,withholding_tax,pil_dividends,borrow_fees,short_credit_interest,other_fees,bond_interest,total_pnl
bucket_2,54362.61184156763,49942.65836376934,9.052849928785164,0.0,-50680.31,-6605.25,2781.8596741598885,0.0,0.0,49810.622729425646
bucket_1,-48279.378180947635,94705.47412983759,668.6771500712149,-15.7,-732.16,-19007.5513567666,1670.02302883378,-1.82,0.0,29007.564771028356
bucket_3,30.564975440000012,11294.478852,0.0,0.0,-574.13,-1526.6,108.22240428167737,0.0,0.0,9332.536231721677
bucket_4,587.99365399,-6115.335134606942,0.0,0.0,0.0,-1086.9486432334008,200.8248927246545,0.0,0.0,-6413.465231125689
