bucket,realized_pnl,unrealized_pnl,dividends,withholding_tax,pil_dividends,borrow_fees,short_credit_interest,other_fees,bond_interest,total_pnl
bucket_2,56276.60496532285,46118.79648541337,71.45834628014268,-9.321179574405935,-50581.07,-6617.95,2799.392387357944,-1.1095500466719512,0.0,48056.80145475323
bucket_1,-39330.44902728905,73396.82556552747,606.2716537198573,-6.378820425594066,-732.16,-18755.0813567666,1676.5752519475611,-0.7104499533280489,0.0,16854.89281676032
bucket_3,30.564975440000012,11294.478852,0.0,0.0,-574.13,-1526.6,108.90447764199078,0.0,0.0,9333.218305081991
bucket_4,-10753.559207133801,14451.758428059147,0.0,0.0,0.0,-993.2786432334009,161.1124709325927,0.0,0.0,2866.0330486245366
bucket_5,0.0,8.669699000000001,0.0,0.0,0.0,0.0,14.945412119912366,0.0,0.0,23.61511111991237
