bucket,realized_pnl,unrealized_pnl,dividends,withholding_tax,pil_dividends,borrow_fees,short_credit_interest,other_fees,bond_interest,total_pnl
bucket_2,50965.90027656191,45843.64858053369,71.45834628014268,-9.321179574405935,-50581.07,-6617.95,2799.392387357944,-1.109550049397524,0.0,42470.94886110988
bucket_4,291.52393533000003,17845.747463419855,0.0,0.0,0.0,-993.6550000000001,161.1124709325927,0.0,0.0,17304.728869682447
bucket_3,30.564975440000012,11294.478852,0.0,0.0,-574.13,-1526.6,108.90447764199078,0.0,0.0,9333.218305081991
bucket_1,-45238.085293621916,70277.98443504644,606.2716537198573,-6.378820425594066,-732.16,-18749.045,1676.5752519475611,-0.7104499506024762,0.0,7834.451776715759
bucket_5,0.0,8.669699000000001,0.0,0.0,0.0,0.0,14.945412119912366,0.0,0.0,23.61511111991237
