bucket,realized_pnl,unrealized_pnl,dividends,withholding_tax,pil_dividends,borrow_fees,short_credit_interest,other_fees,bond_interest,total_pnl
bucket_2,59798.08104067587,52015.582931206496,9.051502059490451,0.0,-50680.31,-6605.25,2781.8596741598885,0.0,0.0,57319.015148101746
bucket_3,30.564975440000012,11294.478852,0.0,0.0,-574.13,-1526.6,108.22240428167737,0.0,0.0,9332.536231721677
bucket_4,-8541.932841360516,17436.431425522416,0.0,0.0,0.0,-1086.9486432334008,200.8248927246545,0.0,0.0,8008.374833653155
bucket_1,-44584.92088557535,69080.78300227108,668.6784979405096,-15.7,-732.16,-19007.5513567666,1670.02302883378,-1.82,0.0,7077.332286703423
