bucket,realized_pnl,unrealized_pnl,dividends,withholding_tax,pil_dividends,borrow_fees,short_credit_interest,other_fees,bond_interest,total_pnl
bucket_2,79005.6278778784,60147.3171890178,20.739368540656262,-4.096635935419016,-51038.77,-6654.5035529908555,2784.223271494123,-1.0407319416488519,0.0,84259.49678606306
bucket_1,-48204.30825174491,84517.34668211358,656.9906314593437,-11.603364064580983,-732.16,-19008.462803775743,1670.02302883378,-0.7792680583511482,0.0,18887.04665476313
bucket_3,-383.08518752000003,11292.101183,0.0,0.0,-215.67000000000002,-1477.47,105.85880694744318,0.0,0.0,9321.734802427443
bucket_4,-23716.4421486735,-6129.48884313138,0.0,0.0,0.0,-1085.9136432334008,200.8248927246545,0.0,0.0,-30731.019742313627
