bucket,realized_pnl,unrealized_pnl,dividends,withholding_tax,pil_dividends,borrow_fees,short_credit_interest,other_fees,bond_interest,total_pnl
bucket_2,84762.3287004763,173150.50315341633,-168.16035369917105,-19.419998498407143,-180192.6099511466,-27939.947142102017,8155.158904049787,-1.1199995000591776,0.0,57746.73331299618
bucket_1,46426.62128112784,27202.844787529295,674.500353699171,-4.96000150159286,-871.3100488534102,-32259.557857897984,5596.748750164477,-0.7000004999408227,0.0,46764.18726376786
bucket_3,31.060795170000013,8716.288509999998,0.0,0.0,-823.71,-2527.71,292.8609803627061,0.0,0.0,5688.790285532706
bucket_5,0.0,229.2778440000002,0.0,0.0,0.0,-234.02,208.50782950857692,0.0,0.0,203.76567350857704
bucket_4,-4634.683089044138,-882.6289199456284,0.0,0.0,0.0,-8781.105,1338.25353591445,0.0,0.0,-12960.163473075316
