underlying,net_notional_usd,gross_notional_usd,orphan_frac
QBTS,-25410.600000000002,25410.600000000002,1.0
SPCX,-2364.7999999999997,2364.7999999999997,1.0
