bucket,realized_pnl,unrealized_pnl,dividends,withholding_tax,pil_dividends,borrow_fees,short_credit_interest,other_fees,bond_interest,total_pnl
bucket_1,211674.25323213512,-61856.79636812026,755.3766293556334,-4.960000026662394,-878.7688266696216,-36840.054651024664,6938.257097195713,-0.7000010981930391,0.0,119786.60711174704
bucket_2,98476.93369862488,168580.34681358517,80.9433706443666,-19.41999997333761,-215974.61117333037,-32836.195348975336,7238.0508156121105,-5.8199989018069616,0.0,25540.22817728568
bucket_5,0.0,564.203762,0.0,0.0,0.0,-353.77,297.6933988028383,0.0,0.0,508.1271608028384
bucket_3,276.12134444000003,1176.9875939999997,0.0,0.0,-511.65000000000003,-2170.2200000000003,234.0732839942434,0.0,0.0,-994.6877775657567
bucket_4,-25835.26477527,-4417.817634464922,0.0,0.0,-149.97,-13177.4,883.455404395094,0.0,0.0,-42696.99700533983
