bucket,realized_pnl,unrealized_pnl,dividends,withholding_tax,pil_dividends,borrow_fees,short_credit_interest,other_fees,bond_interest,total_pnl
bucket_2,17656.28219818,7318.176982,-9.999999999999998,0.0,-9141.63,-734.21,136.74834194399483,0.0,0.0,15225.367522123994
bucket_4,922.61986557,0.0,0.0,0.0,0.0,-8.1,0.0,0.0,0.0,914.5198655700001
bucket_3,-412.59307882,-2722.4515499999998,0.0,0.0,0.0,-24.63,46.37470538836113,0.0,0.0,-3113.299923431639
bucket_1,-3532.3814467000007,-7817.769364999998,44.730000000000004,0.0,-40.4,-1420.15,689.5169526676442,0.0,0.0,-12076.453859032354
