bucket,realized_pnl,unrealized_pnl,dividends,withholding_tax,pil_dividends,borrow_fees,short_credit_interest,other_fees,bond_interest,total_pnl
bucket_1,-832.2717611500007,40173.155745,0.0,0.0,-40.4,-1401.4172733058185,654.3065475778534,0.0,0.0,38553.37325812203
bucket_4,676.78988399,0.0,0.0,0.0,0.0,-7.031354941585354,0.0,0.0,0.0,669.7585290484147
bucket_3,1.057084140000029,-2722.011987,0.0,0.0,-292.2,-49.269999999999996,47.16744945684981,0.0,0.0,-3015.2574534031505
bucket_2,14061.0701047,-41796.945085,34.730000000000004,0.0,-8849.43,-706.081371752596,171.1660029652968,0.0,0.0,-37085.4903490873
