bucket,realized_pnl,unrealized_pnl,dividends,withholding_tax,pil_dividends,borrow_fees,short_credit_interest,other_fees,bond_interest,total_pnl
bucket_2,15275.931662597284,3472.5708235683455,-9.999999999999998,0.0,-9141.63,-752.2270675042816,144.8702361881364,0.0,0.0,8989.515654849483
bucket_3,510.02678675,-2722.4515499999998,0.0,0.0,0.0,-32.1,46.3079065207604,0.0,0.0,-2198.2168567292397
bucket_1,-1152.0309123772843,-4823.603091568344,44.730000000000004,0.0,-40.4,-1402.6429324957185,681.4618572911035,0.0,0.0,-6692.485079150243
