bucket,realized_pnl,unrealized_pnl,dividends,withholding_tax,pil_dividends,borrow_fees,short_credit_interest,other_fees,bond_interest,total_pnl
bucket_2,15283.941926073087,3023.225954476231,-9.999999999999998,0.0,-8849.43,-710.0500000000001,136.5627038004803,0.0,0.0,8874.250584349797
bucket_4,868.8139272565612,1032.9197146392107,0.0,0.0,0.0,-8.505,0.0,0.0,0.0,1893.2286418957717
bucket_3,1.057084140000029,-2722.011987,0.0,0.0,-292.2,-49.269999999999996,46.56034353187565,0.0,0.0,-3015.8645593281244
bucket_1,-1519.885399449648,-4556.177615115441,44.730000000000004,0.0,-40.4,-1419.265,689.5169526676442,0.0,0.0,-6801.4810618974425
