bucket,realized_pnl,unrealized_pnl,dividends,withholding_tax,pil_dividends,borrow_fees,short_credit_interest,other_fees,bond_interest,total_pnl
bucket_4,676.78988399,0.0,0.0,0.0,0.0,-5.4,0.0,0.0,0.0,671.38988399
bucket_3,1.057084140000029,-2722.011987,0.0,0.0,-292.2,-49.269999999999996,46.928884844916205,0.0,0.0,-3015.496018015084
bucket_1,-2799.219984604897,256.7362913042166,44.730000000000004,0.0,-40.4,-1399.03,682.7148733980412,0.0,0.0,-3254.4688199026377
bucket_2,4346.963406134897,-2709.539597304217,-0.34,0.0,-5692.36,-410.66,142.99624175704287,0.0,0.0,-4322.939949412277
