bucket,realized_pnl,unrealized_pnl,dividends,withholding_tax,pil_dividends,borrow_fees,short_credit_interest,other_fees,bond_interest,total_pnl
bucket_1_high_leverage,2602.2759828799994,45264.751448,0.0,0.0,-40.4,-1416.39,658.4010135160686,0.0,0.0,47068.63844439607
bucket_3_inverse,510.02678675,-2722.4515499999998,0.0,0.0,0.0,-32.1,46.0983736087002,0.0,0.0,-2198.4263896413004
bucket_2_low_leverage,11521.62476734,-46671.741748,34.730000000000004,0.0,-9141.63,-738.6,168.14061287523137,0.0,0.0,-44827.476367784766
