bucket,realized_pnl,unrealized_pnl,dividends,withholding_tax,pil_dividends,borrow_fees,short_credit_interest,other_fees,bond_interest,total_pnl
bucket_2,15248.511053227032,5537.007293008517,-9.999999999999998,0.0,-8849.43,-710.0500000000001,136.5627038004803,0.0,0.0,11352.60105003603
bucket_4,922.61986557,0.0,0.0,0.0,0.0,-8.505,0.0,0.0,0.0,914.1148655700001
bucket_3,1.057084140000029,-2722.011987,0.0,0.0,-292.2,-49.269999999999996,46.56034353187565,0.0,0.0,-3015.8645593281244
bucket_1,-1538.260464917054,-6037.039239008516,44.730000000000004,0.0,-40.4,-1419.2649999999999,689.5169526676442,0.0,0.0,-8300.717751257926
