bucket,realized_pnl,unrealized_pnl,dividends,withholding_tax,pil_dividends,borrow_fees,short_credit_interest,other_fees,bond_interest,total_pnl
bucket_4,676.78988399,0.0,0.0,0.0,0.0,-5.4,0.0,0.0,0.0,671.38988399
bucket_3,1.057084140000029,-2722.011987,0.0,0.0,-292.2,-49.269999999999996,47.01003616177166,0.0,0.0,-3015.4148666982283
bucket_1,-2643.005829811336,150.0487719373109,44.730000000000004,0.0,-40.4,-1404.69,682.3864472234449,0.0,0.0,-3210.9306106505783
bucket_2,4190.749251341335,-2605.0264689373107,-0.34,0.0,-5692.36,-405.0,143.24351661478374,0.0,0.0,-4368.733700981192
