bucket,realized_pnl,unrealized_pnl,dividends,withholding_tax,pil_dividends,borrow_fees,short_credit_interest,other_fees,bond_interest,total_pnl
bucket_2,3810.8062329281643,4799.9395423125015,-10.0,0.0,-6545.32093039723,-500.87950540619215,168.14061287523137,0.0,0.0,1722.6859523124751
bucket_1,10313.094517291836,-6206.9298423125,44.730000000000004,0.0,-2636.709069602771,-1654.110494593808,658.4010135160686,0.0,0.0,518.4761242988249
bucket_3,510.02678675,-2722.4515499999998,0.0,0.0,0.0,-32.1,46.0983736087002,0.0,0.0,-2198.4263896413004
