bucket,realized_pnl,unrealized_pnl,dividends,withholding_tax,pil_dividends,borrow_fees,short_credit_interest,other_fees,bond_interest,total_pnl
bucket_1,-2506.6497487004726,15662.661211807837,21.159983036414957,0.0,-40.4,-1418.51,678.9896204716636,0.0,0.0,12397.251066615445
bucket_4,965.4756758015167,-1311.5321219047034,0.0,0.0,0.0,-9.19056815877677,0.0,0.0,0.0,-355.2470142619633
bucket_3,1.057084140000029,-2722.011987,0.0,0.0,-292.2,-49.269999999999996,46.56034353187565,0.0,0.0,-3015.8645593281244
bucket_2,16174.044526848957,-14851.161035903133,13.570016963585047,0.0,-8849.43,-710.1194318412232,147.09003599646098,0.0,0.0,-8076.005887935356
