bucket,realized_pnl,unrealized_pnl,dividends,withholding_tax,pil_dividends,borrow_fees,short_credit_interest,other_fees,bond_interest,total_pnl
bucket_1,-401.42741046073,6864.379797509704,38.20841018779663,0.0,-40.4,-1402.7,676.8734343139718,0.0,0.0,5734.934231550744
bucket_3,510.02678675,-2722.4515499999998,0.0,0.0,0.0,-32.1,46.3079065207604,0.0,0.0,-2198.2168567292397
bucket_2,14525.32816068073,-8215.412065509703,-3.4784101877966327,0.0,-9141.63,-752.1700000000001,149.45865916526807,0.0,0.0,-3437.9036558515036
