{
  "run_date": "2026-03-06",
  "fifo_summary_present": true,
  "total_realized_pnl": 14633.927536969999,
  "total_unrealized_pnl": -4129.441849999996,
  "total_dividends": 34.730000000000004,
  "total_withholding_tax": 0.0,
  "total_pil_dividends": -9182.03,
  "total_borrow_fees": -2187.09,
  "total_short_credit_interest": 872.6400000000001,
  "total_other_fees": 0.0,
  "total_bond_interest": 0.0,
  "total_pnl": 42.73568697000883,
  "excluded_cash_interest_base": -759.1551274,
  "borrow_mode": "borrow_fee_details_cumulative_by_symbol",
  "borrow_total_account_source": -2187.09,
  "borrow_details_file_present": true,
  "borrow_details_rows_cumulative": 190,
  "universe_source": "/home/runner/work/ls-algo/ls-algo/data/etf_screened_today.csv",
  "universe_allowed_etfs": 392,
  "universe_allowed_underlyings": 207,
  "kept_symbols": 389,
  "kept_underlyings": 151,
  "net_exposure_total": -26846.636664152596,
  "gross_exposure_total": 2217082.4466641527,
  "net_exposure_bucket_1": -3214.2171185936095,
  "gross_exposure_bucket_1": 2068471.7202931936,
  "net_exposure_bucket_2": -23632.419545558994,
  "gross_exposure_bucket_2": 148610.72637095902,
  "net_exposure_bucket_3": 84094.81917857,
  "gross_exposure_bucket_3": 84094.81917857,
  "yfinance_override": false,
  "yfinance_symbols_overridden": 0,
  "bucket_pnl": {
    "bucket_2": 1722.6859523124751,
    "bucket_1": 518.4761242988249,
    "bucket_3": -2198.4263896413004
  }
}