bucket,realized_pnl,unrealized_pnl,dividends,withholding_tax,pil_dividends,borrow_fees,short_credit_interest,other_fees,bond_interest,total_pnl
bucket_1,197674.23699240177,-59657.505854992385,754.8772985160654,-4.960000252084031,-863.34,-36115.25601188216,6934.676492726186,-0.7000017909952292,0.0,108722.02891472641
bucket_2,94957.8885403856,175660.86645007748,75.8127014839346,-19.41999974791597,-215978.48,-32197.693988117844,7207.13900314739,-5.819998209004771,0.0,29700.29270901962
bucket_3,276.12134444000003,3864.507599,0.0,0.0,-511.65000000000003,-2127.14,228.5459941908801,0.0,0.0,1730.3849376308808
bucket_5,0.0,436.41376200000013,0.0,0.0,0.0,-330.69,314.8835989731436,0.0,0.0,420.6073609731436
bucket_4,-25972.678633877375,-2760.125606085089,0.0,0.0,-149.97,-12857.74,906.284910962403,0.0,0.0,-40834.22932900006
