sleeve,n_pairs,n_skipped,skip_reasons,n_rebal,turnover_l1,start_usd,yaml_budget_usd,plan_deployed_usd,end_usd,engine,cagr,vol,sharpe,maxdd,admitted_gross_usd,cadence_base_days,cadence_k_tr,min_equity_pre_floor,rho
core_leveraged,218,10.0,TXXH:not_in_panel; AMKL:not_in_panel; AXTU:not_in_panel; XNDX:not_in_panel; DRNL:not_in_panel; AAOG:not_in_panel; CATG:not_in_panel; COHH:not_in_panel; SNDG:not_in_panel; STXU:not_in_panel,59.0,1.965858592505066,1801148.2120337745,2142000.0,1801148.2120337745,1823717.047999627,pair_daily_returns + weekly retarget (cash for inactive; no pair_eq wipe),0.010477986305325038,0.04196536388766437,0.27218943190397493,-0.022439328752220766,,,,,
yieldboost,8,2.0,CRY:not_in_panel; CWY:not_in_panel,55.0,1.8894394561176469,535480.2386525341,1932000.0,535480.2386525341,700484.788078462,pair_daily_returns + weekly retarget (cash for inactive; no pair_eq wipe),0.26339646904907577,0.112770142947908,2.1806994702244684,-0.06267632243643473,,,,,
inverse_decay_bucket4,9,2.0,MUZ:not_in_panel; SSPC:not_in_panel,,,27977.085972729154,115500.0,105861.96110888041,116094.46071619635,bucket4_dynamic_bt + production cadence/v7 + admitted-only notional,2.3213244664396857,2.4560398484911836,1.296583053784258,-0.7864891496678157,96223.92221776079,14.0,-1.0,,
volatility_etp_bucket5,1,0.0,,,,10500.0,10500.0,10500.0,10727.853024849092,bucket5_carry_bt short-UVIX/short-SVIX (plan rho),0.01818932228966519,0.05663418346566154,0.34875180678118156,-0.03106548428119238,,,,10272.17065558964,1.992109
BOOK,236,,,,,1050000.0,,,1171983.9819841343,"sum sleeve budgets, rescale to capital_usd",0.09667700469482932,0.06451021469225339,1.4732036862205293,-0.05510730313518086,,,,,
