sleeve,n_pairs,pnl_usd
volatility_etp_bucket5,1,10.62123195733627
inverse_decay_bucket4,15,24506.413035376318
core_leveraged,272,41139.332268282895
yieldboost,18,207905.8870308299
