sleeve,n_pairs,pnl_usd
volatility_etp_bucket5,1,173.39035364328316
inverse_decay_bucket4,20,613.8812626285771
yieldboost,19,16360.765141249942
core_leveraged,286,66823.35872474557
