sleeve,n_pairs,pnl_usd
core_leveraged,36,2868.7944404702675
inverse_decay_bucket4,5,7667.158108870329
yieldboost,9,65612.16191886985
