sleeve,pnl_usd,pnl_deployed_usd,avg_net_cap,avg_gross_cap,avg_gross_deployed,avg_abs_net_deployed,roc,rog,roc_deployed,rog_deployed,rog_deployed_ann,deployed_day_frac,n_days,n_deployed_days
BOOK,83971.39548226818,83971.39548226818,1034955.9708875869,3355559.9389810115,3390513.688345397,1045736.7622509993,0.08113523458418585,0.02502455536758134,0.08029878886682311,0.024766570260699058,0.06434201758449652,0.9896907216494846,97,96
core_leveraged,66823.35872474563,66823.3587247456,1128508.8477399526,3243078.111690807,3276860.1753542535,1140264.148237244,0.05921385451126214,0.02060491805111246,0.058603402402898574,0.020392496215533972,0.052978443776438774,0.9896907216494846,97,96
yieldboost,16360.765141249944,16360.765141249944,-56187.76607285013,107587.35411259369,168322.15078905787,87906.66627526552,,0.1520695929014842,0.1861151814131917,0.0971991212360002,0.25251730465435107,0.6391752577319587,97,62
inverse_decay_bucket4,616.7024594958177,616.7024594958173,-30404.88138540316,30404.88138540316,32057.320591131596,32057.320591131596,,0.02028300823406223,0.01923749234570849,0.01923749234570849,0.04997781516617052,0.9484536082474226,97,92
volatility_etp_bucket5,170.56915677604275,170.56915677604286,-6960.229394112418,6960.229394112418,21098.19535090327,21098.19535090327,,0.02450625505537581,0.008084537750227076,0.008084537750227076,0.02100312900058993,0.32989690721649484,97,32
