bucket,realized_pnl,unrealized_pnl,dividends,withholding_tax,pil_dividends,borrow_fees,short_credit_interest,other_fees,bond_interest,total_pnl
bucket_2,57212.30183033968,65382.736681195,73.5656257598036,-9.715424447316408,-50581.07,-8142.44,2854.8952697490868,-1.1178979737900567,0.0,66789.15608462246
bucket_1,-22555.316933385893,53890.892512452745,604.1643742401964,-5.984575552683592,-732.16,-20059.446876683713,1646.8941002600413,-0.7021020262099436,0.0,12788.340499304486
bucket_3,30.564975440000012,10379.142282,0.0,0.0,-574.13,-1599.19,101.44947040718671,0.0,0.0,8337.836727847187
bucket_4,-9575.422114443787,16156.962120352258,0.0,0.0,0.0,-1436.9331233162854,144.2764373956524,0.0,0.0,5288.883319987837
bucket_5,0.0,7.529699,0.0,0.0,0.0,-3.0599999999999996,13.414722188032963,0.0,0.0,17.884421188032963
