bucket,realized_pnl,unrealized_pnl,dividends,withholding_tax,pil_dividends,borrow_fees,short_credit_interest,other_fees,bond_interest,total_pnl
bucket_2,51898.402149541624,62582.31551890793,73.5656257598036,-9.715424447316408,-50581.07,-8142.44,2854.8952697490868,-1.1178979743477586,0.0,58674.835241536784
bucket_1,-27281.62111499162,59589.08572836761,604.1643742401964,-5.984575552683592,-732.16,-20053.655,1646.8941002600413,-0.7021020256522416,0.0,13766.021410297884
bucket_4,291.52393533000003,13259.190066724457,0.0,0.0,0.0,-1437.0649999999998,144.2764373956524,0.0,0.0,12257.92543945011
bucket_3,30.564975440000012,10379.142282,0.0,0.0,-574.13,-1599.19,101.44947040718671,0.0,0.0,8337.836727847187
bucket_5,0.0,7.529699,0.0,0.0,0.0,-3.0599999999999996,13.414722188032963,0.0,0.0,17.884421188032963
