bucket,realized_pnl,unrealized_pnl,dividends,withholding_tax,pil_dividends,borrow_fees,short_credit_interest,other_fees,bond_interest,total_pnl
bucket_2,55359.587461783405,70498.24891716667,8.996491228070175,0.0,-50680.31,-8129.74,2839.0500202923376,0.0,0.0,69895.83289047048
bucket_1,-30387.38774865341,70376.165601271,668.7335087719298,-15.7,-732.16,-20318.996105167935,1647.8032055487536,-1.82,0.0,21236.63846177035
bucket_3,30.564975440000012,10379.142282,0.0,0.0,-574.13,-1599.19,100.88640521075368,0.0,0.0,8337.273662650754
bucket_4,587.99365399,-566.1663244376592,0.0,0.0,0.0,-1554.9938948320646,173.1903689481551,0.0,0.0,-1359.9761963315696
