bucket,realized_pnl,unrealized_pnl,dividends,withholding_tax,pil_dividends,borrow_fees,short_credit_interest,other_fees,bond_interest,total_pnl
bucket_2,75250.06740324295,68471.75146461734,-67.88350877192983,0.0,-84050.14,-12562.9,5890.543158811531,0.0,0.0,52931.43851789989
bucket_1,-772.4370470929624,59325.440242857425,687.2935087719299,-17.16,-734.19,-23351.52682352209,2287.8110434740934,-1.82,0.0,37423.41092448841
bucket_3,31.060795170000013,6098.428524000001,0.0,0.0,-588.36,-1763.92,178.72809716648985,0.0,0.0,3955.9374163364896
bucket_4,587.99365399,-1454.1726464747567,0.0,0.0,0.0,-2944.3431764779107,603.1077005478877,0.0,0.0,-3207.4144684147786
