bucket,realized_pnl,unrealized_pnl,dividends,withholding_tax,pil_dividends,borrow_fees,short_credit_interest,other_fees,bond_interest,total_pnl
bucket_2,75186.33636730918,64044.39441037455,2.6550943206199022,-10.71433152134345,-83949.431641391,-12575.6,6088.268817256038,-1.1199946093762463,0.0,48784.78872173868
bucket_1,701.5560375201832,51896.763892671916,616.7549056793802,-6.44566847865655,-735.6583586090043,-23065.765384565497,2337.1272461673307,-0.7000053906237537,0.0,31743.632664995035
bucket_3,31.060795170000013,6098.428524000001,0.0,0.0,-588.36,-1763.92,184.72739633840325,0.0,0.0,3961.9367155084037
bucket_5,0.0,22.445375000000013,0.0,0.0,0.0,-43.300000000000004,32.547988289150304,0.0,0.0,11.693363289150284
bucket_4,-1302.7953838993715,2784.503775953532,0.0,0.0,0.0,-2655.024615434504,317.5185519490789,0.0,0.0,-855.7976714312633
