bucket,realized_pnl,unrealized_pnl,dividends,withholding_tax,pil_dividends,borrow_fees,short_credit_interest,other_fees,bond_interest,total_pnl
bucket_2,73515.91081176727,62720.46286696228,2.6550943206199022,-10.71433152134345,-83949.431641391,-12575.6,6088.268817256038,-1.119994609377645,0.0,45790.4316227845
bucket_1,604.4044612027238,42107.20805361774,616.7549056793802,-6.44566847865655,-735.6583586090043,-23060.045000000002,2337.1272461673307,-0.7000053906223552,0.0,21862.645634188895
bucket_4,291.52393533000003,13897.991158419976,0.0,0.0,0.0,-2655.085,317.5185519490789,0.0,0.0,11851.948645699056
bucket_3,31.060795170000013,6098.428524000001,0.0,0.0,-588.36,-1763.92,184.72739633840325,0.0,0.0,3961.9367155084037
bucket_5,0.0,22.445375000000013,0.0,0.0,0.0,-43.300000000000004,32.547988289150304,0.0,0.0,11.693363289150284
