bucket,realized_pnl,unrealized_pnl,dividends,withholding_tax,pil_dividends,borrow_fees,short_credit_interest,other_fees,bond_interest,total_pnl
bucket_1,1350.6338639272687,16245.648612883168,355.4562660989318,0.0,-34.82,-3928.925,660.6009063403944,0.0,0.0,14648.594649249762
bucket_4,879.8114963200001,0.0,0.0,0.0,0.0,-8.505,0.0,0.0,0.0,871.3064963200001
bucket_2,14799.77457816273,-278.95675288316534,42.64373390106821,0.0,-14082.25,-1343.67,143.5207364511432,0.0,0.0,-718.937704368224
bucket_3,21.16697472000004,-11022.658116,0.0,0.0,-298.03000000000003,-426.41999999999996,68.5183572084625,0.0,0.0,-11657.422784071538
