bucket,realized_pnl,unrealized_pnl,dividends,withholding_tax,pil_dividends,borrow_fees,short_credit_interest,other_fees,bond_interest,total_pnl
bucket_1,2134.191692207389,25880.864714790794,354.29864941063255,0.0,-34.82,-4036.07,663.4458069115506,0.0,0.0,24961.91086332037
bucket_3,530.1366773300001,-11052.862411,0.0,0.0,0.0,-408.73,67.16575150448517,0.0,0.0,-10864.289982165516
bucket_2,14639.03777648261,-11788.059476790795,43.801350589367445,0.0,-14380.28,-1392.98,142.02844158396445,0.0,0.0,-12736.451908134854
