bucket,realized_pnl,unrealized_pnl,dividends,withholding_tax,pil_dividends,borrow_fees,short_credit_interest,other_fees,bond_interest,total_pnl
bucket_2,15134.25121990486,11883.3956795235,4.019832960195829,0.0,-14379.50983200007,-1392.9323106675847,142.02844158396445,0.0,0.0,11391.253031304865
bucket_1,1638.9782487851412,2209.409558476499,394.08016703980417,0.0,-35.5901679999296,-4036.1176893324155,663.4458069115506,0.0,0.0,834.2059238806502
bucket_3,530.1366773300001,-11052.862411,0.0,0.0,0.0,-408.73,67.16575150448517,0.0,0.0,-10864.289982165516
