bucket,realized_pnl,unrealized_pnl,dividends,withholding_tax,pil_dividends,borrow_fees,short_credit_interest,other_fees,bond_interest,total_pnl
bucket_1,1718.3443652411565,65883.0486508477,234.3210044426944,0.0,-38.980000000000004,-3928.018090658299,660.6009063403944,0.0,0.0,64529.31683621365
bucket_4,847.4724574470288,-6733.265857721436,0.0,0.0,1.3946547344637967,-9.395712623706709,0.0,0.0,0.0,-5893.79445816365
bucket_3,21.16697472000004,-11022.658116,0.0,0.0,-298.03000000000003,-426.41999999999996,68.5183572084625,0.0,0.0,-11657.422784071538
bucket_2,14464.403114791814,-43183.090933126274,163.77899555730562,0.0,-14079.484654734464,-1343.6861967179943,143.5207364511432,0.0,0.0,-43834.55893777846
