bucket,realized_pnl,unrealized_pnl,dividends,withholding_tax,pil_dividends,borrow_fees,short_credit_interest,other_fees,bond_interest,total_pnl
bucket_1,-469.84132457903695,11628.686216791584,393.0509212329739,0.0,-34.82,-3987.27,663.978512435398,0.0,0.0,8193.78432588092
bucket_4,676.78988399,0.0,0.0,0.0,0.0,-5.4,0.0,0.0,0.0,671.38988399
bucket_2,4703.109543829037,973.5290592084175,14.709078767026075,0.0,-10635.960000000001,-972.78,139.57470066633124,0.0,0.0,-5777.81761752919
bucket_3,21.16697472000004,-11022.658116,0.0,0.0,-298.03000000000003,-426.41999999999996,69.08678689827101,0.0,0.0,-11656.854354381729
