bucket,realized_pnl,unrealized_pnl,dividends,withholding_tax,pil_dividends,borrow_fees,short_credit_interest,other_fees,bond_interest,total_pnl
bucket_1,1607.5025187499996,154478.444902,0.0,0.0,-61.64736776611604,-3953.5870653410107,658.0547270303454,0.0,0.0,152728.76771467322
bucket_4,676.78988399,0.0,0.0,0.0,0.0,-7.2364833747396515,0.0,0.0,0.0,669.5534006152604
bucket_3,21.16697472000004,-11022.658116,0.0,0.0,-298.03000000000003,-426.41999999999996,69.3411301248701,0.0,0.0,-11656.60001115513
bucket_2,14306.82062282,-140398.426393,398.1,0.0,-14055.422632233884,-1337.0264512842498,145.24414284478468,0.0,0.0,-140940.71071085334
