bucket,realized_pnl,unrealized_pnl,dividends,withholding_tax,pil_dividends,borrow_fees,short_credit_interest,other_fees,bond_interest,total_pnl
bucket_1,2621.6319927003506,8516.53445493383,408.25,0.0,-34.82,-3928.925,660.6009063403944,0.0,0.0,8243.272353974577
bucket_2,13485.968080469649,7450.157405066171,-10.149999999999999,0.0,-14082.25,-1343.67,143.5207364511432,0.0,0.0,5643.576221986963
bucket_4,922.61986557,0.0,0.0,0.0,0.0,-8.505,0.0,0.0,0.0,914.1148655700001
bucket_3,21.16697472000004,-11022.658116,0.0,0.0,-298.03000000000003,-426.41999999999996,68.5183572084625,0.0,0.0,-11657.422784071538
