bucket,realized_pnl,unrealized_pnl,dividends,withholding_tax,pil_dividends,borrow_fees,short_credit_interest,other_fees,bond_interest,total_pnl
bucket_1,9188.851356795727,2592.598408225434,393.80264945374284,0.0,-2587.608756289605,-4125.540669934136,664.355299684643,0.0,0.0,6126.458287935807
bucket_2,7275.508214134273,11668.082797774568,4.29735054625716,0.0,-11827.491243710396,-1323.4093300658644,141.41095866396972,0.0,0.0,5938.398747342807
bucket_3,530.1366773300001,-11052.862411,0.0,0.0,0.0,-408.73,66.87374165138746,0.0,0.0,-10864.581992018611
