bucket,realized_pnl,unrealized_pnl,dividends,withholding_tax,pil_dividends,borrow_fees,short_credit_interest,other_fees,bond_interest,total_pnl
bucket_4,922.61986557,28926.417994309377,0.0,0.0,0.0,-7.405048772804213,0.0,0.0,0.0,29841.632811106574
bucket_2,13603.650437453685,2388.958500929392,-10.149999999999999,0.0,-14082.25,-1343.67,143.5207364511432,0.0,0.0,700.0596748342202
bucket_3,21.16697472000004,-11022.658116,0.0,0.0,-298.03000000000003,-426.41999999999996,68.5183572084625,0.0,0.0,-11657.422784071538
bucket_1,2503.949635716314,-15348.68463523877,408.25,0.0,-34.82,-3930.0249512271957,660.6009063403944,0.0,0.0,-15740.729044409256
