bucket,realized_pnl,unrealized_pnl,dividends,withholding_tax,pil_dividends,borrow_fees,short_credit_interest,other_fees,bond_interest,total_pnl
bucket_1,-654.5495389171884,12513.192196904167,392.93025451626687,0.0,-34.82,-3996.34,664.696410402831,0.0,0.0,8885.109322906075
bucket_4,676.78988399,0.0,0.0,0.0,0.0,-5.4,0.0,0.0,0.0,671.38988399
bucket_2,4887.817758167188,98.46760209583545,14.829745483733134,0.0,-10635.960000000001,-978.44,139.09449516658646,0.0,0.0,-6474.190399086659
bucket_3,21.16697472000004,-11022.658116,0.0,0.0,-298.03000000000003,-426.41999999999996,68.84909443058262,0.0,0.0,-11657.092046849419
