bucket,realized_pnl,unrealized_pnl,dividends,withholding_tax,pil_dividends,borrow_fees,short_credit_interest,other_fees,bond_interest,total_pnl
bucket_1,1488.1462900108315,9933.748228185521,355.4562660989318,0.0,-34.82,-3928.925,660.6009063403944,0.0,0.0,8474.20669063568
bucket_2,14717.330698932821,4425.543022479616,42.64373390106821,0.0,-14082.25,-1343.67,143.5207364511432,0.0,0.0,3903.1181917646486
bucket_4,824.7429497963468,1607.4006093348623,0.0,0.0,0.0,-8.505,0.0,0.0,0.0,2423.638559131209
bucket_3,21.16697472000004,-11022.658116,0.0,0.0,-298.03000000000003,-426.41999999999996,68.5183572084625,0.0,0.0,-11657.422784071538
