bucket,realized_pnl,unrealized_pnl,dividends,withholding_tax,pil_dividends,borrow_fees,short_credit_interest,other_fees,bond_interest,total_pnl
bucket_2,17566.39600693,23882.589701,-10.149999999999999,0.0,-14380.28,-1367.92,143.95993303034408,0.0,0.0,25834.595640960342
bucket_4,922.61986557,0.0,0.0,0.0,0.0,-8.1,0.0,0.0,0.0,914.5198655700001
bucket_3,-392.48318824,-11052.862411,0.0,0.0,0.0,-401.26,68.07916062926162,0.0,0.0,-11778.52643861074
bucket_1,-1045.1457705600003,-7885.6935459999995,408.25,0.0,-34.82,-3930.2400000000002,660.6009063403944,0.0,0.0,-11827.048410219604
