{
  "run_date": "2026-03-31",
  "fifo_summary_present": true,
  "total_realized_pnl": 16994.496248260002,
  "total_unrealized_pnl": 3207.81879499997,
  "total_dividends": 398.09999999999997,
  "total_withholding_tax": 0.0,
  "total_pil_dividends": -14415.1,
  "total_borrow_fees": -5857.68,
  "total_short_credit_interest": 872.6400000000001,
  "total_other_fees": 0.0,
  "total_bond_interest": 0.0,
  "total_pnl": 1200.275043260015,
  "excluded_cash_interest_base": -759.1551274,
  "borrow_mode": "borrow_fee_details_cumulative_by_symbol",
  "borrow_total_account_source": -5857.679999999999,
  "borrow_details_file_present": true,
  "borrow_details_rows_cumulative": 260,
  "universe_source": "/home/runner/work/ls-algo/ls-algo/data/etf_screened_today.csv",
  "universe_allowed_etfs": 396,
  "universe_allowed_underlyings": 211,
  "kept_symbols": 426,
  "kept_underlyings": 173,
  "net_exposure_total": 46272.57674023749,
  "gross_exposure_total": 1970939.6380597628,
  "net_exposure_bucket_1": 45363.883900079,
  "gross_exposure_bucket_1": 1861318.389828214,
  "net_exposure_bucket_2": 908.6928401584921,
  "gross_exposure_bucket_2": 109621.24823154851,
  "net_exposure_bucket_3": 346397.87042869,
  "gross_exposure_bucket_3": 346397.87042869,
  "yfinance_override": false,
  "yfinance_symbols_overridden": 0,
  "bucket_pnl": {
    "bucket_1": 6126.458287935807,
    "bucket_2": 5938.398747342807,
    "bucket_3": -10864.581992018611
  }
}