bucket,realized_pnl,unrealized_pnl,dividends,withholding_tax,pil_dividends,borrow_fees,short_credit_interest,other_fees,bond_interest,total_pnl
bucket_2,21453.23563317968,22196.918424344276,23.176491228070176,0.0,-20821.68,-1984.5900000000001,373.4110730737698,0.0,0.0,21240.471621825793
bucket_3,30.564975440000012,5334.335806,0.0,0.0,-532.03,-941.9000000000001,92.56437004499759,0.0,0.0,3983.535151484997
bucket_4,291.52393533000003,-935.860881,0.0,0.0,0.0,-5.415,17.203782889513906,0.0,0.0,-632.548162780486
bucket_1,1296.7589331203199,-168.60435034427675,546.0935087719298,-7.89,-716.44,-7879.875,1732.010773991719,0.0,0.0,-5197.946134460311
