bucket,realized_pnl,unrealized_pnl,dividends,withholding_tax,pil_dividends,borrow_fees,short_credit_interest,other_fees,bond_interest,total_pnl
bucket_2,9512.657504700921,15574.620776436725,14.696077643215368,0.0,-17397.77,-1544.75,359.7333408784852,0.0,0.0,6519.187699659347
bucket_3,30.564975440000012,5334.335806,0.0,0.0,-532.03,-941.9000000000001,90.23846059240064,0.0,0.0,3981.2092420324007
bucket_4,676.78988399,0.0,0.0,0.0,0.0,-5.4,0.0,0.0,0.0,671.38988399
bucket_1,4887.568286049076,1883.900651563272,564.2339223567847,-7.89,-716.44,-8299.13,1765.2181985291143,0.0,0.0,77.46105849824588
