bucket,realized_pnl,unrealized_pnl,dividends,withholding_tax,pil_dividends,borrow_fees,short_credit_interest,other_fees,bond_interest,total_pnl
bucket_2,20426.39138440936,22031.734781957373,10.57909427004697,0.0,-20920.920000000002,-1971.89,370.4137041572379,0.0,0.0,19946.308964794014
bucket_3,30.564975440000012,5334.335806,0.0,0.0,-532.03,-941.9000000000001,91.82135628467339,0.0,0.0,3982.7921377246735
bucket_4,676.78988399,-1298.7257154136114,0.0,0.0,0.0,-6.4350000000000005,17.065688205670384,0.0,0.0,-611.3051432179409
bucket_1,2829.3498260106403,830.9539184562393,558.690905729953,-7.89,-716.44,-8014.095,1735.8892513524183,0.0,0.0,-2783.54109845075
