bucket,realized_pnl,unrealized_pnl,dividends,withholding_tax,pil_dividends,borrow_fees,short_credit_interest,other_fees,bond_interest,total_pnl
bucket_2,28620.55461518,110925.192823,419.66326354987916,-7.89,-20890.54,-1973.5862651844582,365.3658606449736,0.0,0.0,117458.7602971904
bucket_3,30.564975440000012,5334.335806,0.0,0.0,-532.03,-941.9000000000001,90.5700531271311,0.0,0.0,3981.5408345671312
bucket_4,676.78988399,0.0,30.727198389154424,0.0,0.0,-6.9063589060470845,0.0,0.0,0.0,700.6107234731073
bucket_1,-1485.6003115600029,-93782.176671,118.87953806096645,0.0,-746.82,-8242.467375909495,1759.2540862278959,0.0,0.0,-102378.93073418063
