bucket,realized_pnl,unrealized_pnl,dividends,withholding_tax,pil_dividends,borrow_fees,short_credit_interest,other_fees,bond_interest,total_pnl
bucket_2,23190.8157967,16267.716070999999,-10.149999999999999,0.0,-21237.280000000002,-1999.99,371.8107126683829,0.0,0.0,16582.922580368384
bucket_3,-383.08518752000003,5321.869611,0.0,0.0,-215.67000000000002,-913.8,90.42434777352837,0.0,0.0,3899.7387712535283
bucket_1,478.5755792499981,6244.573989999997,548.6964975846621,-7.89,-716.44,-8014.5,1735.8892513524183,0.0,0.0,268.90531818707575
bucket_4,676.78988399,-935.860881,30.72350241533791,0.0,0.0,-6.03,17.065688205670384,0.0,0.0,-217.31180638899156
