bucket,realized_pnl,unrealized_pnl,dividends,withholding_tax,pil_dividends,borrow_fees,short_credit_interest,other_fees,bond_interest,total_pnl
bucket_2,21341.335464061725,12319.200177115625,59.62198153137148,-3.3472890627494416,-20920.920000000002,-2002.75,359.50660358367213,0.0,0.0,11152.646937229643
bucket_1,10005.143004288275,6316.811800884372,509.64801846862855,-4.5427109372505585,-716.44,-8445.03,1766.5657866630545,0.0,0.0,9432.155899367079
bucket_3,30.564975440000012,5334.335806,0.0,0.0,-532.03,-941.9000000000001,89.11760975327343,0.0,0.0,3980.0883911932738
bucket_4,676.78988399,0.0,0.0,0.0,0.0,-5.4,0.0,0.0,0.0,671.38988399
