bucket,realized_pnl,unrealized_pnl,dividends,withholding_tax,pil_dividends,borrow_fees,short_credit_interest,other_fees,bond_interest,total_pnl
bucket_2,20435.511135531055,22035.4149497189,10.579029657353555,0.0,-20920.920000000002,-1971.89,370.4137041572379,0.0,0.0,19959.108819064546
bucket_3,30.564975440000012,5334.335806,0.0,0.0,-532.03,-941.9000000000001,91.82135628467339,0.0,0.0,3982.7921377246735
bucket_4,676.78988399,-935.860881,0.0,0.0,0.0,-6.4350000000000005,17.065688205670384,0.0,0.0,-248.44030880432948
bucket_1,2820.230074888945,464.40891628109625,558.6909703426464,-7.89,-716.44,-8014.095,1735.8892513524183,0.0,0.0,-3159.2057871348943
