bucket,realized_pnl,unrealized_pnl,dividends,withholding_tax,pil_dividends,borrow_fees,short_credit_interest,other_fees,bond_interest,total_pnl
bucket_2,9707.540096379667,15989.174273537124,15.003800964580815,0.0,-17397.77,-1550.41,359.02519783756287,0.0,0.0,7122.563368718935
bucket_3,30.564975440000012,5334.335806,0.0,0.0,-532.03,-941.9000000000001,90.06082418612257,0.0,0.0,3981.0316056261227
bucket_4,676.78988399,0.0,0.0,0.0,0.0,-5.4,0.0,0.0,0.0,671.38988399
bucket_1,4692.68569437033,2005.0587864628708,563.9261990354192,-7.89,-716.44,-8316.44,1766.1039779763146,0.0,0.0,-12.995342155065117
