bucket,realized_pnl,unrealized_pnl,dividends,withholding_tax,pil_dividends,borrow_fees,short_credit_interest,other_fees,bond_interest,total_pnl
bucket_2,29993.616226624345,36348.60996080812,235.9526745170579,-7.2215780730897015,-20916.760000000002,-1999.271951145455,370.4137041572379,0.0,0.0,44025.33903688822
bucket_3,30.564975440000012,5334.335806,0.0,0.0,-532.03,-941.9000000000001,91.82135628467339,0.0,0.0,3982.7921377246735
bucket_4,528.7882629606466,0.0,30.739033648702016,0.0,0.0,-6.906659739650117,0.0,0.0,0.0,552.6206368696985
bucket_1,-6589.873396274992,-14784.646975808124,302.57829183424013,-0.668421926910299,-720.6,-7986.241389114895,1752.9549395580887,0.0,0.0,-28026.49695173259
