bucket,realized_pnl,unrealized_pnl,dividends,withholding_tax,pil_dividends,borrow_fees,short_credit_interest,other_fees,bond_interest,total_pnl
bucket_1,9749.603856085472,2942.9215707945714,393.23734512566506,0.0,-2587.420236011825,-3687.701782648768,671.1487991518002,0.0,0.0,7481.78955249691
bucket_2,7507.8452205245285,10294.18201620543,4.862654874334976,0.0,-11768.499763988175,-1112.1982173512317,139.04600321205442,0.0,0.0,5065.237913476942
bucket_3,522.61827675,-9583.752177,0.0,0.0,0.0,-335.40999999999997,62.44519763614541,0.0,0.0,-9334.098702613854
