bucket,realized_pnl,unrealized_pnl,dividends,withholding_tax,pil_dividends,borrow_fees,short_credit_interest,other_fees,bond_interest,total_pnl
bucket_4,922.61986557,12639.917739441884,0.0,0.0,0.0,-7.537516017369727,0.0,0.0,0.0,13555.000088994515
bucket_2,15272.326660388902,3720.431544326799,-10.149999999999999,0.0,-14023.07,-1132.47,141.1931389175946,0.0,0.0,3968.2613436332967
bucket_1,1628.3629196510967,-1482.2983057686827,408.25,0.0,-34.82,-3525.90248398263,667.5234444193991,0.0,0.0,-2338.884425680819
bucket_3,13.64857414000005,-9564.941987,0.0,0.0,-298.03000000000003,-352.96000000000004,63.92341666300642,0.0,0.0,-10138.359996196994
