bucket,realized_pnl,unrealized_pnl,dividends,withholding_tax,pil_dividends,borrow_fees,short_credit_interest,other_fees,bond_interest,total_pnl
bucket_1,1804.6460637399566,9050.043267055418,355.24760993156593,0.0,-34.82,-3524.935,667.5234444193991,0.0,0.0,8317.705385146339
bucket_2,15189.931121907539,4541.940979548748,42.852390068434055,0.0,-14023.07,-1132.47,141.1931389175946,0.0,0.0,4760.3776304423145
bucket_4,828.7322599625047,1286.0667313958352,0.0,0.0,0.0,-8.505,0.0,0.0,0.0,2106.29399135834
bucket_3,13.64857414000005,-9564.941987,0.0,0.0,-298.03000000000003,-352.96000000000004,63.92341666300642,0.0,0.0,-10138.359996196994
