bucket,realized_pnl,unrealized_pnl,dividends,withholding_tax,pil_dividends,borrow_fees,short_credit_interest,other_fees,bond_interest,total_pnl
bucket_2,15258.91772693003,10488.887155705856,4.508599825897379,0.0,-14320.32983200007,-1181.5923106675848,139.65663586044252,0.0,0.0,10390.047975654572
bucket_1,2307.4012474399683,2573.623826294147,393.59140017410266,0.0,-35.5901679999296,-3601.5676893324153,670.2639329725603,0.0,0.0,2307.7225495484317
bucket_3,522.61827675,-9583.752177,0.0,0.0,0.0,-335.40999999999997,62.71943116699725,0.0,0.0,-9333.824469083003
