bucket,realized_pnl,unrealized_pnl,dividends,withholding_tax,pil_dividends,borrow_fees,short_credit_interest,other_fees,bond_interest,total_pnl
bucket_1,428.73791393963825,50057.55368496577,234.3577093433061,0.0,-38.980000000000004,-3499.7381148151603,667.5234444193991,0.0,0.0,47849.45463785295
bucket_4,853.8391256585267,-3645.4309451913837,0.0,0.0,1.403309920988003,-9.396164683696236,0.0,0.0,0.0,-2799.584674295565
bucket_3,13.64857414000005,-9564.941987,0.0,0.0,-298.03000000000003,-352.96000000000004,63.92341666300642,0.0,0.0,-10138.359996196994
bucket_2,16540.732402831833,-31534.071761774387,163.7422906566939,0.0,-14020.313309920988,-1156.7757205011435,141.1931389175946,0.0,0.0,-29865.492959790394
