bucket,realized_pnl,unrealized_pnl,dividends,withholding_tax,pil_dividends,borrow_fees,short_credit_interest,other_fees,bond_interest,total_pnl
bucket_1,165.15490708017262,10606.563473602788,393.0547452767954,0.0,-34.82,-3565.91,670.865252834521,0.0,0.0,8234.908378794275
bucket_4,676.78988399,0.0,0.0,0.0,0.0,-5.4,0.0,0.0,0.0,671.38988399
bucket_2,4861.202817849827,1074.9522253972136,14.70525472320461,0.0,-10635.960000000001,-769.01,137.23426060985102,0.0,0.0,-5316.875441419903
bucket_3,13.64857414000005,-9564.941987,0.0,0.0,-298.03000000000003,-352.96000000000004,64.54048655562809,0.0,0.0,-10137.742926304372
