bucket,realized_pnl,unrealized_pnl,dividends,withholding_tax,pil_dividends,borrow_fees,short_credit_interest,other_fees,bond_interest,total_pnl
bucket_1,2781.3962931841147,22711.70873642716,354.2139879450509,0.0,-34.82,-3601.52,670.2639329725603,0.0,0.0,22881.242950528886
bucket_3,522.61827675,-9583.752177,0.0,0.0,0.0,-335.40999999999997,62.71943116699725,0.0,0.0,-9333.824469083003
bucket_2,14784.922681185884,-9649.19775442716,43.886012054949134,0.0,-14321.1,-1181.64,139.65663586044252,0.0,0.0,-10183.472425325883
