bucket,realized_pnl,unrealized_pnl,dividends,withholding_tax,pil_dividends,borrow_fees,short_credit_interest,other_fees,bond_interest,total_pnl
bucket_1,3196.2297518299997,109157.235872,0.0,0.0,-61.64736776611604,-3536.0270653410107,664.7210376611229,0.0,0.0,109420.51222838399
bucket_4,676.78988399,0.0,0.0,0.0,0.0,-7.2364833747396515,0.0,0.0,0.0,669.5534006152604
bucket_3,13.64857414000005,-9564.941987,0.0,0.0,-298.03000000000003,-352.96000000000004,64.79677090962707,0.0,0.0,-10137.486641950372
bucket_2,13511.18289542,-96204.756939,398.1,0.0,-13996.242632233883,-1125.8264512842497,143.12219142925022,0.0,0.0,-97274.42093566888
