bucket,realized_pnl,unrealized_pnl,dividends,withholding_tax,pil_dividends,borrow_fees,short_credit_interest,other_fees,bond_interest,total_pnl
bucket_2,17559.054623930002,18942.90339,-10.149999999999999,0.0,-14321.1,-1156.58,141.54780519469318,0.0,0.0,21155.675819124695
bucket_4,922.61986557,0.0,0.0,0.0,0.0,-8.1,0.0,0.0,0.0,914.5198655700001
bucket_1,-244.71488207000075,-4046.042221999998,408.25,0.0,-34.82,-3526.25,667.5234444193991,0.0,0.0,-6776.053659650601
bucket_3,-400.00158882,-9583.752177,0.0,0.0,0.0,-327.94,63.56875038590783,0.0,0.0,-10248.125015434092
