bucket,realized_pnl,unrealized_pnl,dividends,withholding_tax,pil_dividends,borrow_fees,short_credit_interest,other_fees,bond_interest,total_pnl
bucket_1,1671.1229478225516,14516.19938387485,355.24760993156593,0.0,-34.82,-3524.935,667.5234444193991,0.0,0.0,13650.338386048365
bucket_4,879.8114963200001,0.0,0.0,0.0,0.0,-8.505,0.0,0.0,0.0,871.3064963200001
bucket_2,15272.375001137449,361.85159412515236,42.852390068434055,0.0,-14023.07,-1132.47,141.1931389175946,0.0,0.0,662.7321242486291
bucket_3,13.64857414000005,-9564.941987,0.0,0.0,-298.03000000000003,-352.96000000000004,63.92341666300642,0.0,0.0,-10138.359996196994
