bucket,realized_pnl,unrealized_pnl,dividends,withholding_tax,pil_dividends,borrow_fees,short_credit_interest,other_fees,bond_interest,total_pnl
bucket_2,15157.20314783818,7638.4017423078285,-10.149999999999999,0.0,-14023.07,-1132.47,141.1931389175946,0.0,0.0,7771.108029063603
bucket_1,1743.48643220182,7239.649235692174,408.25,0.0,-34.82,-3524.935,667.5234444193991,0.0,0.0,6499.154112313391
bucket_4,922.61986557,0.0,0.0,0.0,0.0,-8.505,0.0,0.0,0.0,914.1148655700001
bucket_3,13.64857414000005,-9564.941987,0.0,0.0,-298.03000000000003,-352.96000000000004,63.92341666300642,0.0,0.0,-10138.359996196994
