bucket,realized_pnl,unrealized_pnl,dividends,withholding_tax,pil_dividends,borrow_fees,short_credit_interest,other_fees,bond_interest,total_pnl
bucket_1,-25.111552298413585,11200.162622400083,392.9342232664036,0.0,-34.82,-3572.86,671.5440416502036,0.0,0.0,8631.849335018273
bucket_4,676.78988399,0.0,0.0,0.0,0.0,-5.4,0.0,0.0,0.0,671.38988399
bucket_2,5051.469277228413,501.9604485999189,14.825776733596417,0.0,-10635.960000000001,-774.6700000000001,136.7725919296071,0.0,0.0,-5705.6019055084635
bucket_3,13.64857414000005,-9564.941987,0.0,0.0,-298.03000000000003,-352.96000000000004,64.32336642018943,0.0,0.0,-10137.96004643981
