{
  "run_date": "2026-03-27",
  "fifo_summary_present": true,
  "total_realized_pnl": 17780.067353360002,
  "total_unrealized_pnl": 3653.351410000003,
  "total_dividends": 398.1,
  "total_withholding_tax": 0.0,
  "total_pil_dividends": -14355.92,
  "total_borrow_fees": -5135.3099999999995,
  "total_short_credit_interest": 872.6400000000001,
  "total_other_fees": 0.0,
  "total_bond_interest": 0.0,
  "total_pnl": 3212.9287633600034,
  "excluded_cash_interest_base": -759.1551274,
  "borrow_mode": "borrow_fee_details_cumulative_by_symbol",
  "borrow_total_account_source": -5135.3099999999995,
  "borrow_details_file_present": true,
  "borrow_details_rows_cumulative": 260,
  "universe_source": "/home/runner/work/ls-algo/ls-algo/data/etf_screened_today.csv",
  "universe_allowed_etfs": 398,
  "universe_allowed_underlyings": 211,
  "kept_symbols": 424,
  "kept_underlyings": 171,
  "net_exposure_total": 62461.38549191861,
  "gross_exposure_total": 2059202.6269080816,
  "net_exposure_bucket_1": 59831.70529727923,
  "gross_exposure_bucket_1": 1945782.4347112002,
  "net_exposure_bucket_2": 2629.680194639382,
  "gross_exposure_bucket_2": 113420.19219688157,
  "net_exposure_bucket_3": 224072.53280643,
  "gross_exposure_bucket_3": 224072.53280643,
  "yfinance_override": false,
  "yfinance_symbols_overridden": 0,
  "bucket_pnl": {
    "bucket_1": 7481.78955249691,
    "bucket_2": 5065.237913476942,
    "bucket_3": -9334.098702613854
  }
}