bucket,realized_pnl,unrealized_pnl,dividends,withholding_tax,pil_dividends,borrow_fees,short_credit_interest,other_fees,bond_interest,total_pnl
bucket_1,67784.28323018017,61025.77442183096,677.3845456998077,-4.960000055709227,-863.34,-34140.15891758864,5707.181750892325,-0.7000017713228742,0.0,100185.4650291876
bucket_2,100953.08314323412,155974.79241522978,79.20545430019222,-19.419999944290772,-199899.47,-30297.441082411362,7674.780260467427,-5.819998228677126,0.0,34459.710192647195
bucket_3,276.12134444000003,4380.957603000001,0.0,0.0,-510.35,-2001.42,230.64142272371424,0.0,0.0,2375.950370163715
bucket_5,0.0,383.12220300000035,0.0,0.0,0.0,-282.51,216.9028839208366,0.0,0.0,317.51508692083735
bucket_4,-8898.825295174303,-28973.31344006072,0.0,0.0,-149.97,-10792.84,1762.0236819956992,0.0,0.0,-47052.92505323932
