bucket,realized_pnl,unrealized_pnl,dividends,withholding_tax,pil_dividends,borrow_fees,short_credit_interest,other_fees,bond_interest,total_pnl
bucket_2,28304.048566257392,38429.595185547325,8.996491228070175,0.0,-30801.8,-3426.3300000000004,2489.8894722865234,0.0,0.0,35004.39971531931
bucket_1,-30725.35998905739,68850.15885504491,655.9935087719299,-15.7,-722.79,-15983.208618534345,1939.7587033265393,-1.82,0.0,23997.03245955164
bucket_3,30.564975440000012,9092.615097,0.0,0.0,-557.1800000000001,-1355.04,136.24515649580093,0.0,0.0,7347.205228935801
bucket_4,676.78988399,-8014.553639592228,0.0,0.0,0.0,-167.16138146565584,195.03666789113615,0.0,0.0,-7309.888469176748
