bucket,realized_pnl,unrealized_pnl,dividends,withholding_tax,pil_dividends,borrow_fees,short_credit_interest,other_fees,bond_interest,total_pnl
bucket_1,-22817.387044274205,65455.90415953051,620.9608374293961,-15.7,-722.79,-16409.01409196172,1948.878181504197,-0.7864367159665024,0.0,28060.06560551221
bucket_2,20404.990225544603,37532.00380113655,13.301602851382142,0.0,-30801.8,-3426.7645682738075,2449.426458588404,-1.0335632840334976,0.0,26170.123956563093
bucket_3,30.564975440000012,9092.615097,0.0,0.0,-557.1800000000001,-1355.04,134.03104631342026,0.0,0.0,7344.99111875342
bucket_4,-2724.5827008504016,-6293.401718667048,30.72755971922179,0.0,0.0,-203.41133976447279,228.59431359397826,0.0,0.0,-8962.073885968723
