bucket,realized_pnl,unrealized_pnl,dividends,withholding_tax,pil_dividends,borrow_fees,short_credit_interest,other_fees,bond_interest,total_pnl
bucket_2,23262.190103189998,39109.017175,-11.729999999999999,0.0,-31143.309999999998,-3468.59,2492.310553272905,0.0,0.0,30239.887831462907
bucket_1,-25269.851365180002,67381.15968000001,645.9964975846622,-15.7,-722.79,-15983.33,1939.7587033265393,-1.82,0.0,27973.423515731203
bucket_3,-383.08518752000003,9083.159715,0.0,0.0,-215.67000000000002,-1312.78,133.82407550941937,0.0,0.0,7305.44860298942
bucket_4,676.78988399,-7215.5210720000005,30.72350241533791,0.0,0.0,-167.04,195.03666789113615,0.0,0.0,-6480.011017703526
