bucket,realized_pnl,unrealized_pnl,dividends,withholding_tax,pil_dividends,borrow_fees,short_credit_interest,other_fees,bond_interest,total_pnl
bucket_2,96269.4345677203,46937.76522825291,1.3344641696335522,0.0,-31143.309999999998,-3469.0244807491376,2492.310553272905,0.0,0.0,111088.51033266661
bucket_3,-383.08518752000003,9083.159715,0.0,0.0,-215.67000000000002,-1312.78,133.82407550941937,0.0,0.0,7305.44860298942
bucket_4,584.55806899,-7215.5210720000005,30.728991929222406,0.0,0.0,-167.91670112186156,195.03666789113615,0.0,0.0,-6573.114044311504
bucket_1,-98184.8640120803,59552.411626747096,632.9265439011441,-15.7,-722.79,-15982.018818129001,1939.7587033265393,-1.82,0.0,-52782.09595623452
