bucket,realized_pnl,unrealized_pnl,dividends,withholding_tax,pil_dividends,borrow_fees,short_credit_interest,other_fees,bond_interest,total_pnl
bucket_1,-28588.62981631918,72169.52526725549,624.3835087719299,-12.85,-722.79,-15748.038618534345,1944.9379458587428,-1.0043854033910788,0.0,29665.53390162925
bucket_2,27527.564558078364,32988.97311500096,40.606491228070176,-2.85,-30702.559999999998,-3439.03,2514.7968343212365,-0.8156145966089212,0.0,28926.685384032022
bucket_3,30.564975440000012,9092.615097,0.0,0.0,-557.1800000000001,-1355.04,137.6080713866377,0.0,0.0,7348.568143826637
bucket_4,-1159.255762929186,-6691.459424256452,0.0,0.0,0.0,-144.00138146565584,163.587148433384,0.0,0.0,-7831.12942021791
