bucket,realized_pnl,unrealized_pnl,dividends,withholding_tax,pil_dividends,borrow_fees,short_credit_interest,other_fees,bond_interest,total_pnl
bucket_2,155178.40553066,117912.325223,508.0534868196666,-15.7,-30771.42,-3428.0255614812613,2449.426458588404,-1.57,0.0,241831.4951375868
bucket_3,30.564975440000012,9092.615097,0.0,0.0,-557.1800000000001,-1355.04,134.03104631342026,0.0,0.0,7344.99111875342
bucket_4,-4035.4853191,-9491.352089,30.72738909933303,0.0,0.0,-203.22648622092822,228.59431359397826,0.0,0.0,-13470.742191627618
bucket_1,-156279.89973283,-11726.466892,126.20912408100037,0.0,-753.17,-16407.93795229781,1948.878181504197,-0.25,0.0,-183092.63727154263
