bucket,realized_pnl,unrealized_pnl,dividends,withholding_tax,pil_dividends,borrow_fees,short_credit_interest,other_fees,bond_interest,total_pnl
bucket_1,148745.89961917515,78639.626966,0.0,0.0,0.0,-124.36,0.0,0.0,0.0,227261.16658517515
bucket_3,30.564975440000012,9092.615097,0.0,0.0,-557.1800000000001,-1355.04,134.03104631342026,0.0,0.0,7344.99111875342
bucket_4,-1964.6782602802916,0.0,0.0,0.0,0.0,0.0,0.0,0.0,0.0,-1964.6782602802916
bucket_2,-151918.20087769485,18054.879276000003,664.99,-15.7,-31524.59,-19914.83,4626.898953686579,-1.82,0.0,-180028.37264800828
