bucket,realized_pnl,unrealized_pnl,dividends,withholding_tax,pil_dividends,borrow_fees,short_credit_interest,other_fees,bond_interest,total_pnl
bucket_2,27459.757740865916,32639.275407217,40.606491228070176,-2.85,-30702.559999999998,-3439.03,2514.7968343212365,-0.8156146791248748,0.0,28509.180858953096
bucket_1,-30144.860509995917,71413.37004616657,624.3835087719299,-12.85,-722.79,-15742.095,1944.9379458587428,-1.0043853208751252,0.0,27359.09160548046
bucket_3,30.564975440000012,9092.615097,0.0,0.0,-557.1800000000001,-1355.04,137.6080713866377,0.0,0.0,7348.568143826637
bucket_4,291.52393533000003,-5585.606495383569,0.0,0.0,0.0,-144.285,163.587148433384,0.0,0.0,-5274.780411620186
