bucket,realized_pnl,unrealized_pnl,dividends,withholding_tax,pil_dividends,borrow_fees,short_credit_interest,other_fees,bond_interest,total_pnl
bucket_2,125148.86859379712,64698.89676563952,211.53078910524508,-3.002772490603425,-30797.64,-3460.127142305021,2489.8894722865234,-1.0055804372602786,0.0,158287.41012559552
bucket_3,30.564975440000012,9092.615097,0.0,0.0,-557.1800000000001,-1355.04,136.24515649580093,0.0,0.0,7347.205228935801
bucket_4,3655.0135938829935,-5065.4631926891325,30.725703755840907,0.0,0.0,-168.09859917755952,195.03666789113615,0.0,0.0,-1352.7858263367214
bucket_1,-130548.40372950012,39631.76682804962,422.73350713891404,-12.697227509396575,-726.95,-15948.474258517419,1939.7587033265393,-0.8144195627397217,0.0,-105243.0805965746
