bucket,realized_pnl,unrealized_pnl,dividends,withholding_tax,pil_dividends,borrow_fees,short_credit_interest,other_fees,bond_interest,total_pnl
bucket_2,96269.4340467174,42579.71744529733,1.3344558673370788,0.0,-31143.309999999998,-3469.6580993682473,2492.310553272905,0.0,0.0,106729.82840178673
bucket_3,-383.08518752000003,9083.159715,0.0,0.0,-215.67000000000002,-1312.78,133.82407550941937,0.0,0.0,7305.44860298942
bucket_4,584.55806899,-8014.553639592228,30.728991929222406,0.0,0.0,-167.6330825886737,195.03666789113615,0.0,0.0,-7371.862993370543
bucket_1,-98184.86349107741,64709.49197729491,632.9265522034406,-15.7,-722.79,-15981.66881804308,1939.7587033265393,-1.82,0.0,-47624.6650762956
