bucket,realized_pnl,unrealized_pnl,dividends,withholding_tax,pil_dividends,borrow_fees,short_credit_interest,other_fees,bond_interest,total_pnl
bucket_2,27459.757740865916,32723.10025793349,40.606491228070176,-2.85,-30702.559999999998,-3439.03,2514.7968343212365,-0.8156145415982385,0.0,28593.00570980711
bucket_1,-29971.602696495916,71480.22238327934,624.3835087719299,-12.85,-722.79,-15747.755,1944.9379458587428,-1.0043854584017615,0.0,27593.541755955695
bucket_3,30.564975440000012,9092.615097,0.0,0.0,-557.1800000000001,-1355.04,137.6080713866377,0.0,0.0,7348.568143826637
bucket_4,291.52393533000003,-5736.2836832128205,0.0,0.0,0.0,-144.285,163.587148433384,0.0,0.0,-5425.457599449437
