bucket,realized_pnl,unrealized_pnl,dividends,withholding_tax,pil_dividends,borrow_fees,short_credit_interest,other_fees,bond_interest,total_pnl
bucket_2,154005.67292741843,117912.325223,508.05328352525186,-15.7,-30771.42,-3428.0262649541773,2449.426458588404,-1.57,0.0,240658.76162757791
bucket_3,30.564975440000012,9092.615097,0.0,0.0,-557.1800000000001,-1355.04,134.03104631342026,0.0,0.0,7344.99111875342
bucket_4,-5389.2539741,-9491.352089,30.7271906483362,0.0,0.0,-203.22635893565592,228.59431359397826,0.0,0.0,-14824.510917793341
bucket_1,-153753.39847411844,-11726.466892,126.20952582641198,0.0,-753.17,-16407.937376110167,1948.878181504197,-0.25,0.0,-180566.135034898
