bucket,realized_pnl,unrealized_pnl,dividends,withholding_tax,pil_dividends,borrow_fees,short_credit_interest,other_fees,bond_interest,total_pnl
bucket_1,-22806.85786379829,65467.23899063458,620.9730297560731,-15.7,-722.79,-16409.01522962212,1948.878181504197,-0.7864152768891951,0.0,28081.940693197546
bucket_2,20404.07260331301,37525.35449067974,13.292871952754881,0.0,-30801.8,-3426.764714098921,2449.426458588404,-1.033584723110805,0.0,26162.548125711877
bucket_3,30.564975440000012,9092.615097,0.0,0.0,-557.1800000000001,-1355.04,134.03104631342026,0.0,0.0,7344.99111875342
bucket_4,-2734.194259094721,-6298.08723931432,30.72409829117209,0.0,0.0,-203.41005627895981,228.59431359397826,0.0,0.0,-8976.373142802851
