bucket,realized_pnl,unrealized_pnl,dividends,withholding_tax,pil_dividends,borrow_fees,short_credit_interest,other_fees,bond_interest,total_pnl
bucket_1,148745.89961917515,78639.626966,0.0,0.0,0.0,-124.36,0.0,0.0,0.0,22642.721139884667
bucket_2,-151918.20087769485,18054.879276000003,664.99,-15.7,-31524.59,-19914.83,4626.898953686579,-1.82,0.0,25425.869845486766
bucket_3,30.56497544000001,9092.615097,0.0,0.0,-557.1800000000001,-1355.04,134.03104631342026,0.0,0.0,6954.608932321124
bucket_4,-1964.678260280292,0.0,0.0,0.0,0.0,0.0,0.0,0.0,0.0,-2410.093122052567
