bucket,realized_pnl,unrealized_pnl,dividends,withholding_tax,pil_dividends,borrow_fees,short_credit_interest,other_fees,bond_interest,total_pnl
bucket_1,75360.97814741159,47585.253012225825,678.1045535670767,-4.960000117516303,-867.34,-33415.569547516854,5742.958151760622,-0.7000042702919638,0.0,95078.72431306045
bucket_2,93152.23142736616,150189.97350218782,74.98544643292338,-19.419999882483697,-180196.58,-29389.045452483144,7694.5801823398615,-5.819995729708037,0.0,41500.905110231426
bucket_3,56.326630169999994,6987.279181,0.0,0.0,-823.71,-2614.2,332.3626646225046,0.0,0.0,3938.0584757925035
bucket_5,0.0,383.0322040000001,0.0,0.0,0.0,-264.17,217.6356141128286,0.0,0.0,336.4978181128288
bucket_4,-8500.380793747756,-22025.87504741364,0.0,0.0,0.0,-9612.645,1603.993387164185,0.0,0.0,-38534.90745399721
