bucket,realized_pnl,unrealized_pnl,dividends,withholding_tax,pil_dividends,borrow_fees,short_credit_interest,other_fees,bond_interest,total_pnl
bucket_1,4004.02405341,29484.165832,35.53280161084558,0.0,-736.41,-5278.429689431516,1810.406687930827,0.0,0.0,29319.289685520158
bucket_4,676.78988399,0.0,30.727198389154424,0.0,0.0,-7.2364833747396515,0.0,0.0,0.0,700.2805990044149
bucket_3,30.564975440000012,1309.5430989999998,0.0,0.0,-520.01,-660.34,127.79070504114873,0.0,0.0,287.54877948114904
bucket_2,17973.42328145,-13299.892463999999,409.92,-7.89,-17163.989999999998,-1616.0738271937444,276.9926070280243,0.0,0.0,-13427.51040271572
