bucket,realized_pnl,unrealized_pnl,dividends,withholding_tax,pil_dividends,borrow_fees,short_credit_interest,other_fees,bond_interest,total_pnl
bucket_1,2754.524402165579,7948.937944095217,470.8063466799634,-7.89,-706.03,-5337.15,1817.17654845939,0.0,0.0,6940.375241400148
bucket_4,676.78988399,0.0,0.0,0.0,0.0,-5.4,0.0,0.0,0.0,671.38988399
bucket_3,30.564975440000012,1309.5430989999998,0.0,0.0,-520.01,-660.34,126.6748416892437,0.0,0.0,286.4329161292442
bucket_2,6488.19441936442,8344.975511904786,15.033653320036624,0.0,-13684.88,-1195.82,271.3386098513663,0.0,0.0,238.84219444060818
