bucket,realized_pnl,unrealized_pnl,dividends,withholding_tax,pil_dividends,borrow_fees,short_credit_interest,other_fees,bond_interest,total_pnl
bucket_2,16638.92282854525,10088.836080264979,-10.14776539442709,0.0,-17194.37,-1620.52,272.3305318369429,0.0,0.0,8175.051675252745
bucket_1,3565.7364707747515,5876.868168773109,486.3277653944271,-7.89,-729.04,-5276.772272649459,1817.2196143017118,0.0,0.0,5732.449746594539
bucket_4,922.61986557,3597.448742961911,0.0,0.0,0.0,-7.657727350540854,0.0,0.0,0.0,4512.41088118137
bucket_3,30.564975440000012,1309.5430989999998,0.0,0.0,-520.01,-660.34,125.63985386134499,0.0,0.0,285.3979283013455
