bucket,realized_pnl,unrealized_pnl,dividends,withholding_tax,pil_dividends,borrow_fees,short_credit_interest,other_fees,bond_interest,total_pnl
bucket_2,17932.89795409449,10590.477923560436,2.450000000000001,0.0,-17194.37,-1644.81,272.3305318369429,0.0,0.0,9958.97640949187
bucket_1,2314.56971414551,8972.675068439563,473.73,-7.89,-729.04,-5251.635,1817.2196143017118,0.0,0.0,7589.629396886783
bucket_4,879.8114963200001,0.0,0.0,0.0,0.0,-8.505,0.0,0.0,0.0,871.3064963200001
bucket_3,30.564975440000012,1309.5430989999998,0.0,0.0,-520.01,-660.34,125.63985386134499,0.0,0.0,285.3979283013455
