bucket,realized_pnl,unrealized_pnl,dividends,withholding_tax,pil_dividends,borrow_fees,short_credit_interest,other_fees,bond_interest,total_pnl
bucket_2,17850.45407486458,12770.689382398517,2.450000000000001,0.0,-17194.37,-1644.81,272.3305318369429,0.0,0.0,12056.743989100043
bucket_1,2445.8154488525975,5890.941553934928,473.73,-7.89,-729.04,-5251.635,1817.2196143017118,0.0,0.0,4639.141617089237
bucket_4,831.0096411728218,901.5220556665528,0.0,0.0,0.0,-8.505,0.0,0.0,0.0,1724.0266968393746
bucket_3,30.564975440000012,1309.5430989999998,0.0,0.0,-520.01,-660.34,125.63985386134499,0.0,0.0,285.3979283013455
