bucket,realized_pnl,unrealized_pnl,dividends,withholding_tax,pil_dividends,borrow_fees,short_credit_interest,other_fees,bond_interest,total_pnl
bucket_2,16525.22311674296,14396.962422267685,-10.14776539442709,0.0,-17194.37,-1620.52,272.3305318369429,0.0,0.0,12369.478305453162
bucket_1,3679.4361825770397,5166.190569732315,486.3277653944271,-7.89,-729.04,-5275.925,1817.2196143017118,0.0,0.0,5136.319132005494
bucket_4,922.61986557,0.0,0.0,0.0,0.0,-8.505,0.0,0.0,0.0,914.1148655700001
bucket_3,30.564975440000012,1309.5430989999998,0.0,0.0,-520.01,-660.34,125.63985386134499,0.0,0.0,285.3979283013455
