bucket,realized_pnl,unrealized_pnl,dividends,withholding_tax,pil_dividends,borrow_fees,short_credit_interest,other_fees,bond_interest,total_pnl
bucket_2,20374.930896239715,14479.276812385035,-4.5730597600863945,0.0,-17498.71,-1670.3523106675848,272.6752771451703,0.0,0.0,15953.247615342252
bucket_3,539.5346780499999,1288.682901,0.0,0.0,-215.67000000000002,-642.0799999999999,124.05749337834084,0.0,0.0,1094.5250724283412
bucket_1,2461.4227657402835,2129.950676614966,480.75305976008644,-7.89,-706.03,-5407.3276893324155,1818.4572294764891,0.0,0.0,769.3360422594084
