bucket,realized_pnl,unrealized_pnl,dividends,withholding_tax,pil_dividends,borrow_fees,short_credit_interest,other_fees,bond_interest,total_pnl
bucket_2,17783.872646682736,9355.30572903209,61.83694285632442,-3.244093357434841,-17498.71,-1670.54,271.6657313019699,0.0,0.0,8300.186956515689
bucket_1,4743.611117537263,7388.137726967911,414.3430571436756,-4.6459066425651585,-729.04,-5435.21,1819.9260825516071,0.0,0.0,8197.122077557888
bucket_3,539.5346780499999,1288.682901,0.0,0.0,-215.67000000000002,-642.0799999999999,123.59818614642305,0.0,0.0,1094.0657651964234
