bucket,realized_pnl,unrealized_pnl,dividends,withholding_tax,pil_dividends,borrow_fees,short_credit_interest,other_fees,bond_interest,total_pnl
bucket_1,2940.6002883283018,7784.166339430638,471.11931748292295,-7.89,-706.03,-5323.83,1816.2690087684402,0.0,0.0,6974.404954010303
bucket_4,676.78988399,0.0,0.0,0.0,0.0,-5.4,0.0,0.0,0.0,671.38988399
bucket_3,30.564975440000012,1309.5430989999998,0.0,0.0,-520.01,-660.34,126.96368229559206,0.0,0.0,286.7217567355924
bucket_2,6302.118533201698,8500.942593569363,14.720682517077046,0.0,-13684.88,-1190.16,271.95730893596794,0.0,0.0,214.6991182241054
