bucket,realized_pnl,unrealized_pnl,dividends,withholding_tax,pil_dividends,borrow_fees,short_credit_interest,other_fees,bond_interest,total_pnl
bucket_1,5018.67065534739,15341.768743289002,415.74713816202933,-4.486191066952497,-706.03,-5407.28,1818.4572294764891,0.0,0.0,16476.847575207958
bucket_3,539.5346780499999,1288.682901,0.0,0.0,-215.67000000000002,-642.0799999999999,124.05749337834084,0.0,0.0,1094.5250724283412
bucket_2,17817.68300663261,1267.4587457109992,60.43286183797066,-3.4038089330475025,-17498.71,-1670.3999999999999,272.6752771451703,0.0,0.0,245.73608239370515
