bucket,realized_pnl,unrealized_pnl,dividends,withholding_tax,pil_dividends,borrow_fees,short_credit_interest,other_fees,bond_interest,total_pnl
bucket_2,23266.84603595,18331.432027,-10.149999999999999,0.0,-17498.71,-1645.34,273.52589268755673,0.0,0.0,22717.603955637558
bucket_4,922.61986557,0.0,30.722963242482198,0.0,0.0,-8.1,0.0,0.0,0.0,945.2428288124822
bucket_3,-383.08518752000003,1288.682901,0.0,0.0,-215.67000000000002,-634.61,124.44449301073118,0.0,0.0,179.76220649073161
bucket_1,-2648.5365728700003,1252.5811630000019,455.6070367575178,-7.89,-729.04,-5277.24,1817.2196143017118,0.0,0.0,-5137.298758810771
