bucket,realized_pnl,unrealized_pnl,dividends,withholding_tax,pil_dividends,borrow_fees,short_credit_interest,other_fees,bond_interest,total_pnl
bucket_1,-1508.4587857378917,25418.346880783287,220.95856381804668,-0.668421926910299,-733.2,-5251.07,1817.2196143017118,0.0,0.0,19963.127851238245
bucket_3,30.564975440000012,1309.5430989999998,0.0,0.0,-520.01,-660.34,125.63985386134499,0.0,0.0,285.3979283013455
bucket_2,21669.086968296164,-3896.2717330073674,224.49847293947116,-7.2215780730897015,-17190.21,-1644.5420510935476,272.3305318369429,0.0,0.0,-572.3293891014245
bucket_4,966.6509820517257,-1958.9221557759213,30.722963242482198,0.0,0.0,-9.337948906452453,0.0,0.0,0.0,-970.8861593881657
