{
  "run_date": "2026-04-11",
  "fifo_summary_present": true,
  "total_realized_pnl": 23067.018442270004,
  "total_unrealized_pnl": 18032.126356999986,
  "total_dividends": 476.17999999999995,
  "total_withholding_tax": -7.89,
  "total_pil_dividends": -18443.42,
  "total_borrow_fees": -7747.829999999999,
  "total_short_credit_interest": 2215.1900000000005,
  "total_other_fees": 0.0,
  "total_bond_interest": 0.0,
  "total_pnl": 17591.37479927,
  "excluded_cash_interest_base": -4054.7053851,
  "borrow_mode": "borrow_fee_details_cumulative_by_symbol",
  "borrow_total_account_source": -7747.83,
  "borrow_details_file_present": true,
  "borrow_details_rows_cumulative": 293,
  "universe_source": "/home/runner/work/ls-algo/ls-algo/data/etf_screened_today.csv",
  "universe_allowed_etfs": 411,
  "universe_allowed_underlyings": 218,
  "kept_symbols": 478,
  "kept_underlyings": 192,
  "net_exposure_total": -19545.944458210615,
  "gross_exposure_total": 2797778.2824582104,
  "net_exposure_bucket_1": -20798.7833661581,
  "gross_exposure_bucket_1": 2539507.3957716776,
  "net_exposure_bucket_2": 1252.838907947486,
  "gross_exposure_bucket_2": 258270.88668653317,
  "net_exposure_bucket_3": 802444.913388014,
  "gross_exposure_bucket_3": 802444.913388014,
  "yfinance_override": false,
  "yfinance_symbols_overridden": 0,
  "bucket_pnl": {
    "bucket_2": 8300.186956515689,
    "bucket_1": 8197.122077557888,
    "bucket_3": 1094.0657651964234
  }
}