bucket,realized_pnl,unrealized_pnl,dividends,withholding_tax,pil_dividends,borrow_fees,short_credit_interest,other_fees,bond_interest,total_pnl
bucket_2,16673.24817315668,15593.766921481863,-10.147489857129758,0.0,-18987.32,-1727.95,259.04060897238554,0.0,0.0,11800.638213753797
bucket_3,30.564975440000012,4846.327512,0.0,0.0,-525.2,-756.12,109.71412380866374,0.0,0.0,3705.2866112486636
bucket_1,2397.613404643321,5123.495806518137,495.32748985712976,-7.89,-729.04,-6040.495,1846.435267218951,0.0,0.0,3085.4469682375416
bucket_4,922.61986557,0.0,0.0,0.0,0.0,-8.505,0.0,0.0,0.0,914.1148655700001
