bucket,realized_pnl,unrealized_pnl,dividends,withholding_tax,pil_dividends,borrow_fees,short_credit_interest,other_fees,bond_interest,total_pnl
bucket_3,30.564975440000012,4846.327512,0.0,0.0,-525.2,-756.12,110.37743051933145,0.0,0.0,3705.9499179593313
bucket_1,2578.109200969464,4608.681678288846,480.11753160493663,-7.89,-706.03,-6083.23,1847.2690670458296,0.0,0.0,2717.027477909076
bucket_2,6305.414518950536,10929.852728711152,14.722468395063386,0.0,-15477.83,-1295.91,257.54350243483873,0.0,0.0,733.7932184915903
bucket_4,676.78988399,0.0,0.0,0.0,0.0,-5.4,0.0,0.0,0.0,671.38988399
