bucket,realized_pnl,unrealized_pnl,dividends,withholding_tax,pil_dividends,borrow_fees,short_credit_interest,other_fees,bond_interest,total_pnl
bucket_3,30.564975440000012,4846.327512,0.0,0.0,-525.2,-756.12,110.11906166887438,0.0,0.0,3705.6915491088744
bucket_1,2392.041496118891,4456.854581044683,479.8054710957706,-7.89,-706.03,-6097.53,1848.1302875694382,0.0,0.0,2365.3818358287836
bucket_2,6491.482223801109,11114.904348955315,15.034528904229425,0.0,-15477.83,-1301.57,256.9406507616869,0.0,0.0,1098.9617524223413
bucket_4,676.78988399,0.0,0.0,0.0,0.0,-5.4,0.0,0.0,0.0,671.38988399
