bucket,realized_pnl,unrealized_pnl,dividends,withholding_tax,pil_dividends,borrow_fees,short_credit_interest,other_fees,bond_interest,total_pnl
bucket_1,4659.475553737389,9650.865210233032,424.90765571186347,-4.49919219361434,-706.03,-6179.99,1849.3065892803384,0.0,0.0,9694.035816769008
bucket_3,539.5346780499999,4834.328135,0.0,0.0,-215.67000000000002,-737.62,107.5680604498989,0.0,0.0,4528.140873499899
bucket_2,17817.68300663261,7030.766932766968,60.27234428813658,-3.3908078063856593,-19296.85,-1778.07,258.3153502697629,0.0,0.0,4088.7268261510917
