bucket,realized_pnl,unrealized_pnl,dividends,withholding_tax,pil_dividends,borrow_fees,short_credit_interest,other_fees,bond_interest,total_pnl
bucket_2,23266.84603595,16262.621198,-10.149999999999999,0.0,-19296.85,-1753.01,260.34251669025116,0.0,0.0,18729.79975064025
bucket_3,-383.08518752000003,4834.328135,0.0,0.0,-215.67000000000002,-730.1500000000001,108.41221609079814,0.0,0.0,3613.8351635707977
bucket_4,922.61986557,0.0,30.729152305530867,0.0,0.0,-8.1,0.0,0.0,0.0,945.249017875531
bucket_1,-3782.3342936800004,4466.640906999998,464.60084769446917,-7.89,-729.04,-6041.81,1846.435267218951,0.0,0.0,-3783.397271766578
