bucket,realized_pnl,unrealized_pnl,dividends,withholding_tax,pil_dividends,borrow_fees,short_credit_interest,other_fees,bond_interest,total_pnl
bucket_1,2419.4416552287466,14166.950805418093,495.32748985712976,-7.89,-729.04,-6041.248298309457,1846.435267218951,0.0,0.0,12149.97691941347
bucket_2,16651.419923281253,12414.731645379756,-10.147489857129758,0.0,-18987.32,-1727.95,259.04060897238554,0.0,0.0,8599.774687776264
bucket_3,30.564975440000012,4846.327512,0.0,0.0,-525.2,-756.12,109.71412380866374,0.0,0.0,3705.2866112486636
bucket_4,922.61986557,-5864.419722797851,0.0,0.0,0.0,-7.751701690542978,0.0,0.0,0.0,-4949.551558918394
