bucket,realized_pnl,unrealized_pnl,dividends,withholding_tax,pil_dividends,borrow_fees,short_credit_interest,other_fees,bond_interest,total_pnl
bucket_2,17926.327955290595,12364.18522906787,2.450000000000001,0.0,-18987.32,-1752.24,259.04060897238554,0.0,0.0,9812.44379333085
bucket_1,1187.341992139403,8353.077498932129,482.73,-7.89,-729.04,-6016.205,1846.435267218951,0.0,0.0,5116.449758290487
bucket_3,30.564975440000012,4846.327512,0.0,0.0,-525.2,-756.12,109.71412380866374,0.0,0.0,3705.2866112486636
bucket_4,879.8114963200001,0.0,0.0,0.0,0.0,-8.505,0.0,0.0,0.0,871.3064963200001
