bucket,realized_pnl,unrealized_pnl,dividends,withholding_tax,pil_dividends,borrow_fees,short_credit_interest,other_fees,bond_interest,total_pnl
bucket_2,20366.174538108233,15169.253174048474,-4.826654407459025,0.0,-19296.85,-1778.0223106675849,258.3153502697629,0.0,0.0,14714.044097351427
bucket_3,539.5346780499999,4834.328135,0.0,0.0,-215.67000000000002,-737.62,107.5680604498989,0.0,0.0,4528.140873499899
bucket_1,2110.9840222617663,1512.3789689515256,490.00665440745905,-7.89,-706.03,-6180.0376893324155,1849.3065892803384,0.0,0.0,-931.2814544313269
