bucket,realized_pnl,unrealized_pnl,dividends,withholding_tax,pil_dividends,borrow_fees,short_credit_interest,other_fees,bond_interest,total_pnl
bucket_2,21760.7603206852,18148.19457797699,224.5390947744225,-7.2215780730897015,-18983.16,-1751.971946426763,259.04060897238554,0.0,0.0,19650.181077909143
bucket_3,30.564975440000012,4846.327512,0.0,0.0,-525.2,-756.12,109.71412380866374,0.0,0.0,3705.2866112486636
bucket_4,966.529798616477,1121.5545532412677,30.729152305530867,0.0,0.0,-9.338053573237062,0.0,0.0,0.0,2109.4754505900387
bucket_1,-2733.808675501678,1447.5135967817414,229.91175292004664,-0.668421926910299,-733.2,-6015.64,1846.435267218951,0.0,0.0,-5959.456480507844
