bucket,realized_pnl,unrealized_pnl,dividends,withholding_tax,pil_dividends,borrow_fees,short_credit_interest,other_fees,bond_interest,total_pnl
bucket_2,18057.50889964,52229.742294,418.92,-7.89,-18956.940000000002,-1723.5038271937444,262.1034221492954,0.0,0.0,50279.94078859555
bucket_3,30.564975440000012,4846.327512,0.0,0.0,-525.2,-756.12,111.01134846169147,0.0,0.0,3706.583835901691
bucket_4,676.78988399,0.0,30.727198389154424,0.0,0.0,-7.2364833747396515,0.0,0.0,0.0,700.2805990044149
bucket_1,3560.74333361,-36854.003453,35.53280161084558,0.0,-736.41,-6034.009689431516,1842.0752293890132,0.0,0.0,-38186.07177782166
