bucket,realized_pnl,unrealized_pnl,dividends,withholding_tax,pil_dividends,borrow_fees,short_credit_interest,other_fees,bond_interest,total_pnl
bucket_2,17773.28367766686,12057.82799923537,75.60914517455376,-2.4811735944340225,-19296.85,-1778.21,258.3153502697629,0.0,0.0,9087.49499875211
bucket_1,3620.402366323141,5891.544371764631,409.57085482544625,-5.408826405565978,-729.04,-6210.86,1849.3065892803384,0.0,0.0,4825.515355787988
bucket_3,539.5346780499999,4834.328135,0.0,0.0,-215.67000000000002,-737.62,107.5680604498989,0.0,0.0,4528.140873499899
