bucket,realized_pnl,unrealized_pnl,dividends,withholding_tax,pil_dividends,borrow_fees,short_credit_interest,other_fees,bond_interest,total_pnl
bucket_2,18201.773686799494,14251.096351463742,2.450000000000001,0.0,-18987.32,-1752.24,259.04060897238554,0.0,0.0,11974.80064723562
bucket_3,30.564975440000012,4846.327512,0.0,0.0,-525.2,-756.12,109.71412380866374,0.0,0.0,3705.2866112486636
bucket_1,1181.4942295087408,5904.904017028883,482.73,-7.89,-729.04,-6016.205,1846.435267218951,0.0,0.0,2662.428513756577
bucket_4,610.2135270617664,561.2623595073758,0.0,0.0,0.0,-8.505,0.0,0.0,0.0,1162.9708865691423
