{
  "run_date": "2026-04-15",
  "fifo_summary_present": true,
  "total_realized_pnl": 21933.220722039998,
  "total_unrealized_pnl": 22783.700505999997,
  "total_dividends": 485.18,
  "total_withholding_tax": -7.890000000000001,
  "total_pil_dividends": -20241.559999999998,
  "total_borrow_fees": -8726.69,
  "total_short_credit_interest": 2215.19,
  "total_other_fees": 0.0,
  "total_bond_interest": 0.0,
  "total_pnl": 18441.151228040002,
  "excluded_cash_interest_base": -4054.7053851,
  "borrow_mode": "borrow_fee_details_cumulative_by_symbol",
  "borrow_total_account_source": -8726.69,
  "borrow_details_file_present": true,
  "borrow_details_rows_cumulative": 293,
  "universe_source": "/home/runner/work/ls-algo/ls-algo/data/etf_screened_today.csv",
  "universe_allowed_etfs": 414,
  "universe_allowed_underlyings": 219,
  "kept_symbols": 478,
  "kept_underlyings": 192,
  "net_exposure_total": -85532.26034946571,
  "gross_exposure_total": 2981943.6403494654,
  "net_exposure_bucket_1": -86636.39046289552,
  "gross_exposure_bucket_1": 2732350.610328531,
  "net_exposure_bucket_2": 1104.130113429792,
  "gross_exposure_bucket_2": 249593.03002093465,
  "net_exposure_bucket_3": 544422.0682453605,
  "gross_exposure_bucket_3": 544422.0682453605,
  "yfinance_override": false,
  "yfinance_symbols_overridden": 0,
  "bucket_pnl": {
    "bucket_2": 9087.49499875211,
    "bucket_1": 4825.515355787988,
    "bucket_3": 4528.140873499899
  }
}