bucket,realized_pnl,unrealized_pnl,dividends,withholding_tax,pil_dividends,borrow_fees,short_credit_interest,other_fees,bond_interest,total_pnl
bucket_2,98275.5527918971,88181.53438094637,1.3344558673370788,0.0,-37265.1,-4570.342250640403,2696.631457885202,0.0,0.0,147319.6108359556
bucket_3,-383.08518752000003,9657.278382,0.0,0.0,-215.67000000000002,-1378.62,107.86332417650776,0.0,0.0,7787.766518656506
bucket_4,584.55806899,-4013.775720783266,30.728991929222406,0.0,0.0,-495.3416990067641,160.15408355586527,0.0,0.0,-3733.6762753149414
bucket_1,-84164.5493647371,38161.4699698369,645.6665522034406,-15.7,-732.16,-17082.67605035283,1796.2811343824253,-1.82,0.0,-61393.487758667165
