bucket,realized_pnl,unrealized_pnl,dividends,withholding_tax,pil_dividends,borrow_fees,short_credit_interest,other_fees,bond_interest,total_pnl
bucket_2,22511.678437624567,60804.189298641606,1.3344558673370788,0.0,-36914.78,-4525.274480833903,2694.576081880828,0.0,0.0,44571.723793180434
bucket_4,6393.041523157092,17443.34574555226,30.728991929222406,0.0,0.0,-495.58670112301786,160.15408355586527,0.0,0.0,23531.68364307142
bucket_1,-14622.80863172167,44073.15950980614,645.6665522034406,-15.7,-732.16,-17082.62881804308,1796.2811343824253,-1.82,0.0,14059.98974662726
bucket_3,30.564975440000012,9665.812458,0.0,0.0,-565.99,-1423.49,109.91870018088183,0.0,0.0,7816.8161336208805
