bucket,realized_pnl,unrealized_pnl,dividends,withholding_tax,pil_dividends,borrow_fees,short_credit_interest,other_fees,bond_interest,total_pnl
bucket_2,32967.22956094336,48868.45964818188,40.606491228070176,-2.85,-36815.54,-4537.54,2712.5159018173154,-1.0792191107457925,0.0,43231.802383059876
bucket_1,-19673.448547273372,59933.06202886148,637.1235087719298,-12.85,-732.16,-16835.805,1796.6623046205311,-0.7407808892542076,0.0,25111.843514091317
bucket_4,291.52393533000003,10127.13645695664,0.0,0.0,0.0,-438.915,141.10128190927148,0.0,0.0,10120.846674195911
bucket_3,30.564975440000012,9665.812458,0.0,0.0,-565.99,-1423.49,110.65051165288203,0.0,0.0,7817.5479450928815
