bucket,realized_pnl,unrealized_pnl,dividends,withholding_tax,pil_dividends,borrow_fees,short_credit_interest,other_fees,bond_interest,total_pnl
bucket_2,41187.078709252506,56708.87489835651,9.005195561015274,0.0,-36914.78,-4524.84,2694.576081880828,0.0,0.0,59159.91488505086
bucket_1,-14492.31337813021,53909.282705290265,668.7248044389847,-15.7,-732.16,-17083.78036356212,1796.2811343824253,-1.82,0.0,24048.514902419345
bucket_3,30.564975440000012,9665.812458,0.0,0.0,-565.99,-1423.49,109.91870018088183,0.0,0.0,7816.8161336208805
bucket_4,-12412.854001512307,11702.536950353222,0.0,0.0,0.0,-494.86963643788096,160.15408355586527,0.0,0.0,-1045.0326040410998
