driver,n,pearson,spearman
abs_beta,45,-0.2778399236837993,-0.3217288082974191
und_vol,45,0.20711852750694495,0.1544246099807763
borrow_a,45,0.34838666429349735,0.4351267241453374
net_edge,45,-0.12466651235404475,-0.011561888175518176
