sleeve,n_pairs,pnl_usd
core_leveraged,278,-14983.277408827727
volatility_etp_bucket5,1,367.0401511681327
inverse_decay_bucket4,23,2740.975038172651
yieldboost,21,172226.66907046345
