bucket,realized_pnl,unrealized_pnl,dividends,withholding_tax,pil_dividends,borrow_fees,short_credit_interest,other_fees,bond_interest,total_pnl
bucket_1,-183.3116533717606,7752.257379650593,195.77128456010718,0.0,-50.4,-2561.125,678.2616230358211,0.0,0.0,5831.45363387476
bucket_2,14933.34809236176,1467.037368349406,31.548715439892824,0.0,-12227.26,-941.11,140.03829685501873,0.0,0.0,3403.602473006078
bucket_4,291.52393533000003,0.0,0.0,0.0,0.0,-5.415,0.0,0.0,0.0,286.10893533
bucket_3,1.057084140000029,-6365.971987000001,0.0,0.0,-295.89000000000004,-201.88,54.34008010916015,0.0,0.0,-6808.34482275084
