bucket,realized_pnl,unrealized_pnl,dividends,withholding_tax,pil_dividends,borrow_fees,short_credit_interest,other_fees,bond_interest,total_pnl
bucket_2,15482.608482530537,7870.639061039555,-10.149999999999999,0.0,-12326.5,-930.63,136.6156708952881,0.0,0.0,10222.58321446538
bucket_4,676.78988399,0.0,0.0,0.0,0.0,-6.4350000000000005,0.0,0.0,0.0,670.3548839900001
bucket_1,-243.8824384205376,1385.3932229604447,237.47000000000003,0.0,-50.4,-2603.295,682.0734815516838,0.0,0.0,-592.640733908409
bucket_3,1.057084140000029,-6365.971987000001,0.0,0.0,-295.89000000000004,-201.88,53.95084755302819,0.0,0.0,-6808.734055306973
