bucket,realized_pnl,unrealized_pnl,dividends,withholding_tax,pil_dividends,borrow_fees,short_credit_interest,other_fees,bond_interest,total_pnl
bucket_1,1460.0887437592694,14774.220364561159,192.61698890165704,0.0,-50.4,-2673.9,685.3454895901434,0.0,0.0,14387.971586812231
bucket_2,14673.73970643073,-6764.047351561161,34.703011098342984,0.0,-12622.39,-983.36,135.66093761520602,0.0,0.0,-5525.693696416882
bucket_3,510.02678675,-6372.6915500000005,0.0,0.0,0.0,-184.57999999999998,51.63357279465074,0.0,0.0,-5995.611190455349
