bucket,realized_pnl,unrealized_pnl,dividends,withholding_tax,pil_dividends,borrow_fees,short_credit_interest,other_fees,bond_interest,total_pnl
bucket_2,15203.747709753634,5041.544967044195,31.548714902130655,0.0,-12227.26,-941.11,140.03829685501873,0.0,0.0,7248.50968855498
bucket_1,-189.76629987204024,3252.701033499009,195.77128509786934,0.0,-50.4,-2561.125,678.2616230358211,0.0,0.0,1325.4426417606596
bucket_4,27.57896405840495,925.0487474567943,0.0,0.0,0.0,-5.415,0.0,0.0,0.0,947.2127115151992
bucket_3,1.057084140000029,-6365.971987000001,0.0,0.0,-295.89000000000004,-201.88,54.34008010916015,0.0,0.0,-6808.34482275084
