bucket,realized_pnl,unrealized_pnl,dividends,withholding_tax,pil_dividends,borrow_fees,short_credit_interest,other_fees,bond_interest,total_pnl
bucket_1,1010.175739189999,58698.227503,0.0,0.0,-50.4,-2643.8896894315158,685.8413565910961,0.0,0.0,57699.95490934958
bucket_4,676.78988399,0.0,0.0,0.0,0.0,-7.2364833747396515,0.0,0.0,0.0,669.5534006152604
bucket_3,1.057084140000029,-6365.971987000001,0.0,0.0,-295.89000000000004,-201.88,52.88413314010094,0.0,0.0,-6809.800769719899
bucket_2,14228.55030433,-51002.152801000004,227.32000000000002,0.0,-12326.5,-932.9938271937444,133.91451026880318,0.0,0.0,-49671.861813594944
