bucket,realized_pnl,unrealized_pnl,dividends,withholding_tax,pil_dividends,borrow_fees,short_credit_interest,other_fees,bond_interest,total_pnl
bucket_4,676.78988399,5224.385890400991,0.0,0.0,0.0,-5.524311635783246,0.0,0.0,0.0,5895.651462755208
bucket_2,14535.201186670098,3885.792220636356,-10.149999999999999,0.0,-12326.5,-930.63,136.6156708952881,0.0,0.0,5290.329078201742
bucket_1,703.5248581499013,145.85417296265229,237.47000000000003,0.0,-50.4,-2604.2056883642167,682.0734815516838,0.0,0.0,-885.6831756999791
bucket_3,1.057084140000029,-6365.971987000001,0.0,0.0,-295.89000000000004,-201.88,53.95084755302819,0.0,0.0,-6808.734055306973
