bucket,realized_pnl,unrealized_pnl,dividends,withholding_tax,pil_dividends,borrow_fees,short_credit_interest,other_fees,bond_interest,total_pnl
bucket_1,-779.0046351394975,6001.9358094192885,228.72296588361206,0.0,-50.4,-2666.56,691.6275177103845,0.0,0.0,3426.3216578737865
bucket_4,676.78988399,0.0,0.0,0.0,0.0,-5.4,0.0,0.0,0.0,671.38988399
bucket_2,4336.675756639497,643.4597655807113,8.257034116387945,0.0,-9016.98,-625.76,128.32765368543724,0.0,0.0,-4526.019789977967
bucket_3,1.057084140000029,-6365.971987000001,0.0,0.0,-295.89000000000004,-201.88,52.68482860417846,0.0,0.0,-6810.000074255822
