bucket,realized_pnl,unrealized_pnl,dividends,withholding_tax,pil_dividends,borrow_fees,short_credit_interest,other_fees,bond_interest,total_pnl
bucket_2,15356.736152963955,7514.535233923186,-1.5969697164658179,0.0,-12622.39,-983.3123106675848,135.66093761520602,0.0,0.0,9399.633044118296
bucket_1,777.0922972260456,495.6377790768119,228.91696971646581,0.0,-50.4,-2673.9476893324154,685.3454895901434,0.0,0.0,-537.355153722948
bucket_3,510.02678675,-6372.6915500000005,0.0,0.0,0.0,-184.57999999999998,51.63357279465074,0.0,0.0,-5995.611190455349
