bucket,realized_pnl,unrealized_pnl,dividends,withholding_tax,pil_dividends,borrow_fees,short_credit_interest,other_fees,bond_interest,total_pnl
bucket_1,9673.29365428263,739.2865129643194,228.87245663043316,0.0,-2643.1320837316066,-2909.414609449687,688.4373815218995,0.0,0.0,5777.343312217986
bucket_2,6460.53479590737,7183.87846803568,-1.5524566304331566,0.0,-10029.657916268394,-758.2653905503131,132.78348993717094,0.0,0.0,2987.7209904310807
bucket_3,510.02678675,-6372.6915500000005,0.0,0.0,0.0,-184.57999999999998,51.41912854092964,0.0,0.0,-5995.82563470907
