bucket,realized_pnl,unrealized_pnl,dividends,withholding_tax,pil_dividends,borrow_fees,short_credit_interest,other_fees,bond_interest,total_pnl
bucket_2,17483.02438468,12589.956998,-10.149999999999999,0.0,-12622.39,-954.49,136.80257072613463,0.0,0.0,16622.753953406132
bucket_4,676.78988399,0.0,0.0,0.0,0.0,-6.03,0.0,0.0,0.0,670.75988399
bucket_1,-1830.6481782400008,-3327.205151,237.47000000000003,0.0,-50.4,-2604.61,682.0734815516838,0.0,0.0,-6893.319847688315
bucket_3,-412.59307882,-6372.6915500000005,0.0,0.0,0.0,-177.11,53.76394772218164,0.0,0.0,-6908.6306810978185
