bucket,realized_pnl,unrealized_pnl,dividends,withholding_tax,pil_dividends,borrow_fees,short_credit_interest,other_fees,bond_interest,total_pnl
bucket_1,-1028.3496258625855,27821.742118048784,101.43745108913258,0.0,-50.4,-2578.12,679.6539358990074,0.0,0.0,24945.96387917434
bucket_4,565.3498751949954,-1129.5497536330781,0.0,0.0,0.0,-7.237253073883908,0.0,0.0,0.0,-571.4371315119665
bucket_3,1.057084140000029,-6365.971987000001,0.0,0.0,-295.89000000000004,-201.88,53.95084755302819,0.0,0.0,-6808.734055306973
bucket_2,16378.51567781759,-17436.16008041571,125.88254891086743,0.0,-12326.5,-955.0027469261161,139.03521654796455,0.0,0.0,-14074.229384065404
