bucket,realized_pnl,unrealized_pnl,dividends,withholding_tax,pil_dividends,borrow_fees,short_credit_interest,other_fees,bond_interest,total_pnl
bucket_1,-356.56945768629447,7752.257201465718,195.77128780542006,0.0,-50.4,-2555.465,678.2616230358211,0.0,0.0,5663.8556546206655
bucket_2,14933.348083176294,1467.0375465342804,31.548712194579956,0.0,-12227.26,-941.11,140.03829685501873,0.0,0.0,3403.6026387601732
bucket_4,291.52393533000003,0.0,0.0,0.0,0.0,-5.415,0.0,0.0,0.0,286.10893533
bucket_3,1.057084140000029,-6365.971987000001,0.0,0.0,-295.89000000000004,-201.88,54.34008010916015,0.0,0.0,-6808.34482275084
