bucket,realized_pnl,unrealized_pnl,dividends,withholding_tax,pil_dividends,borrow_fees,short_credit_interest,other_fees,bond_interest,total_pnl
bucket_1,-933.1741695365395,6197.475508770472,228.69511107561468,0.0,-50.4,-2667.58,692.2520817788889,0.0,0.0,3467.268532088436
bucket_4,676.78988399,0.0,0.0,0.0,0.0,-5.4,0.0,0.0,0.0,671.38988399
bucket_2,4490.845291036539,452.64743822952664,8.284888924385333,0.0,-9016.98,-631.42,127.88487294195694,0.0,0.0,-4568.737508867592
bucket_3,1.057084140000029,-6365.971987000001,0.0,0.0,-295.89000000000004,-201.88,52.503045279154286,0.0,0.0,-6810.181857580847
