{
  "run_date": "2026-03-19",
  "fifo_summary_present": true,
  "total_realized_pnl": 16643.85523694,
  "total_unrealized_pnl": 1550.4734309999985,
  "total_dividends": 227.32000000000002,
  "total_withholding_tax": 0.0,
  "total_pil_dividends": -12672.79,
  "total_borrow_fees": -3852.26,
  "total_short_credit_interest": 872.6400000000001,
  "total_other_fees": 0.0,
  "total_bond_interest": 0.0,
  "total_pnl": 2769.2386679399933,
  "excluded_cash_interest_base": -759.1551274,
  "borrow_mode": "borrow_fee_details_cumulative_by_symbol",
  "borrow_total_account_source": -3852.26,
  "borrow_details_file_present": true,
  "borrow_details_rows_cumulative": 260,
  "universe_source": "/home/runner/work/ls-algo/ls-algo/data/etf_screened_today.csv",
  "universe_allowed_etfs": 395,
  "universe_allowed_underlyings": 210,
  "kept_symbols": 417,
  "kept_underlyings": 164,
  "net_exposure_total": 520.8611911236949,
  "gross_exposure_total": 2248938.8388088765,
  "net_exposure_bucket_1": -10330.924576986086,
  "gross_exposure_bucket_1": 2118787.7420800617,
  "net_exposure_bucket_2": 10851.785768109785,
  "gross_exposure_bucket_2": 130151.096728815,
  "net_exposure_bucket_3": 132276.66581288,
  "gross_exposure_bucket_3": 132276.66581288,
  "yfinance_override": false,
  "yfinance_symbols_overridden": 0,
  "bucket_pnl": {
    "bucket_1": 5777.343312217986,
    "bucket_2": 2987.7209904310807,
    "bucket_3": -5995.82563470907
  }
}