bucket,realized_pnl,unrealized_pnl,dividends,withholding_tax,pil_dividends,borrow_fees,short_credit_interest,other_fees,bond_interest,total_pnl
bucket_2,90739.02145488819,151349.11236415766,-209.51621618712824,-10.739999534534558,-180192.60251869913,-27501.70877411081,8101.979291993076,-1.1199985918068605,0.0,42274.425603915515
bucket_1,40449.95612425301,27904.526896351,672.8962161871283,-4.96000046546544,-871.317481300875,-31882.45622588919,5701.931980012544,-0.7000014081931398,0.0,41969.87750773996
bucket_3,31.060795170000013,8718.498516,0.0,0.0,-823.71,-2501.35,285.635582430279,0.0,0.0,5710.13489360028
bucket_5,0.0,275.3478440000001,0.0,0.0,0.0,-224.19,203.0860347434961,0.0,0.0,254.24387874349645
bucket_4,-4634.71068658119,41.73795649134266,0.0,0.0,0.0,-8487.225,1298.8971108206026,0.0,0.0,-11781.300619269245
