bucket,realized_pnl,unrealized_pnl,dividends,withholding_tax,pil_dividends,borrow_fees,short_credit_interest,other_fees,bond_interest,total_pnl
bucket_2,23190.8157967,24620.399034000002,-10.149999999999999,0.0,-24585.22,-2436.3,354.65699227305186,0.0,0.0,21134.201822973053
bucket_1,1234.521569019997,14247.519292000006,596.0764975846621,-7.89,-716.44,-10293.27,1777.5480749281396,-0.25,0.0,6837.815433532802
bucket_3,-383.08518752000003,6519.905385,0.0,0.0,-215.67000000000002,-1050.07,82.9849327988081,0.0,0.0,4954.065130278808
bucket_4,676.78988399,0.0,30.72350241533791,0.0,0.0,-6.03,0.0,0.0,0.0,701.4833864053379
