bucket,realized_pnl,unrealized_pnl,dividends,withholding_tax,pil_dividends,borrow_fees,short_credit_interest,other_fees,bond_interest,total_pnl
bucket_2,20567.70309092033,30468.760812001143,10.579278705631172,0.0,-24260.96,-2404.42,353.23377035204646,0.0,0.0,24734.89695197915
bucket_3,30.564975440000012,6532.150763,0.0,0.0,-539.9300000000001,-1081.95,84.40815471981348,0.0,0.0,5025.2438931598135
bucket_1,3443.9841077496685,8386.912135998866,606.0707212943688,-7.89,-716.44,-10292.865,1777.5480749281396,-0.25,0.0,3197.070039971039
bucket_4,676.78988399,0.0,0.0,0.0,0.0,-6.4350000000000005,0.0,0.0,0.0,670.3548839900001
