bucket,realized_pnl,unrealized_pnl,dividends,withholding_tax,pil_dividends,borrow_fees,short_credit_interest,other_fees,bond_interest,total_pnl
bucket_2,9710.834310367856,24210.06995607803,14.882315078967139,0.0,-20683.86,-1971.0752437588528,343.8258948089786,0.0,0.0,11624.677232574979
bucket_1,5445.337469712142,11193.871435921976,611.4276849210329,-7.89,-716.44,-10644.524756241148,1788.1539927860063,-0.25,0.0,7669.685827100014
bucket_3,30.564975440000012,6532.150763,0.0,0.0,-539.9300000000001,-1081.95,83.21011240501507,0.0,0.0,5024.045850845015
bucket_4,676.78988399,0.0,0.0,0.0,0.0,-5.4,0.0,0.0,0.0,671.38988399
