bucket,realized_pnl,unrealized_pnl,dividends,withholding_tax,pil_dividends,borrow_fees,short_credit_interest,other_fees,bond_interest,total_pnl
bucket_1,6010.393090765475,14703.637048360188,562.9407049113235,-5.004871460251478,-716.44,-10345.674916657932,1713.413494693507,-0.25,0.0,11923.01455061232
bucket_2,9547.184935314523,21225.071729639814,63.36929508867655,-2.885128539748521,-20683.86,-2294.9950833420685,418.5663929014781,0.0,0.0,8272.452141062673
bucket_3,30.564975440000012,6532.150763,0.0,0.0,-539.9300000000001,-1081.95,83.21011240501507,0.0,0.0,5024.045850845015
bucket_4,676.78988399,0.0,0.0,0.0,0.0,-5.4,0.0,0.0,0.0,671.38988399
