bucket,realized_pnl,unrealized_pnl,dividends,withholding_tax,pil_dividends,borrow_fees,short_credit_interest,other_fees,bond_interest,total_pnl
bucket_2,40047.65969374,152615.503034,454.043253562182,-7.89,-24230.579999999998,-2406.116265681993,349.28019755804297,0.0,0.0,166821.89991317823
bucket_3,30.564975440000012,6532.150763,0.0,0.0,-539.9300000000001,-1081.95,83.46341553544927,0.0,0.0,5024.299153975449
bucket_4,676.78988399,0.0,30.727198345167704,0.0,0.0,-6.906358781473816,0.0,0.0,0.0,700.6107235536939
bucket_1,-12156.75940079,-117738.436919,131.87954809265034,0.0,-746.82,-10580.157375536533,1782.4463869065073,-0.25,0.0,-139308.09776032736
