bucket,realized_pnl,unrealized_pnl,dividends,withholding_tax,pil_dividends,borrow_fees,short_credit_interest,other_fees,bond_interest,total_pnl
bucket_1,-779.4772959590915,4365.472804170128,227.721979668485,0.0,-50.4,-2549.76,698.9311189616584,0.0,0.0,1912.4886068411788
bucket_4,676.78988399,0.0,0.0,0.0,0.0,-5.4,0.0,0.0,0.0,671.38988399
bucket_2,4337.1484174590905,3087.532753829873,8.25802033151501,0.0,-9016.98,-608.02,125.41087645320947,0.0,0.0,-2066.6499319263125
bucket_3,1.057084140000029,-4275.001987,0.0,0.0,-295.89000000000004,-185.16,48.298004585132304,0.0,0.0,-4706.696898274868
