bucket,realized_pnl,unrealized_pnl,dividends,withholding_tax,pil_dividends,borrow_fees,short_credit_interest,other_fees,bond_interest,total_pnl
bucket_1,-939.9887471444313,19655.837854572575,100.47787352747532,0.0,-50.4,-2549.87,692.0925056952882,0.0,0.0,16908.149486650906
bucket_4,966.8006234936267,38.5071650794344,0.0,0.0,0.0,-9.39622666192937,0.0,0.0,0.0,995.9115619111319
bucket_3,1.057084140000029,-4275.001987,0.0,0.0,-295.89000000000004,-185.16,48.26856818254421,0.0,0.0,-4706.726334677455
bucket_2,16615.986276250806,-9440.782037652009,125.84212647252468,0.0,-12326.5,-917.7437733380707,132.27892612216777,0.0,0.0,-5810.918482144584
