bucket,realized_pnl,unrealized_pnl,dividends,withholding_tax,pil_dividends,borrow_fees,short_credit_interest,other_fees,bond_interest,total_pnl
bucket_1,-933.7725002645358,4413.552353089222,227.69454862930772,0.0,-50.4,-2549.84,699.4999704893168,0.0,0.0,1806.7343719433102
bucket_4,676.78988399,0.0,0.0,0.0,0.0,-5.4,0.0,0.0,0.0,671.38988399
bucket_2,4491.443621764535,3048.230576910778,8.285451370692293,0.0,-9016.98,-613.68,125.00018836271617,0.0,0.0,-1957.700161591279
bucket_3,1.057084140000029,-4275.001987,0.0,0.0,-295.89000000000004,-185.16,48.13984114796739,0.0,0.0,-4706.855061712033
