bucket,realized_pnl,unrealized_pnl,dividends,withholding_tax,pil_dividends,borrow_fees,short_credit_interest,other_fees,bond_interest,total_pnl
bucket_2,15369.373256959409,4523.41493833643,32.2511884116651,0.0,-12326.5,-918.07,132.27892612216777,0.0,0.0,6812.748309829671
bucket_1,350.80503294059207,5730.14804366357,194.0688115883349,0.0,-50.4,-2550.435,692.0925056952882,0.0,0.0,4366.279393887786
bucket_4,922.61986557,0.0,0.0,0.0,0.0,-8.505,0.0,0.0,0.0,914.1148655700001
bucket_3,1.057084140000029,-4275.001987,0.0,0.0,-295.89000000000004,-185.16,48.26856818254421,0.0,0.0,-4706.726334677455
