bucket,realized_pnl,unrealized_pnl,dividends,withholding_tax,pil_dividends,borrow_fees,short_credit_interest,other_fees,bond_interest,total_pnl
bucket_2,15391.71251627765,10242.201281320216,-10.149999999999999,0.0,-12326.5,-918.07,132.27892612216777,0.0,0.0,12511.472723720033
bucket_4,922.61986557,0.0,0.0,0.0,0.0,-8.505,0.0,0.0,0.0,914.1148655700001
bucket_1,328.46577324234937,11.36170067978523,236.47000000000003,0.0,-50.4,-2550.435,692.0925056952882,0.0,0.0,-1332.445020382578
bucket_3,1.057084140000029,-4275.001987,0.0,0.0,-295.89000000000004,-185.16,48.26856818254421,0.0,0.0,-4706.726334677455
