bucket,realized_pnl,unrealized_pnl,dividends,withholding_tax,pil_dividends,borrow_fees,short_credit_interest,other_fees,bond_interest,total_pnl
bucket_2,17656.28219818,11387.81047,-10.149999999999999,0.0,-12622.39,-941.92,132.45725532306037,0.0,0.0,15602.08992350306
bucket_4,922.61986557,0.0,0.0,0.0,0.0,-8.1,0.0,0.0,0.0,914.5198655700001
bucket_1,-1522.4537481500008,-1128.9679249999997,236.47000000000003,0.0,-50.4,-2551.75,692.0925056952882,0.0,0.0,-4325.009167454713
bucket_3,-412.59307882,-4280.28155,0.0,0.0,0.0,-160.4,48.090238981651616,0.0,0.0,-4805.184389838349
