bucket,realized_pnl,unrealized_pnl,dividends,withholding_tax,pil_dividends,borrow_fees,short_credit_interest,other_fees,bond_interest,total_pnl
bucket_1,1010.175739189999,36230.877498,0.0,0.0,-50.4,-2528.459689431516,692.9493246709967,0.0,0.0,35355.14287242948
bucket_4,676.78988399,0.0,0.0,0.0,0.0,-7.2364833747396515,0.0,0.0,0.0,669.5534006152604
bucket_3,1.057084140000029,-4275.001987,0.0,0.0,-295.89000000000004,-185.16,48.51444116841595,0.0,0.0,-4706.480461691584
bucket_2,14228.55030433,-27884.062812,226.32000000000002,0.0,-12326.5,-914.7738271937444,131.1762341605873,0.0,0.0,-26539.290100703158
