bucket,realized_pnl,unrealized_pnl,dividends,withholding_tax,pil_dividends,borrow_fees,short_credit_interest,other_fees,bond_interest,total_pnl
bucket_1,9683.239130730955,74.01155953494512,227.99386344012876,0.0,-2645.375544023807,-2791.841076294814,697.4300970579131,0.0,0.0,5245.458030445319
bucket_2,6450.589319459044,8617.353404465055,-1.6738634401287547,0.0,-10027.414455976193,-737.488923705186,128.07998752897996,0.0,0.0,4429.445468331573
bucket_3,510.02678675,-4280.28155,0.0,0.0,0.0,-167.87,47.12991541310708,0.0,0.0,-3890.9948478368924
