bucket,realized_pnl,unrealized_pnl,dividends,withholding_tax,pil_dividends,borrow_fees,short_credit_interest,other_fees,bond_interest,total_pnl
bucket_2,15625.535533825678,7984.89385409438,32.2511884116651,0.0,-12326.5,-918.07,132.27892612216777,0.0,0.0,10530.389502453889
bucket_4,674.552862492138,870.9822897318743,0.0,0.0,0.0,-8.505,0.0,0.0,0.0,1537.0301522240125
bucket_1,342.7097587721842,1397.686838173747,194.0688115883349,0.0,-50.4,-2550.435,692.0925056952882,0.0,0.0,25.72291422955388
bucket_3,1.057084140000029,-4275.001987,0.0,0.0,-295.89000000000004,-185.16,48.26856818254421,0.0,0.0,-4706.726334677455
