bucket,realized_pnl,unrealized_pnl,dividends,withholding_tax,pil_dividends,borrow_fees,short_credit_interest,other_fees,bond_interest,total_pnl
bucket_2,15354.288224795855,8791.743312363074,-1.7237267526769138,0.0,-12622.39,-964.3923106675848,132.59812269007867,0.0,0.0,10690.123622428746
bucket_1,779.5402253941453,-27.500316363074177,228.04372675267692,0.0,-50.4,-2555.287689332415,692.7167971763563,0.0,0.0,-932.8872563723103
bucket_3,510.02678675,-4280.28155,0.0,0.0,0.0,-167.87,47.325080133565265,0.0,0.0,-3890.799683116434
