bucket,realized_pnl,unrealized_pnl,dividends,withholding_tax,pil_dividends,borrow_fees,short_credit_interest,other_fees,bond_interest,total_pnl
bucket_2,15368.386613984696,8493.516319337861,-10.149999999999999,0.0,-12326.5,-918.07,132.27892612216777,0.0,0.0,10739.461859444722
bucket_4,922.61986557,2275.7657428335533,0.0,0.0,0.0,-7.6150295708742295,0.0,0.0,0.0,3190.770578832679
bucket_1,351.7916762453048,-515.7190801714129,236.47000000000003,0.0,-50.4,-2551.3249704291256,692.0925056952882,0.0,0.0,-1837.089868659946
bucket_3,1.057084140000029,-4275.001987,0.0,0.0,-295.89000000000004,-185.16,48.26856818254421,0.0,0.0,-4706.726334677455
