bucket,realized_pnl,unrealized_pnl,dividends,withholding_tax,pil_dividends,borrow_fees,short_credit_interest,other_fees,bond_interest,total_pnl
bucket_1,1460.0887437592694,12072.185792476474,191.61598639226366,0.0,-50.4,-2555.2400000000002,692.7167971763563,0.0,0.0,11810.967319804364
bucket_2,14673.73970643073,-3307.9427964764736,34.70401360773635,0.0,-12622.39,-964.44,132.59812269007867,0.0,0.0,-2053.7309537479287
bucket_3,510.02678675,-4280.28155,0.0,0.0,0.0,-167.87,47.325080133565265,0.0,0.0,-3890.799683116434
