{
  "run_date": "2026-03-18",
  "fifo_summary_present": true,
  "total_realized_pnl": 16643.85523694,
  "total_unrealized_pnl": 4411.083414000004,
  "total_dividends": 226.32000000000002,
  "total_withholding_tax": 0.0,
  "total_pil_dividends": -12672.79,
  "total_borrow_fees": -3697.2,
  "total_short_credit_interest": 872.6400000000002,
  "total_other_fees": 0.0,
  "total_bond_interest": 0.0,
  "total_pnl": 5783.908650939993,
  "excluded_cash_interest_base": -759.1551274,
  "borrow_mode": "borrow_fee_details_cumulative_by_symbol",
  "borrow_total_account_source": -3697.2,
  "borrow_details_file_present": true,
  "borrow_details_rows_cumulative": 245,
  "universe_source": "/home/runner/work/ls-algo/ls-algo/data/etf_screened_today.csv",
  "universe_allowed_etfs": 392,
  "universe_allowed_underlyings": 207,
  "kept_symbols": 417,
  "kept_underlyings": 164,
  "net_exposure_total": -24137.833158642985,
  "gross_exposure_total": 2324362.4731586426,
  "net_exposure_bucket_1": -35932.481951808804,
  "gross_exposure_bucket_1": 2195687.2013481557,
  "net_exposure_bucket_2": 11794.648793165832,
  "gross_exposure_bucket_2": 128675.27181048701,
  "net_exposure_bucket_3": 125495.80936647,
  "gross_exposure_bucket_3": 125495.80936647,
  "yfinance_override": false,
  "yfinance_symbols_overridden": 0,
  "bucket_pnl": {
    "bucket_1": 5245.458030445319,
    "bucket_2": 4429.445468331573,
    "bucket_3": -3890.9948478368924
  }
}