{
  "run_date": "2026-03-18",
  "fifo_summary_present": true,
  "total_realized_pnl": 16643.85523694,
  "total_unrealized_pnl": 4411.083414000008,
  "total_dividends": 226.32000000000002,
  "total_withholding_tax": 0.0,
  "total_pil_dividends": -12672.789999999999,
  "total_borrow_fees": -3697.2,
  "total_short_credit_interest": 872.6400000000002,
  "total_other_fees": 0.0,
  "total_bond_interest": 0.0,
  "total_pnl": 5783.908650939997,
  "excluded_cash_interest_base": -759.1551274,
  "borrow_mode": "borrow_fee_details_cumulative_by_symbol",
  "borrow_total_account_source": -3697.2,
  "borrow_details_file_present": true,
  "borrow_details_rows_cumulative": 245,
  "universe_source": "/home/runner/work/ls-algo/ls-algo/data/etf_screened_today.csv",
  "universe_allowed_etfs": 395,
  "universe_allowed_underlyings": 210,
  "kept_symbols": 417,
  "kept_underlyings": 164,
  "net_exposure_total": -22471.140130006897,
  "gross_exposure_total": 2322695.7801300073,
  "net_exposure_bucket_1": -34428.669931685115,
  "gross_exposure_bucket_1": 2189876.3325592726,
  "net_exposure_bucket_2": 11957.529801678225,
  "gross_exposure_bucket_2": 132819.44757073422,
  "net_exposure_bucket_3": 125517.61432893999,
  "gross_exposure_bucket_3": 125517.61432893999,
  "yfinance_override": false,
  "yfinance_symbols_overridden": 0,
  "bucket_pnl": {
    "bucket_1": 5287.187213164477,
    "bucket_2": 4387.716285612415,
    "bucket_3": -3890.9948478368924
  }
}