bucket,realized_pnl,unrealized_pnl,dividends,withholding_tax,pil_dividends,borrow_fees,short_credit_interest,other_fees,bond_interest,total_pnl
bucket_2,9055.748889765046,13944.796097340184,14.704182183969495,0.0,-17397.77,-1485.44,249.54602647023347,0.0,0.0,4381.585195759431
bucket_3,30.564975440000012,5256.453741,0.0,0.0,-532.03,-906.5,104.50899874170909,0.0,0.0,3952.9977151817093
bucket_1,1916.2890856549548,5045.157377659817,494.92581781603053,-7.89,-706.03,-7760.02,1861.1349747880574,0.0,0.0,843.5672559188605
bucket_4,676.78988399,0.0,0.0,0.0,0.0,-5.4,0.0,0.0,0.0,671.38988399
