bucket,realized_pnl,unrealized_pnl,dividends,withholding_tax,pil_dividends,borrow_fees,short_credit_interest,other_fees,bond_interest,total_pnl
bucket_2,22832.372108119,19795.625019294876,2.450000000000001,0.0,-20920.920000000002,-1941.92,251.18265008638755,0.0,0.0,20018.789777500264
bucket_1,-14140.961048065295,25445.18567437611,497.52000000000004,-7.89,-706.03,-7685.337069495472,1859.966417037428,0.0,0.0,5262.453973852779
bucket_3,30.564975440000012,5256.453741,0.0,0.0,-532.03,-906.5,104.04093287618471,0.0,0.0,3952.5296493161845
bucket_4,13791.119883886295,-20555.880441670986,0.0,0.0,0.0,1.5570694954715174,0.0,0.0,0.0,-6763.203488289221
