bucket,realized_pnl,unrealized_pnl,dividends,withholding_tax,pil_dividends,borrow_fees,short_credit_interest,other_fees,bond_interest,total_pnl
bucket_2,20406.894100343252,22984.168721041482,-10.147128246289947,0.0,-20920.920000000002,-1917.63,251.18265008638755,0.0,0.0,20793.54834322483
bucket_3,30.564975440000012,6630.571373,0.0,0.0,-532.03,-582.82,92.19209682355118,0.0,0.0,5638.478445263551
bucket_4,676.78988399,-1374.117632,0.0,0.0,0.0,-330.115,11.84883605263353,0.0,0.0,-1015.5939119573665
bucket_1,1398.8469596067512,1700.7615309585162,510.11712824628995,-7.89,-706.03,-7701.635,1859.966417037428,0.0,0.0,-2945.862964151009
