bucket,realized_pnl,unrealized_pnl,dividends,withholding_tax,pil_dividends,borrow_fees,short_credit_interest,other_fees,bond_interest,total_pnl
bucket_2,18536.31533597,114792.911934,433.71000000000004,-7.89,-20890.54,-1915.863641093953,253.65634760353728,0.0,0.0,111202.29997647958
bucket_3,30.564975440000012,5256.453741,0.0,0.0,-532.03,-906.5,105.06554901607036,0.0,0.0,3953.5542654560704
bucket_4,1627.65986888,0.0,30.727198389154424,0.0,0.0,-7.4863589060470845,0.0,0.0,0.0,1650.9007083631072
bucket_1,4219.58116789,-96067.934024,35.53280161084558,0.0,-736.41,-7702.58,1856.4681033803922,0.0,0.0,-98395.34195111875
