bucket,realized_pnl,unrealized_pnl,dividends,withholding_tax,pil_dividends,borrow_fees,short_credit_interest,other_fees,bond_interest,total_pnl
bucket_2,21281.732595406,17565.490072199478,2.450000000000001,0.0,-20920.920000000002,-1941.92,251.18265008638755,0.0,0.0,16238.015317691867
bucket_3,30.564975440000012,5256.453741,0.0,0.0,-532.03,-906.5,104.04093287618471,0.0,0.0,3952.5296493161845
bucket_1,566.8168351339984,7119.44017980052,497.52000000000004,-7.89,-706.03,-7677.345,1859.966417037428,0.0,0.0,1652.478431971953
bucket_4,633.98151474,0.0,0.0,0.0,0.0,-6.4350000000000005,0.0,0.0,0.0,627.54651474
