bucket,realized_pnl,unrealized_pnl,dividends,withholding_tax,pil_dividends,borrow_fees,short_credit_interest,other_fees,bond_interest,total_pnl
bucket_2,23364.0736102,16486.303857,-10.149999999999999,0.0,-21237.280000000002,-1944.8300000000002,252.6940999382122,0.0,0.0,16910.81156713821
bucket_3,-383.08518752000003,6615.015772,0.0,0.0,-215.67000000000002,-555.62,90.68064697172653,0.0,0.0,5551.321231451727
bucket_1,-1144.6823868899999,8214.181996,479.385496770614,-7.89,-706.03,-7700.49,1859.966417037428,0.0,0.0,994.4415229180464
bucket_4,676.78988399,-1374.117632,30.734503229386025,0.0,0.0,-331.26,11.84883605263353,0.0,0.0,-986.0044087279805
