bucket,realized_pnl,unrealized_pnl,dividends,withholding_tax,pil_dividends,borrow_fees,short_credit_interest,other_fees,bond_interest,total_pnl
bucket_2,19980.583264072564,53555.56079681812,-10.147128246289947,0.0,-20920.920000000002,-1917.63,251.18265008638755,0.0,0.0,50938.62958273078
bucket_1,1825.1577972174366,15336.257585285954,510.11712824628995,-7.89,-706.03,-7709.047069495472,1859.966417037428,0.0,0.0,11108.531858291637
bucket_3,30.564975440000012,6630.571373,0.0,0.0,-532.03,-582.82,92.19209682355118,0.0,0.0,5638.478445263551
bucket_4,676.78988399,-45581.00576210407,0.0,0.0,0.0,-322.70293050452847,11.84883605263353,0.0,0.0,-45215.069972565965
