bucket,realized_pnl,unrealized_pnl,dividends,withholding_tax,pil_dividends,borrow_fees,short_credit_interest,other_fees,bond_interest,total_pnl
bucket_2,20038.33077295079,10975.955205502738,59.79016549156441,-3.358252328819916,-20920.920000000002,-1942.8300000000002,248.91090837409172,0.0,0.0,8455.878799990365
bucket_1,4104.594877339208,10644.221142497265,440.1798345084356,-4.531747671180084,-706.03,-7898.2300000000005,1863.1791239275324,0.0,0.0,8443.383230601263
bucket_3,30.564975440000012,5256.453741,0.0,0.0,-532.03,-906.5,103.099967698376,0.0,0.0,3951.5886841383763
bucket_4,676.78988399,0.0,0.0,0.0,0.0,-5.4,0.0,0.0,0.0,671.38988399
