bucket,realized_pnl,unrealized_pnl,dividends,withholding_tax,pil_dividends,borrow_fees,short_credit_interest,other_fees,bond_interest,total_pnl
bucket_2,26139.427358120483,25194.54045691357,233.1760071782508,-7.2215780730897015,-20916.760000000002,-1942.4006100689064,251.18265008638755,0.0,0.0,28951.944284156696
bucket_3,30.564975440000012,5256.453741,0.0,0.0,-532.03,-906.5,104.04093287618471,0.0,0.0,3952.5296493161845
bucket_4,1006.5337089995438,1262.1640160808888,30.734503229386025,0.0,0.0,-7.897847927939129,0.0,0.0,0.0,2291.53438038188
bucket_1,-4663.430123540027,-1771.7742209944597,236.05948959236318,-0.668421926910299,-710.19,-7675.401542003155,1859.966417037428,0.0,0.0,-12725.438401834757
