bucket,realized_pnl,unrealized_pnl,dividends,withholding_tax,pil_dividends,borrow_fees,short_credit_interest,other_fees,bond_interest,total_pnl
bucket_2,9227.776210477645,14340.347230103616,15.013030342417109,0.0,-17397.77,-1491.1000000000001,248.9728171824692,0.0,0.0,4943.239288106148
bucket_3,30.564975440000012,5256.453741,0.0,0.0,-532.03,-906.5,104.2689407068005,0.0,0.0,3952.7576571468007
bucket_1,1744.261764942355,5264.707876896382,494.6169696575829,-7.89,-706.03,-7776.62,1861.9482421107305,0.0,0.0,874.9948536070523
bucket_4,676.78988399,0.0,0.0,0.0,0.0,-5.4,0.0,0.0,0.0,671.38988399
