bucket,realized_pnl,unrealized_pnl,dividends,withholding_tax,pil_dividends,borrow_fees,short_credit_interest,other_fees,bond_interest,total_pnl
bucket_1,196182.62353749928,-39548.25631825157,681.5611641985652,-4.960000007482421,-863.34,-35815.43293184925,6290.39436084623,-0.7000019047787525,0.0,126921.88981053099
bucket_2,96449.47133809591,173853.8345385565,75.02883580143487,-19.41999999251758,-199899.47,-31885.50706815075,7526.133732016267,-5.819998095221249,0.0,46094.25137823162
bucket_5,0.0,586.453761,0.0,0.0,0.0,-322.75,331.44665009468747,0.0,0.0,595.1504110946876
bucket_3,276.12134444000003,1866.3475989999997,0.0,0.0,-510.35,-2106.78,255.76669509115152,0.0,0.0,-218.8943614688469
bucket_4,-25972.647976685203,-34491.47622730489,0.0,0.0,-149.97,-12496.65,1187.7885619516674,0.0,0.0,-71922.95564203843
