bucket,realized_pnl,unrealized_pnl,dividends,withholding_tax,pil_dividends,borrow_fees,short_credit_interest,other_fees,bond_interest,total_pnl
bucket_2,75516.63093119315,53014.308075260706,80.0349161073311,-10.72814127400887,-63710.6,-9844.67,6003.346083163184,-1.11998785470456,0.0,61047.20187659566
bucket_1,-15499.172117507269,69230.73361073929,612.7050838926689,-6.431858725991129,-734.19,-21356.705,2329.8037615941635,-0.7000121452954401,0.0,34576.04346784757
bucket_3,31.060795170000013,5513.493957000001,0.0,0.0,-580.26,-1663.57,210.85543535735283,0.0,0.0,3511.5801875273532
bucket_5,0.0,-32.67462499999999,0.0,0.0,0.0,-8.28,37.45360208633728,0.0,0.0,-3.5010229136626947
bucket_4,-9197.553442305898,-639.7744619999994,0.0,0.0,0.0,-1900.7450000000001,378.731117798963,0.0,0.0,-11359.341786506935
