bucket,realized_pnl,unrealized_pnl,dividends,withholding_tax,pil_dividends,borrow_fees,short_credit_interest,other_fees,bond_interest,total_pnl
bucket_2,73578.43739260477,57152.742560356535,8.996491228070175,0.0,-63809.84,-9831.97,5777.282577753826,0.0,0.0,62875.64902194319
bucket_1,-22865.998685074766,73236.0226773326,683.7435087719298,-17.16,-734.19,-21629.162789631257,2214.406140395967,-1.82,0.0,30885.840851794477
bucket_3,31.060795170000013,5513.493957000001,0.0,0.0,-580.26,-1663.57,202.91541021284482,0.0,0.0,3503.640162382845
bucket_4,587.99365399,-7289.861239689137,0.0,0.0,0.0,-2055.847210368742,765.5858716373608,0.0,0.0,-7992.128924430517
