bucket,realized_pnl,unrealized_pnl,dividends,withholding_tax,pil_dividends,borrow_fees,short_credit_interest,other_fees,bond_interest,total_pnl
bucket_2,20325.417136478114,11229.277724016883,56.11041869752246,-2.496110295917781,-19296.85,-1803.31,258.93066725660447,0.0,0.0,10767.079836153207
bucket_3,539.5346780499999,5748.288134,0.0,0.0,-215.67000000000002,-762.71,101.2037466464256,0.0,0.0,5410.646558696425
bucket_1,4510.639019361886,3274.9728379831186,432.06958130247756,-5.393889704082219,-706.03,-6399.25,1855.0555860969698,0.0,0.0,2962.063135040373
