bucket,realized_pnl,unrealized_pnl,dividends,withholding_tax,pil_dividends,borrow_fees,short_credit_interest,other_fees,bond_interest,total_pnl
bucket_2,20325.448781430965,8108.140817440003,60.20010776864071,-3.384996414219376,-19296.85,-1803.31,258.93066725660447,0.0,0.0,7649.175377481995
bucket_1,4510.607374409034,6396.109744559998,427.9798922313593,-4.505003585780624,-706.03,-6399.25,1855.0555860969698,0.0,0.0,6079.967593711584
bucket_3,539.5346780499999,5748.288134,0.0,0.0,-215.67000000000002,-762.71,101.2037466464256,0.0,0.0,5410.646558696425
