bucket,realized_pnl,unrealized_pnl,dividends,withholding_tax,pil_dividends,borrow_fees,short_credit_interest,other_fees,bond_interest,total_pnl
bucket_2,20325.448829315403,8108.1410231566615,60.20063312947809,-3.3849935887331317,-19296.85,-1803.31,258.93066725660447,0.0,0.0,7649.176159269414
bucket_1,4510.607326524597,6396.10953884334,427.9793668705219,-4.5050064112668675,-706.03,-6399.25,1855.0555860969698,0.0,0.0,6079.966811924166
bucket_3,539.5346780499999,5748.288134,0.0,0.0,-215.67000000000002,-762.71,101.2037466464256,0.0,0.0,5410.646558696425
