bucket,realized_pnl,unrealized_pnl,dividends,withholding_tax,pil_dividends,borrow_fees,short_credit_interest,other_fees,bond_interest,total_pnl
bucket_2,21213.273041976696,15843.615332593507,2.450000000000001,0.0,-18987.32,-1776.49,260.1883752150552,0.0,0.0,16555.716749785257
bucket_3,30.564975440000012,5758.76751,0.0,0.0,-525.2,-781.29,103.4440809141288,0.0,0.0,4586.286566354129
bucket_4,879.8114963200001,0.0,0.0,0.0,0.0,-8.505,0.0,0.0,0.0,871.3064963200001
bucket_1,914.7567306133042,1928.5097574064937,485.73,-7.89,-706.03,-6202.475,1851.5575438708158,0.0,0.0,-1735.840968109384
