bucket,realized_pnl,unrealized_pnl,dividends,withholding_tax,pil_dividends,borrow_fees,short_credit_interest,other_fees,bond_interest,total_pnl
bucket_2,25391.69900979014,83070.08703168499,232.00013083456832,-7.2215780730897015,-18983.16,-1776.941952854887,260.1883752150552,0.0,0.0,88186.65101659678
bucket_3,30.564975440000012,5758.76751,0.0,0.0,-525.2,-781.29,103.4440809141288,0.0,0.0,4586.286566354129
bucket_4,922.61986557,0.0,30.726956476432935,0.0,0.0,-9.07,0.0,0.0,0.0,944.276822046433
bucket_1,-3306.4776079201383,-65297.96194168499,225.45291268899877,-0.668421926910299,-710.19,-6201.458047145113,1851.5575438708158,0.0,0.0,-73439.74556211733
