bucket,realized_pnl,unrealized_pnl,dividends,withholding_tax,pil_dividends,borrow_fees,short_credit_interest,other_fees,bond_interest,total_pnl
bucket_2,18536.31533597,78436.549181,421.92,-7.89,-18956.940000000002,-1749.2836410939528,262.8152992474439,0.0,0.0,76943.48617512349
bucket_3,30.564975440000012,5758.76751,0.0,0.0,-525.2,-781.29,104.48847708262434,0.0,0.0,4587.330962522624
bucket_4,676.78988399,0.0,30.727198389154424,0.0,0.0,-6.9063589060470845,0.0,0.0,0.0,700.6107234731073
bucket_1,5440.834492749999,-66330.136436,35.53280161084558,0.0,-736.41,-6247.85,1847.8862236699317,0.0,0.0,-65990.14291796922
