bucket,realized_pnl,unrealized_pnl,dividends,withholding_tax,pil_dividends,borrow_fees,short_credit_interest,other_fees,bond_interest,total_pnl
bucket_3,30.564975440000012,5758.76751,0.0,0.0,-525.2,-781.29,103.89323657109367,0.0,0.0,4586.7357220110935
bucket_2,8968.684666462332,10440.347119394974,14.723288526611196,0.0,-15477.83,-1320.64,258.33236935111825,0.0,0.0,2883.6174437350337
bucket_4,676.78988399,0.0,0.0,0.0,0.0,-5.4,0.0,0.0,0.0,671.38988399
bucket_1,2273.736648927668,1876.9311926050284,483.1167114733888,-7.89,-706.03,-6298.31,1852.9643940777883,0.0,0.0,-525.4810529161257
