bucket,realized_pnl,unrealized_pnl,dividends,withholding_tax,pil_dividends,borrow_fees,short_credit_interest,other_fees,bond_interest,total_pnl
bucket_2,20458.987870988796,11119.271492655454,87.2768066921286,-2.94107632051535,-19296.85,-1803.3956053392997,258.93066725660447,0.0,0.0,10821.280155933167
bucket_3,539.5346780499999,5748.288134,0.0,0.0,-215.67000000000002,-762.71,101.2037466464256,0.0,0.0,5410.646558696425
bucket_1,4377.068284851204,3384.9790693445475,400.9031933078714,-4.94892367948465,-706.03,-6399.1643946607,1855.0555860969698,0.0,0.0,2907.8628152604088
