bucket,realized_pnl,unrealized_pnl,dividends,withholding_tax,pil_dividends,borrow_fees,short_credit_interest,other_fees,bond_interest,total_pnl
bucket_2,20325.448767437807,8108.14150127766,60.20063320303217,-3.3849935871119445,-19296.85,-1803.31,258.93066725660447,0.0,0.0,7649.1765755879915
bucket_1,4510.607388402193,6396.109060722343,427.97936679696784,-4.505006412888055,-706.03,-6399.25,1855.0555860969698,0.0,0.0,6079.966395605587
bucket_3,539.5346780499999,5748.288134,0.0,0.0,-215.67000000000002,-762.71,101.2037466464256,0.0,0.0,5410.646558696425
