bucket,realized_pnl,unrealized_pnl,dividends,withholding_tax,pil_dividends,borrow_fees,short_credit_interest,other_fees,bond_interest,total_pnl
bucket_2,19904.184827756613,16367.522899611822,-10.147719672173974,0.0,-18987.32,-1752.2,260.1883752150552,0.0,0.0,15782.228382911317
bucket_3,30.564975440000012,5758.76751,0.0,0.0,-525.2,-781.29,103.4440809141288,0.0,0.0,4586.286566354129
bucket_4,922.61986557,0.0,0.0,0.0,0.0,-8.505,0.0,0.0,0.0,914.1148655700001
bucket_1,2181.0365755833855,1404.6021903881804,498.327719672174,-7.89,-706.03,-6226.765,1851.5575438708158,0.0,0.0,-1005.1609704854432
