bucket,realized_pnl,unrealized_pnl,dividends,withholding_tax,pil_dividends,borrow_fees,short_credit_interest,other_fees,bond_interest,total_pnl
bucket_2,20325.448829315403,8108.140092417576,60.200107576273275,-3.384996415840561,-19296.85,-1803.31,258.93066725660447,0.0,0.0,7649.174700150016
bucket_1,4510.607326524597,6396.110469582425,427.97989242372677,-4.505003584159438,-706.03,-6399.25,1855.0555860969698,0.0,0.0,6079.968271043562
bucket_3,539.5346780499999,5748.288134,0.0,0.0,-215.67000000000002,-762.71,101.2037466464256,0.0,0.0,5410.646558696425
