bucket,realized_pnl,unrealized_pnl,dividends,withholding_tax,pil_dividends,borrow_fees,short_credit_interest,other_fees,bond_interest,total_pnl
bucket_3,30.564975440000012,5758.76751,0.0,0.0,-525.2,-781.29,103.64794732425442,0.0,0.0,4586.490432764254
bucket_2,9140.769094809042,10789.80527797906,15.03494476402187,0.0,-15477.83,-1326.3,257.72245330264695,0.0,0.0,3399.2017708547696
bucket_4,676.78988399,0.0,0.0,0.0,0.0,-5.4,0.0,0.0,0.0,671.38988399
bucket_1,2101.652220580957,1856.3846660209426,482.80505523597816,-7.89,-706.03,-6312.9,1853.8195993730988,0.0,0.0,-732.1584587890227
