bucket,realized_pnl,unrealized_pnl,dividends,withholding_tax,pil_dividends,borrow_fees,short_credit_interest,other_fees,bond_interest,total_pnl
bucket_2,23266.84603595,16048.157636,-10.149999999999999,0.0,-19296.85,-1778.25,261.4457015680815,0.0,0.0,18491.19937351808
bucket_3,-383.08518752000003,5748.288134,0.0,0.0,-215.67000000000002,-755.24,102.18675456110245,0.0,0.0,4496.479701041102
bucket_4,922.61986557,0.0,30.726956476432935,0.0,0.0,-9.07,0.0,0.0,0.0,944.276822046433
bucket_1,-767.9744698,1734.446830000001,467.60304352356707,-7.89,-706.03,-6226.2,1851.5575438708158,0.0,0.0,-3654.487052405615
