{
  "run_date": "2026-04-16",
  "fifo_summary_present": true,
  "total_realized_pnl": 25375.590833890004,
  "total_unrealized_pnl": 20252.538696000003,
  "total_dividends": 488.18,
  "total_withholding_tax": -7.89,
  "total_pil_dividends": -20218.550000000003,
  "total_borrow_fees": -8965.27,
  "total_short_credit_interest": 2215.1899999999996,
  "total_other_fees": 0.0,
  "total_bond_interest": 0.0,
  "total_pnl": 19139.789529889997,
  "excluded_cash_interest_base": -4054.7053851,
  "borrow_mode": "borrow_fee_details_cumulative_by_symbol",
  "borrow_total_account_source": -8965.27,
  "borrow_details_file_present": true,
  "borrow_details_rows_cumulative": 292,
  "universe_source": "/home/runner/work/ls-algo/ls-algo/data/etf_screened_today.csv",
  "universe_allowed_etfs": 413,
  "universe_allowed_underlyings": 218,
  "kept_symbols": 486,
  "kept_underlyings": 194,
  "net_exposure_total": -18322.962567470393,
  "gross_exposure_total": 3185863.4585674703,
  "net_exposure_bucket_1": -18118.449278323787,
  "gross_exposure_bucket_1": 2889328.2282310873,
  "net_exposure_bucket_2": -204.51328914660803,
  "gross_exposure_bucket_2": 296535.2303363833,
  "net_exposure_bucket_3": 607172.6280712202,
  "gross_exposure_bucket_3": 607172.6280712202,
  "yfinance_override": false,
  "yfinance_symbols_overridden": 0,
  "bucket_pnl": {
    "bucket_2": 10821.280155933167,
    "bucket_3": 5410.646558696425,
    "bucket_1": 2907.8628152604088
  }
}