bucket,realized_pnl,unrealized_pnl,dividends,withholding_tax,pil_dividends,borrow_fees,short_credit_interest,other_fees,bond_interest,total_pnl
bucket_1,2529.432391890545,81481.529003,4.82,0.0,-731.23,-4852.019689431516,1728.6731941211285,0.0,0.0,80161.20489958016
bucket_4,-892.7756035005465,0.0,0.0,0.0,0.0,-7.2364833747396515,0.0,0.0,0.0,-900.0120868752862
bucket_3,30.564975440000012,-4575.392175,0.0,0.0,-520.01,-577.51,169.72733713206728,0.0,0.0,-5472.619862427933
bucket_2,14770.44783199,-58753.843500999996,433.99,0.0,-17048.79,-1543.9438271937445,316.78946874680423,0.0,0.0,-61825.35002745694
