bucket,realized_pnl,unrealized_pnl,dividends,withholding_tax,pil_dividends,borrow_fees,short_credit_interest,other_fees,bond_interest,total_pnl
bucket_1,1928.2392740273883,25383.42141950705,394.41537055942075,0.0,-700.85,-4968.09,1739.9418626674867,0.0,0.0,23777.077926761343
bucket_3,539.5346780499999,-4598.72828,0.0,0.0,-215.67000000000002,-559.43,164.5910221141124,0.0,0.0,-4669.702579835887
bucket_2,14660.98178948261,-2332.5817385070495,44.39462944057925,0.0,-17383.51,-1598.0900000000001,310.65711521840063,0.0,0.0,-6298.148204365459
