bucket,realized_pnl,unrealized_pnl,dividends,withholding_tax,pil_dividends,borrow_fees,short_credit_interest,other_fees,bond_interest,total_pnl
bucket_2,13410.766348083733,14807.10230551272,-10.147980175891478,0.0,-17079.17,-1548.39,308.24504958467764,0.0,0.0,9888.405723005242
bucket_1,3339.810941306267,8396.807237487277,448.95798017589146,0.0,-723.86,-4837.8949999999995,1741.7954848819065,0.0,0.0,8365.616643851341
bucket_4,922.61986557,0.0,0.0,0.0,0.0,-8.505,0.0,0.0,0.0,914.1148655700001
bucket_3,30.564975440000012,-4575.392175,0.0,0.0,-520.01,-577.51,165.1494655334156,0.0,0.0,-5477.197734026585
