bucket,realized_pnl,unrealized_pnl,dividends,withholding_tax,pil_dividends,borrow_fees,short_credit_interest,other_fees,bond_interest,total_pnl
bucket_1,1922.7164211877582,15626.912631198367,404.63222936841976,0.0,-723.86,-4993.98,1741.7954848819065,0.0,0.0,13978.216766636451
bucket_2,14357.634744562241,7600.333016801634,34.17777063158023,0.0,-17383.51,-1598.23,309.44545149033536,0.0,0.0,3319.8509834857914
bucket_3,539.5346780499999,-4598.72828,0.0,0.0,-215.67000000000002,-559.43,163.94906362775794,0.0,0.0,-4670.344538322242
