bucket,realized_pnl,unrealized_pnl,dividends,withholding_tax,pil_dividends,borrow_fees,short_credit_interest,other_fees,bond_interest,total_pnl
bucket_1,1848.0655311086273,44512.74765940863,249.52476673035483,0.0,-728.02,-4837.33,1741.7954848819065,0.0,0.0,42786.78344212952
bucket_4,953.8389530363571,-4038.608301402516,0.0,0.0,0.0,-9.395557321235525,0.0,0.0,0.0,-3094.164905687395
bucket_3,30.564975440000012,-4575.392175,0.0,0.0,-520.01,-577.51,165.1494655334156,0.0,0.0,-5477.197734026585
bucket_2,14871.292670945015,-17270.229815006118,189.28523326964518,0.0,-17075.01,-1548.0644426787646,308.24504958467764,0.0,0.0,-20524.481303885543
