bucket,realized_pnl,unrealized_pnl,dividends,withholding_tax,pil_dividends,borrow_fees,short_credit_interest,other_fees,bond_interest,total_pnl
bucket_1,2183.3702510174935,9976.287362135123,395.7312531387488,0.0,-723.86,-4837.8949999999995,1741.7954848819065,0.0,0.0,8735.42935117327
bucket_2,14656.825928270942,12235.350208551474,43.07874686125121,0.0,-17079.17,-1548.39,308.24504958467764,0.0,0.0,8615.939933268348
bucket_4,833.0009756715635,992.2719723134019,0.0,0.0,0.0,-8.505,0.0,0.0,0.0,1816.7679479849655
bucket_3,30.564975440000012,-4575.392175,0.0,0.0,-520.01,-577.51,165.1494655334156,0.0,0.0,-5477.197734026585
