bucket,realized_pnl,unrealized_pnl,dividends,withholding_tax,pil_dividends,borrow_fees,short_credit_interest,other_fees,bond_interest,total_pnl
bucket_2,15142.592902123011,15514.894463993849,3.8920897938749306,0.0,-17383.51,-1598.0423106675848,310.65711521840063,0.0,0.0,11990.484260461551
bucket_1,1446.6281613869887,7535.945217006151,434.9179102061251,0.0,-700.85,-4968.137689332415,1739.9418626674867,0.0,0.0,5488.445461934333
bucket_3,539.5346780499999,-4598.72828,0.0,0.0,-215.67000000000002,-559.43,164.5910221141124,0.0,0.0,-4669.702579835887
