bucket,realized_pnl,unrealized_pnl,dividends,withholding_tax,pil_dividends,borrow_fees,short_credit_interest,other_fees,bond_interest,total_pnl
bucket_1,-781.8066060501718,15367.712259416114,433.43794909209214,0.0,-700.85,-4907.43,1743.8247474557377,0.0,0.0,11154.88834991377
bucket_4,676.78988399,0.0,0.0,0.0,0.0,-5.4,0.0,0.0,0.0,671.38988399
bucket_2,4831.066420120171,6328.7501725838865,15.032050907907893,0.0,-13581.64,-1136.28,302.6879981535967,0.0,0.0,-3240.383358234436
bucket_3,30.564975440000012,-4575.392175,0.0,0.0,-520.01,-577.51,168.6772543906653,0.0,0.0,-5473.669945169335
