bucket,realized_pnl,unrealized_pnl,dividends,withholding_tax,pil_dividends,borrow_fees,short_credit_interest,other_fees,bond_interest,total_pnl
bucket_2,17566.39600693,24150.168073,-10.149999999999999,0.0,-17383.51,-1573.03,309.44545149033536,0.0,0.0,23059.319531420337
bucket_4,922.61986557,0.0,0.0,0.0,0.0,-8.1,0.0,0.0,0.0,914.5198655700001
bucket_1,-402.1685539700005,-922.9224250000009,448.96,0.0,-723.86,-4839.21,1741.7954848819065,0.0,0.0,-4697.405494088097
bucket_3,-383.08518752000003,-4598.72828,0.0,0.0,-215.67000000000002,-551.96,163.94906362775794,0.0,0.0,-5585.494403892242
