bucket,realized_pnl,unrealized_pnl,dividends,withholding_tax,pil_dividends,borrow_fees,short_credit_interest,other_fees,bond_interest,total_pnl
bucket_4,922.61986557,12550.347977261266,0.0,0.0,0.0,-7.511887302598065,0.0,0.0,0.0,13465.455955528669
bucket_2,13523.158232164365,10554.182729742033,-10.147980175891478,0.0,-17079.17,-1548.39,308.24504958467764,0.0,0.0,5747.878031315188
bucket_1,3227.419057225634,99.37883599669811,448.95798017589146,0.0,-723.86,-4838.888112697402,1741.7954848819065,0.0,0.0,-45.196754417276054
bucket_3,30.564975440000012,-4575.392175,0.0,0.0,-520.01,-577.51,165.1494655334156,0.0,0.0,-5477.197734026585
