bucket,realized_pnl,unrealized_pnl,dividends,withholding_tax,pil_dividends,borrow_fees,short_credit_interest,other_fees,bond_interest,total_pnl
bucket_1,-595.6379984816152,14896.686141215478,433.7524313636603,0.0,-700.85,-4894.8,1742.387519664797,0.0,0.0,10881.53809376232
bucket_4,676.78988399,0.0,0.0,0.0,0.0,-5.4,0.0,0.0,0.0,671.38988399
bucket_2,4644.897812551614,6785.561767784522,14.717568636339687,0.0,-13581.64,-1130.6200000000001,303.6109164225662,0.0,0.0,-2963.4719346049565
bucket_3,30.564975440000012,-4575.392175,0.0,0.0,-520.01,-577.51,169.19156391263638,0.0,0.0,-5473.155635647364
