bucket,realized_pnl,unrealized_pnl,dividends,withholding_tax,pil_dividends,borrow_fees,short_credit_interest,other_fees,bond_interest,total_pnl
bucket_1,2054.1158508091476,14208.640767342715,395.7312531387488,0.0,-723.86,-4837.8949999999995,1741.7954848819065,0.0,0.0,12838.528356172517
bucket_2,14739.269807500852,8995.268775657283,43.07874686125121,0.0,-17079.17,-1548.39,308.24504958467764,0.0,0.0,5458.302379604067
bucket_4,879.8114963200001,0.0,0.0,0.0,0.0,-8.505,0.0,0.0,0.0,871.3064963200001
bucket_3,30.564975440000012,-4575.392175,0.0,0.0,-520.01,-577.51,165.1494655334156,0.0,0.0,-5477.197734026585
