{
  "run_date": "2026-04-08",
  "fifo_summary_present": true,
  "total_realized_pnl": 16819.885843799995,
  "total_unrealized_pnl": 18628.517368,
  "total_dividends": 438.80999999999995,
  "total_withholding_tax": 0.0,
  "total_pil_dividends": -18323.04,
  "total_borrow_fees": -7151.639999999999,
  "total_short_credit_interest": 2215.1899999999996,
  "total_other_fees": 0.0,
  "total_bond_interest": 0.0,
  "total_pnl": 12627.723211799981,
  "excluded_cash_interest_base": -4054.7053851,
  "borrow_mode": "borrow_fee_details_cumulative_by_symbol",
  "borrow_total_account_source": -7151.639999999999,
  "borrow_details_file_present": true,
  "borrow_details_rows_cumulative": 271,
  "universe_source": "/home/runner/work/ls-algo/ls-algo/data/etf_screened_today.csv",
  "universe_allowed_etfs": 411,
  "universe_allowed_underlyings": 218,
  "kept_symbols": 440,
  "kept_underlyings": 175,
  "net_exposure_total": -7880.295630964709,
  "gross_exposure_total": 2312044.8640309647,
  "net_exposure_bucket_1": -8506.946094838979,
  "gross_exposure_bucket_1": 2042708.5077855855,
  "net_exposure_bucket_2": 626.6504638742783,
  "gross_exposure_bucket_2": 269336.3562453791,
  "net_exposure_bucket_3": 551309.2176609219,
  "gross_exposure_bucket_3": 551309.2176609219,
  "yfinance_override": false,
  "yfinance_symbols_overridden": 0,
  "bucket_pnl": {
    "bucket_1": 13978.216766636451,
    "bucket_2": 3319.8509834857914,
    "bucket_3": -4670.344538322242
  }
}