bucket,realized_pnl,unrealized_pnl,dividends,withholding_tax,pil_dividends,borrow_fees,short_credit_interest,other_fees,bond_interest,total_pnl
bucket_2,39497.26674843174,117736.06836173276,241.77126293545507,-8.558317986365758,-30582.53,-2957.2218363466745,682.6962424549718,-1.12,0.0,124608.3724612219
bucket_4,982.3957036370308,10111.040916587426,30.739033648702016,0.0,0.0,-6.906659739650117,0.0,0.0,0.0,11117.268994133508
bucket_3,30.564975440000012,12763.080769,0.0,0.0,-557.1800000000001,-1279.21,142.10230041834717,0.0,0.0,11099.358044858347
bucket_1,-15648.319030068771,-77799.69275432019,375.73970341584294,-7.141682013634242,-726.95,-14036.771503913675,3936.1314571266817,-0.7,0.0,-103907.70380977374
