bucket,realized_pnl,unrealized_pnl,dividends,withholding_tax,pil_dividends,borrow_fees,short_credit_interest,other_fees,bond_interest,total_pnl
bucket_2,20440.66994322013,40634.85468279467,8.999026691090585,0.0,-30586.69,-2954.16,682.6962424549718,0.0,0.0,28226.36989516086
bucket_1,3713.8835953298694,22125.036915244906,639.2509733089095,-15.7,-722.79,-14040.305,3936.1314571266817,-1.82,0.0,15633.687941010374
bucket_3,30.564975440000012,12763.080769,0.0,0.0,-557.1800000000001,-1279.21,142.10230041834717,0.0,0.0,11099.358044858347
bucket_4,676.78988399,-12712.475074039576,0.0,0.0,0.0,-6.4350000000000005,0.0,0.0,0.0,-12042.120190049576
