bucket,realized_pnl,unrealized_pnl,dividends,withholding_tax,pil_dividends,borrow_fees,short_credit_interest,other_fees,bond_interest,total_pnl
bucket_2,21128.17484152718,33550.1426713052,21.596491228070175,0.0,-30487.449999999997,-2942.57,688.4223440800558,0.0,0.0,21958.316348140503
bucket_3,30.564975440000012,12763.080769,0.0,0.0,-557.1800000000001,-1279.21,143.29418073458805,0.0,0.0,11100.549925174588
bucket_1,2347.3742402728203,12001.165757760567,626.6535087719299,-15.7,-722.79,-13843.055,3929.2134751853564,-1.82,0.0,4321.041981990673
bucket_4,291.52393533000003,3376.5181209342336,0.0,0.0,0.0,-5.415,0.0,0.0,0.0,3662.6270562642335
