bucket,realized_pnl,unrealized_pnl,dividends,withholding_tax,pil_dividends,borrow_fees,short_credit_interest,other_fees,bond_interest,total_pnl
bucket_2,21555.58289350937,32930.935701128605,45.90574141965021,-2.4442759438012636,-30586.69,-2979.320681597872,662.980965974428,-0.20134413577752386,0.0,21626.749000354608
bucket_3,30.564975440000012,12763.080769,0.0,0.0,-557.1800000000001,-1279.21,137.99859225790016,0.0,0.0,11095.2543366979
bucket_1,6478.183739660627,13600.933989871393,602.3442585803498,-13.255724056198737,-722.79,-14406.119318402129,3866.965479094143,-1.6186558642224762,0.0,9404.643768883976
bucket_4,676.78988399,733.927343,0.0,0.0,0.0,-5.4,92.98496267352894,0.0,0.0,1498.302189663529
