bucket,realized_pnl,unrealized_pnl,dividends,withholding_tax,pil_dividends,borrow_fees,short_credit_interest,other_fees,bond_interest,total_pnl
bucket_2,21119.291024683713,37544.28421374036,21.596491228070175,0.0,-30487.449999999997,-2942.57,688.4223440800558,0.0,0.0,25943.574073732198
bucket_3,30.564975440000012,12763.080769,0.0,0.0,-557.1800000000001,-1279.21,143.29418073458805,0.0,0.0,11100.549925174588
bucket_1,3130.3725857187696,12880.431671305221,626.6535087719299,-15.7,-722.79,-13848.715,3929.2134751853564,-1.82,0.0,5977.64624098128
bucket_4,-309.3327806424849,-1496.8893350455774,0.0,0.0,0.0,-5.415,0.0,0.0,0.0,-1811.6371156880623
