bucket,realized_pnl,unrealized_pnl,dividends,withholding_tax,pil_dividends,borrow_fees,short_credit_interest,other_fees,bond_interest,total_pnl
bucket_2,20503.169984112927,38060.70402722037,8.998963752956207,0.0,-30586.69,-2954.16,682.6962424549718,0.0,0.0,25714.71921754122
bucket_3,30.564975440000012,12763.080769,0.0,0.0,-557.1800000000001,-1279.21,142.10230041834717,0.0,0.0,11099.358044858347
bucket_1,4252.2402695395585,13483.601831825217,639.2510362470438,-15.7,-722.79,-14040.305,3936.1314571266817,-1.82,0.0,7530.6095947385
bucket_4,75.93316801751507,-1496.8893350455774,0.0,0.0,0.0,-6.4350000000000005,0.0,0.0,0.0,-1427.3911670280622
