bucket,realized_pnl,unrealized_pnl,dividends,withholding_tax,pil_dividends,borrow_fees,short_credit_interest,other_fees,bond_interest,total_pnl
bucket_2,41239.24434214,293851.651909,485.643253562182,-15.7,-30556.309999999998,-2955.856265681993,662.980965974428,-1.57,0.0,302710.0842049946
bucket_3,30.564975440000012,12763.080769,0.0,0.0,-557.1800000000001,-1279.21,137.99859225790016,0.0,0.0,11095.2543366979
bucket_4,676.78988399,733.927343,30.727198345167704,0.0,0.0,-6.906358781473816,92.98496267352894,0.0,0.0,1527.5230292272229
bucket_1,-13205.477708970002,-247319.782218,131.87954809265034,0.0,-753.17,-14428.077375536534,3866.965479094143,-0.25,0.0,-271707.91227531974
