bucket,realized_pnl,unrealized_pnl,dividends,withholding_tax,pil_dividends,borrow_fees,short_credit_interest,other_fees,bond_interest,total_pnl
bucket_2,23145.23085545,25910.766707000002,-11.729999999999999,0.0,-30928.199999999997,-2993.19,685.548191062671,0.0,0.0,15808.425753512673
bucket_1,1422.9728492799982,24132.175194999996,629.2564975846622,-15.7,-722.79,-14040.710000000001,3936.1314571266817,-1.82,0.0,15339.515998991355
bucket_3,-383.08518752000003,12767.555391,0.0,0.0,-215.67000000000002,-1240.18,139.25035181064794,0.0,0.0,11067.870555290647
bucket_4,676.78988399,0.0,30.72350241533791,0.0,0.0,-6.03,0.0,0.0,0.0,701.4833864053379
