bucket,realized_pnl,unrealized_pnl,dividends,withholding_tax,pil_dividends,borrow_fees,short_credit_interest,other_fees,bond_interest,total_pnl
bucket_1,-588.9427159164662,14456.694563359379,433.75360873573027,0.0,-700.85,-4773.2,1739.5304553050667,0.0,0.0,10566.98591148371
bucket_4,676.78988399,0.0,0.0,0.0,0.0,-5.4,0.0,0.0,0.0,671.38988399
bucket_2,4638.202529986465,6749.073355640621,14.716391264269763,0.0,-12176.77,-1112.52,305.7619223143756,0.0,0.0,-1581.5358007942684
bucket_3,30.564975440000012,-4739.252173,0.0,0.0,-516.59,-557.93,169.89762238055783,0.0,0.0,-5613.309575179443
