bucket,realized_pnl,unrealized_pnl,dividends,withholding_tax,pil_dividends,borrow_fees,short_credit_interest,other_fees,bond_interest,total_pnl
bucket_2,15142.699256168158,15469.352319027968,3.909975815184483,0.0,-15975.220000000001,-1571.6223106675848,312.2832734602161,0.0,0.0,13381.402513803943
bucket_1,1446.5218073418414,7110.067371972032,434.90002418481555,0.0,-700.85,-4843.177689332415,1737.813004253135,0.0,0.0,5185.274518419407
bucket_3,539.5346780499999,-4761.738279,0.0,0.0,-215.67000000000002,-539.91,165.09372228664947,0.0,0.0,-4812.689878663351
