bucket,realized_pnl,unrealized_pnl,dividends,withholding_tax,pil_dividends,borrow_fees,short_credit_interest,other_fees,bond_interest,total_pnl
bucket_1,1928.2392740273883,24857.42460646414,394.35939584076357,0.0,-700.85,-4843.13,1737.813004253135,0.0,0.0,23373.856280585427
bucket_2,14660.98178948261,-2278.004915464142,44.45060415923642,0.0,-15975.220000000001,-1571.67,312.2832734602161,0.0,0.0,-4807.179248362079
bucket_3,539.5346780499999,-4761.738279,0.0,0.0,-215.67000000000002,-539.91,165.09372228664947,0.0,0.0,-4812.689878663351
