bucket,realized_pnl,unrealized_pnl,dividends,withholding_tax,pil_dividends,borrow_fees,short_credit_interest,other_fees,bond_interest,total_pnl
bucket_1,-775.2014776341751,14907.606957933323,433.438648175635,0.0,-700.85,-4785.26,1740.9734545761032,0.0,0.0,10820.707583050887
bucket_4,676.78988399,0.0,0.0,0.0,0.0,-5.4,0.0,0.0,0.0,671.38988399
bucket_2,4824.461291704175,6313.845484066675,15.031351824364965,0.0,-12176.77,-1118.18,304.8343382136647,0.0,0.0,-1836.7775341911204
bucket_3,30.564975440000012,-4739.252173,0.0,0.0,-516.59,-557.93,169.38220721023208,0.0,0.0,-5613.824990349769
