bucket,realized_pnl,unrealized_pnl,dividends,withholding_tax,pil_dividends,borrow_fees,short_credit_interest,other_fees,bond_interest,total_pnl
bucket_1,959.8669043999994,82969.95901400001,4.82,0.0,-731.23,-4731.259689431516,1725.8981272752744,0.0,0.0,80198.05435624375
bucket_4,676.78988399,0.0,0.0,0.0,0.0,-7.2364833747396515,0.0,0.0,0.0,669.5534006152604
bucket_3,30.564975440000012,-4739.252173,0.0,0.0,-516.59,-557.93,170.45213855155097,0.0,0.0,-5612.755059008449
bucket_2,14770.44783199,-60655.123505999996,433.99,0.0,-15643.92,-1517.5838271937444,318.8397341731749,0.0,0.0,-62293.34976703057
