bucket,realized_pnl,unrealized_pnl,dividends,withholding_tax,pil_dividends,borrow_fees,short_credit_interest,other_fees,bond_interest,total_pnl
bucket_2,14765.208584918486,12109.282002820224,43.102118442627365,0.0,-15674.3,-1522.03,309.84616259276606,0.0,0.0,10031.108868774103
bucket_1,2028.1770730115122,10631.497549179774,395.7078815573727,0.0,-723.86,-4712.125,1739.6996739754481,0.0,0.0,9359.09717772411
bucket_4,879.8114963200001,0.0,0.0,0.0,0.0,-8.505,0.0,0.0,0.0,871.3064963200001
bucket_3,30.564975440000012,-4739.252173,0.0,0.0,-516.59,-557.93,165.64416343178587,0.0,0.0,-5617.563034128214
