bucket,realized_pnl,unrealized_pnl,dividends,withholding_tax,pil_dividends,borrow_fees,short_credit_interest,other_fees,bond_interest,total_pnl
bucket_1,1802.2466147067603,43753.68644364747,249.5157873442177,0.0,-728.02,-4711.56,1739.6996739754481,0.0,0.0,42105.5685196739
bucket_4,608.3945709726837,0.0,0.0,0.0,0.0,-9.500819109419478,0.0,0.0,0.0,598.8937518632644
bucket_3,30.564975440000012,-4739.252173,0.0,0.0,-516.59,-557.93,165.64416343178587,0.0,0.0,-5617.563034128214
bucket_2,15262.555969810555,-21012.906891647475,189.2942126557823,0.0,-15670.14,-1521.5991808905806,309.84616259276606,0.0,0.0,-22442.94972747895
