bucket,realized_pnl,unrealized_pnl,dividends,withholding_tax,pil_dividends,borrow_fees,short_credit_interest,other_fees,bond_interest,total_pnl
bucket_2,13549.097057534362,14209.044274237129,-10.147977137455884,0.0,-15674.3,-1522.03,309.84616259276606,0.0,0.0,10861.509517226803
bucket_1,3201.4802311456365,8531.73527776287,448.9579771374559,0.0,-723.86,-4712.125,1739.6996739754481,0.0,0.0,8485.888160021412
bucket_4,922.61986557,0.0,0.0,0.0,0.0,-8.505,0.0,0.0,0.0,914.1148655700001
bucket_3,30.564975440000012,-4739.252173,0.0,0.0,-516.59,-557.93,165.64416343178587,0.0,0.0,-5617.563034128214
