bucket,realized_pnl,unrealized_pnl,dividends,withholding_tax,pil_dividends,borrow_fees,short_credit_interest,other_fees,bond_interest,total_pnl
bucket_1,1931.8890097008275,15591.882947441058,406.22005732230906,0.0,-723.86,-4868.21,1739.6996739754481,0.0,0.0,14077.621688439642
bucket_2,14348.462156049172,7171.382710558943,32.589942677690956,0.0,-15975.220000000001,-1571.81,311.04908035482646,0.0,0.0,4316.453889640632
bucket_3,539.5346780499999,-4761.738279,0.0,0.0,-215.67000000000002,-539.91,164.44124566972542,0.0,0.0,-4813.342355280275
