bucket,realized_pnl,unrealized_pnl,dividends,withholding_tax,pil_dividends,borrow_fees,short_credit_interest,other_fees,bond_interest,total_pnl
bucket_2,17566.39600693,23629.43807,-10.149999999999999,0.0,-15975.220000000001,-1546.61,311.04908035482646,0.0,0.0,23974.903157284825
bucket_4,922.61986557,0.0,0.0,0.0,0.0,-9.07,0.0,0.0,0.0,913.5498655700001
bucket_1,-402.1685539700005,-866.1724120000009,448.96,0.0,-723.86,-4712.47,1739.6996739754481,0.0,0.0,-4516.011291994554
bucket_3,-383.08518752000003,-4761.738279,0.0,0.0,-215.67000000000002,-532.44,164.44124566972542,0.0,0.0,-5728.492220850275
