{
  "run_date": "2026-04-07",
  "fifo_summary_present": true,
  "total_realized_pnl": 16819.8858438,
  "total_unrealized_pnl": 18001.527378999992,
  "total_dividends": 438.80999999999995,
  "total_withholding_tax": 0.0,
  "total_pil_dividends": -16914.75,
  "total_borrow_fees": -6979.929999999999,
  "total_short_credit_interest": 2215.19,
  "total_other_fees": 0.0,
  "total_bond_interest": 0.0,
  "total_pnl": 13580.733222800001,
  "excluded_cash_interest_base": -4054.7053851,
  "borrow_mode": "borrow_fee_details_cumulative_by_symbol",
  "borrow_total_account_source": -6979.93,
  "borrow_details_file_present": true,
  "borrow_details_rows_cumulative": 271,
  "universe_source": "/home/runner/work/ls-algo/ls-algo/data/etf_screened_today.csv",
  "universe_allowed_etfs": 408,
  "universe_allowed_underlyings": 215,
  "kept_symbols": 440,
  "kept_underlyings": 175,
  "net_exposure_total": -7339.428617960792,
  "gross_exposure_total": 2310374.4486179613,
  "net_exposure_bucket_1": -8419.188866283515,
  "gross_exposure_bucket_1": 2046634.7346253297,
  "net_exposure_bucket_2": 1079.7602483227224,
  "gross_exposure_bucket_2": 263739.71399263124,
  "net_exposure_bucket_3": 554126.4125463299,
  "gross_exposure_bucket_3": 554126.4125463299,
  "yfinance_override": false,
  "yfinance_symbols_overridden": 0,
  "bucket_pnl": {
    "bucket_1": 14077.621688439642,
    "bucket_2": 4316.453889640632,
    "bucket_3": -4813.342355280275
  }
}