bucket,realized_pnl,unrealized_pnl,dividends,withholding_tax,pil_dividends,borrow_fees,short_credit_interest,other_fees,bond_interest,total_pnl
bucket_1,75249.07794911877,44937.93724850739,679.3960216050366,-4.9600000726031395,-867.34,-33777.0113477958,6028.298528039388,-0.7000047103738459,0.0,92244.6983946918
bucket_2,93309.63011929684,153072.9120120424,74.69397839496338,-19.419999927396862,-199727.96,-29884.783652204198,7506.091710007458,-5.819995289626155,0.0,24325.344172320434
bucket_3,56.326630169999994,8218.229175,0.0,0.0,-831.83,-2641.6,314.6011966823382,0.0,0.0,5115.727001852338
bucket_5,0.0,362.6922040000002,0.0,0.0,0.0,-273.53999999999996,211.64701030858228,0.0,0.0,300.7992143085828
bucket_4,-8500.372276015607,-17873.313501549794,0.0,0.0,0.0,-9898.855,1530.8915549622363,0.0,0.0,-34741.64922260316
