sleeve,n_pairs,pnl_usd
core_leveraged,327,-78468.63306413675
yieldboost,21,-10209.555196653873
inverse_decay_bucket4,24,-9914.488568698853
volatility_etp_bucket5,1,-709.0132587103006
