bucket,realized_pnl,unrealized_pnl,dividends,withholding_tax,pil_dividends,borrow_fees,short_credit_interest,other_fees,bond_interest,total_pnl
bucket_1,-29811.591565011087,71920.88390027377,637.1235087719298,-12.85,-722.79,-16004.555,1897.582825928663,-1.4862100540399628,0.0,27902.31745990924
bucket_2,27126.488795881087,33883.12173408966,40.606491228070176,-2.85,-36815.54,-3611.0,2542.9848294530134,-0.3337899459600374,0.0,23163.478060705875
bucket_3,30.564975440000012,7378.465089,0.0,0.0,-565.99,-1371.51,145.2060086388171,0.0,0.0,5616.736073078817
bucket_4,291.52393533000003,-8480.45666736343,0.0,0.0,0.0,-218.36499999999998,175.15633597950693,0.0,0.0,-8232.141396053923
