bucket,realized_pnl,unrealized_pnl,dividends,withholding_tax,pil_dividends,borrow_fees,short_credit_interest,other_fees,bond_interest,total_pnl
bucket_1,-25269.851365180002,67055.979679,658.7364975846621,-15.7,-722.79,-16247.59,1894.3956303637817,-1.82,0.0,27351.36044176845
bucket_2,23262.190103189998,41164.547178,-11.729999999999999,0.0,-37265.1,-3641.2,2522.962300791522,0.0,0.0,26031.66958198152
bucket_3,-383.08518752000003,7366.669714,0.0,0.0,-215.67000000000002,-1328.6100000000001,141.47309993254666,0.0,0.0,5580.777626412548
bucket_4,676.78988399,-8473.881072,30.72350241533791,0.0,0.0,-249.48999999999998,202.09896891214962,0.0,0.0,-7813.758716682513
