bucket,realized_pnl,unrealized_pnl,dividends,withholding_tax,pil_dividends,borrow_fees,short_credit_interest,other_fees,bond_interest,total_pnl
bucket_1,-22850.144712818397,66269.69907361429,633.7027231399095,-15.7,-722.79,-16681.393145437676,1901.3796501810855,-0.7890285297260663,0.0,28533.964560149496
bucket_2,20642.68125730307,40632.18911675003,13.298008900128075,0.0,-36914.78,-3598.734911891786,2479.0074539218995,-1.0309714702739339,0.0,23252.629953513067
bucket_3,30.564975440000012,7378.465089,0.0,0.0,-565.99,-1371.51,141.55286087463716,0.0,0.0,5613.082925314637
bucket_4,-2929.516064064672,-10321.891939364325,30.729267959962446,0.0,0.0,-287.6719426705379,238.99003502237804,0.0,0.0,-13269.360643117194
