bucket,realized_pnl,unrealized_pnl,dividends,withholding_tax,pil_dividends,borrow_fees,short_credit_interest,other_fees,bond_interest,total_pnl
bucket_2,96269.43389619808,43596.66472196965,1.3344558673370788,0.0,-37265.1,-3643.881076307423,2522.962300791522,0.0,0.0,101481.41429851917
bucket_3,-383.08518752000003,7366.669714,0.0,0.0,-215.67000000000002,-1328.6100000000001,141.47309993254666,0.0,0.0,5580.777626412548
bucket_4,584.55806899,-14163.655400586778,30.728991929222406,0.0,0.0,-248.47010564949784,202.09896891214962,0.0,0.0,-13594.739476404904
bucket_1,-98184.86334055809,70313.63646361712,645.6665522034406,-15.7,-722.79,-16245.92881804308,1894.3956303637817,-1.82,0.0,-42317.4035124168
