bucket,realized_pnl,unrealized_pnl,dividends,withholding_tax,pil_dividends,borrow_fees,short_credit_interest,other_fees,bond_interest,total_pnl
bucket_2,96269.43441720075,47488.408702192886,1.3344641696335522,0.0,-37265.1,-3641.6344807491378,2522.962300791522,0.0,0.0,105375.40540360566
bucket_3,-383.08518752000003,7366.669714,0.0,0.0,-215.67000000000002,-1328.6100000000001,141.47309993254666,0.0,0.0,5580.777626412548
bucket_4,584.55806899,-8473.881072,30.728991929222406,0.0,0.0,-250.36670112186155,202.09896891214962,0.0,0.0,-7906.86174329049
bucket_1,-98184.86386156076,60732.11815480712,645.666543901144,-15.7,-722.79,-16246.278818129002,1894.3956303637817,-1.82,0.0,-51899.27235061771
