bucket,realized_pnl,unrealized_pnl,dividends,withholding_tax,pil_dividends,borrow_fees,short_credit_interest,other_fees,bond_interest,total_pnl
bucket_1,-29689.218535265118,72390.79667071709,637.1235087719298,-12.85,-722.79,-16010.215,1897.582825928663,-1.4862099672173197,0.0,28488.943260185362
bucket_2,27282.51518850662,34052.25907028291,40.606491228070176,-2.85,-36815.54,-3611.0,2542.9848294530134,-0.3337900327826804,0.0,23488.641789437832
bucket_3,30.564975440000012,7378.465089,0.0,0.0,-565.99,-1371.51,145.2060086388171,0.0,0.0,5616.736073078817
bucket_4,186.38232558849234,-9119.506774000001,0.0,0.0,0.0,-218.36499999999998,175.15633597950693,0.0,0.0,-8976.333112432001
