bucket,realized_pnl,unrealized_pnl,dividends,withholding_tax,pil_dividends,borrow_fees,short_credit_interest,other_fees,bond_interest,total_pnl
bucket_2,127557.31943889124,53976.685668253034,212.49608238381887,-3.0298268859290287,-36910.62,-3631.852508898367,2520.512571908188,-1.1114614499424627,0.0,143720.39996420205
bucket_3,30.564975440000012,7378.465089,0.0,0.0,-565.99,-1371.51,143.92282881588065,0.0,0.0,5615.452893255881
bucket_4,3504.476357139416,-5792.267769894908,30.739033648702016,0.0,0.0,-250.3666597396501,202.09896891214962,0.0,0.0,-2305.3200699342906
bucket_1,-132806.31733785066,51550.43251164188,434.49488396747915,-12.670173114070971,-726.95,-16213.160831361984,1894.3956303637817,-0.7085385500575374,0.0,-95880.48385490364
