bucket,realized_pnl,unrealized_pnl,dividends,withholding_tax,pil_dividends,borrow_fees,short_credit_interest,other_fees,bond_interest,total_pnl
bucket_1,-30715.816572462212,74981.7201600519,668.7335087719298,-15.7,-722.79,-16249.085459382062,1894.3956303637817,-1.82,0.0,29839.637267343358
bucket_2,28294.50514966221,38923.68699965147,8.996491228070175,0.0,-36914.78,-3598.3,2520.512571908188,0.0,0.0,29234.621212449943
bucket_3,30.564975440000012,7378.465089,0.0,0.0,-565.99,-1371.51,143.92282881588065,0.0,0.0,5615.452893255881
bucket_4,676.78988399,-14170.556749703384,0.0,0.0,0.0,-247.99454061793728,202.09896891214962,0.0,0.0,-13539.662437419172
