bucket,realized_pnl,unrealized_pnl,dividends,withholding_tax,pil_dividends,borrow_fees,short_credit_interest,other_fees,bond_interest,total_pnl
bucket_2,28452.34336310502,39649.757938201736,8.996491228070175,0.0,-36914.78,-3598.3,2520.512571908188,0.0,0.0,30118.530364443013
bucket_1,-30768.513177033517,71951.49107999251,668.7335087719298,-15.7,-722.79,-16249.084393476258,1894.3956303637817,-1.82,0.0,26756.71264861846
bucket_3,30.564975440000012,7378.465089,0.0,0.0,-565.99,-1371.51,143.92282881588065,0.0,0.0,5615.452893255881
bucket_4,571.6482742484924,-11866.398608194253,0.0,0.0,0.0,-247.99560652374217,202.09896891214962,0.0,0.0,-11340.646971557353
