bucket,realized_pnl,unrealized_pnl,dividends,withholding_tax,pil_dividends,borrow_fees,short_credit_interest,other_fees,bond_interest,total_pnl
bucket_2,84761.81449607748,173150.59944789874,-168.16035783877837,-19.419998498407143,-180192.6099511466,-27939.947142102017,8155.158904049787,-1.1199995000591776,0.0,57746.31539894019
bucket_1,46427.135481259946,27202.845851539052,674.5003578387783,-4.96000150159286,-871.3100488534102,-32259.557857897984,5596.748750164477,-0.7000004999408227,0.0,46764.70253204932
bucket_3,31.060795170000013,8716.288509999998,0.0,0.0,-823.71,-2527.71,292.8609803627061,0.0,0.0,5688.790285532706
bucket_5,0.0,229.2778440000002,0.0,0.0,0.0,-234.02,208.50782950857692,0.0,0.0,203.76567350857704
bucket_4,-4634.683084777425,-882.726278437807,0.0,0.0,0.0,-8781.105,1338.25353591445,0.0,0.0,-12960.260827300783
