bucket,realized_pnl,unrealized_pnl,dividends,withholding_tax,pil_dividends,borrow_fees,short_credit_interest,other_fees,bond_interest,total_pnl
bucket_1,9200.338955338508,7598.497597906457,427.9984907633612,0.0,-3283.0630046544507,-4074.7803512233927,679.5218026078722,0.0,0.0,10548.51349073835
bucket_2,7264.020615591492,8268.452899093543,3.701509236638829,0.0,-13364.77699534555,-1353.2096487766075,137.08569870516973,0.0,0.0,955.274078504686
bucket_3,530.1366773300001,-5503.152410000001,0.0,0.0,-215.67000000000002,-427.74,56.03249868695799,0.0,0.0,-5560.393233983043
