bucket,realized_pnl,unrealized_pnl,dividends,withholding_tax,pil_dividends,borrow_fees,short_credit_interest,other_fees,bond_interest,total_pnl
bucket_1,-654.5206809395198,14084.730426711847,426.52850211630243,0.0,-700.85,-4101.53,683.6109111735079,0.0,0.0,9737.969159062139
bucket_4,676.78988399,0.0,0.0,0.0,0.0,-5.4,0.0,0.0,0.0,671.38988399
bucket_2,4887.788900189519,2703.5993542881533,14.8314978836976,0.0,-12176.77,-999.08,132.316601635832,0.0,0.0,-5437.313646002798
bucket_3,21.16697472000004,-5479.998115,0.0,0.0,-516.59,-445.46000000000004,56.71248719066008,0.0,0.0,-6364.16865308934
