bucket,realized_pnl,unrealized_pnl,dividends,withholding_tax,pil_dividends,borrow_fees,short_credit_interest,other_fees,bond_interest,total_pnl
bucket_1,1651.6052747549068,46176.99629227765,243.67325005214795,0.0,-728.02,-4028.33,679.5218026078722,0.0,0.0,43995.446619692564
bucket_4,500.9254887531042,0.0,0.0,0.0,1.4085102048912321,-9.50107264279468,0.0,0.0,0.0,492.83292631520084
bucket_3,21.16697472000004,-5479.998115,0.0,0.0,-516.59,-445.46000000000004,56.45399204842272,0.0,0.0,-6364.427148231578
bucket_2,14877.689174371988,-26180.914452277644,188.02674994785207,0.0,-15620.308510204892,-1372.4389273572053,136.66420534370502,0.0,0.0,-27971.281760176196
