bucket,realized_pnl,unrealized_pnl,dividends,withholding_tax,pil_dividends,borrow_fees,short_credit_interest,other_fees,bond_interest,total_pnl
bucket_1,2134.191692207389,24946.926716302052,387.97569192575463,0.0,-700.85,-4143.64,682.2316182982548,0.0,0.0,23306.835718733448
bucket_3,530.1366773300001,-5503.152410000001,0.0,0.0,-215.67000000000002,-427.74,55.246256136210974,0.0,0.0,-5561.179476533789
bucket_2,14639.03777648261,-6626.241496302055,43.724308074245386,0.0,-15923.980000000001,-1423.36,135.1621255655343,0.0,0.0,-9155.657286179665
