bucket,realized_pnl,unrealized_pnl,dividends,withholding_tax,pil_dividends,borrow_fees,short_credit_interest,other_fees,bond_interest,total_pnl
bucket_1,-469.7852591997888,13529.51269265075,426.6492317622279,0.0,-700.85,-4091.94,682.9665171590865,0.0,0.0,9376.55318237227
bucket_4,676.78988399,0.0,0.0,0.0,0.0,-5.4,0.0,0.0,0.0,671.38988399
bucket_2,4703.053478449789,3250.1025653492516,14.710768237772143,0.0,-12176.77,-993.42,132.76766462635925,0.0,0.0,-5069.555523336828
bucket_3,21.16697472000004,-5479.998115,0.0,0.0,-516.59,-445.46000000000004,56.90581821455429,0.0,0.0,-6363.975322065446
