bucket,realized_pnl,unrealized_pnl,dividends,withholding_tax,pil_dividends,borrow_fees,short_credit_interest,other_fees,bond_interest,total_pnl
bucket_1,1607.5025187499996,111410.584894,-0.85,0.0,-727.677367766116,-4057.3870653410104,677.3339923137826,0.0,0.0,108909.50697195665
bucket_4,676.78988399,0.0,0.0,0.0,0.0,-7.2364833747396515,0.0,0.0,0.0,669.5534006152604
bucket_3,21.16697472000004,-5479.998115,0.0,0.0,-516.59,-445.46000000000004,57.09355179273418,0.0,0.0,-6363.7875884872665
bucket_2,14306.82062282,-93264.756404,432.55,0.0,-15596.232632233885,-1367.3764512842497,138.2124558934833,0.0,0.0,-95350.78240880465
