bucket,realized_pnl,unrealized_pnl,dividends,withholding_tax,pil_dividends,borrow_fees,short_credit_interest,other_fees,bond_interest,total_pnl
bucket_2,15124.650921321845,12593.649642908607,3.5265957260750875,0.0,-15923.209832000071,-1423.3123106675848,135.1621255655343,0.0,0.0,10510.467142854406
bucket_1,1648.5785473681544,5727.035577091393,428.1734042739249,0.0,-701.6201679999295,-4143.687689332415,682.2316182982548,0.0,0.0,3640.7112896993813
bucket_3,530.1366773300001,-5503.152410000001,0.0,0.0,-215.67000000000002,-427.74,55.246256136210974,0.0,0.0,-5561.179476533789
