bucket,realized_pnl,unrealized_pnl,dividends,withholding_tax,pil_dividends,borrow_fees,short_credit_interest,other_fees,bond_interest,total_pnl
bucket_2,17663.62358118,22336.829691,-10.149999999999999,0.0,-15923.980000000001,-1397.15,137.08569870516973,0.0,0.0,22806.25897088517
bucket_4,922.61986557,0.0,0.0,0.0,0.0,-9.07,0.0,0.0,0.0,913.5498655700001
bucket_3,-392.48318824,-5503.152410000001,0.0,0.0,-215.67000000000002,-420.27,56.03249868695799,0.0,0.0,-6475.543099553042
bucket_1,-1142.3733448100004,-2317.593556000001,441.85,0.0,-723.86,-4029.24,679.5218026078722,0.0,0.0,-7091.69509820213
