bucket,realized_pnl,unrealized_pnl,dividends,withholding_tax,pil_dividends,borrow_fees,short_credit_interest,other_fees,bond_interest,total_pnl
bucket_1,2505.427316733022,10064.580935082628,441.85,0.0,-723.86,-4028.895,679.5218026078722,0.0,0.0,8938.62505442352
bucket_2,13602.172756436978,9931.500904917371,-10.149999999999999,0.0,-15623.06,-1372.8700000000001,136.66420534370502,0.0,0.0,6664.257866698054
bucket_4,922.61986557,0.0,0.0,0.0,0.0,-8.505,0.0,0.0,0.0,914.1148655700001
bucket_3,21.16697472000004,-5479.998115,0.0,0.0,-516.59,-445.46000000000004,56.45399204842272,0.0,0.0,-6364.427148231578
