bucket,realized_pnl,unrealized_pnl,dividends,withholding_tax,pil_dividends,borrow_fees,short_credit_interest,other_fees,bond_interest,total_pnl
bucket_1,1352.1133967373692,12223.27914220827,388.7021962116295,0.0,-723.86,-4028.895,679.5218026078722,0.0,0.0,9890.861537765139
bucket_2,14798.295045682631,7772.802697791731,42.997803788370554,0.0,-15623.06,-1372.8700000000001,136.66420534370502,0.0,0.0,5754.829752606435
bucket_4,879.8114963200001,0.0,0.0,0.0,0.0,-8.505,0.0,0.0,0.0,871.3064963200001
bucket_3,21.16697472000004,-5479.998115,0.0,0.0,-516.59,-445.46000000000004,56.45399204842272,0.0,0.0,-6364.427148231578
