bucket,realized_pnl,unrealized_pnl,dividends,withholding_tax,pil_dividends,borrow_fees,short_credit_interest,other_fees,bond_interest,total_pnl
bucket_1,39754.50743541754,58574.27650322463,682.3231534481364,-6.420001031908356,-865.7680762135376,-31124.875271338235,5370.537024694556,-0.7000869703742105,0.0,72383.88068123082
bucket_2,91221.53479821293,142611.11270253002,36.23684655186356,-10.739998968091644,-180099.20192378646,-26552.859728661766,8197.05612299648,-1.1199130296257895,0.0,35402.018905845354
bucket_3,31.060795170000013,8073.538521999999,0.0,0.0,-823.71,-2443.37,294.3994387515288,0.0,0.0,5131.918755921528
bucket_5,0.0,185.50784399999998,0.0,0.0,0.0,-205.61,206.97962243878362,0.0,0.0,186.87746643878359
bucket_4,-4634.742203930469,-27216.701496754653,0.0,0.0,0.0,-7897.305,1522.5577911186508,0.0,0.0,-38226.19090956647
