bucket,realized_pnl,unrealized_pnl,dividends,withholding_tax,pil_dividends,borrow_fees,short_credit_interest,other_fees,bond_interest,total_pnl
bucket_1,57156.79613908679,413.56172320349236,680.233559381515,-6.42000289451948,-863.54,-28519.549650910903,3098.4489628582273,-0.700775500228617,0.0,31958.829955224373
bucket_2,79658.77951050801,104282.02324537965,22.556440618485055,-10.73999710548052,-155299.33,-22738.265349089095,5096.284651421842,-1.1192244997713832,0.0,11010.189277233663
bucket_4,-4555.921945404791,17551.547507416843,0.0,0.0,0.0,-6073.205,521.7477628906674,0.0,0.0,7444.168324902722
bucket_3,31.060795170000013,7258.358521,0.0,0.0,-815.61,-2212.54,146.2048278172202,0.0,0.0,4407.4741439872205
bucket_5,0.0,327.3830640000001,0.0,0.0,0.0,-135.14,97.50379501204434,0.0,0.0,289.7468590120443
