bucket,realized_pnl,unrealized_pnl,dividends,withholding_tax,pil_dividends,borrow_fees,short_credit_interest,other_fees,bond_interest,total_pnl
bucket_1,57302.71642929384,-9246.220963073325,680.2335593854028,-6.420002895336192,-863.54,-28519.461344885898,3096.114884543701,-0.7007755003503378,0.0,22442.72178686803
bucket_2,79766.71447875816,114146.26564224529,22.556440614597136,-10.739997104663807,-155299.33,-22738.265349089095,5096.284651421842,-1.1192244996496625,0.0,20982.366642346504
bucket_4,-4809.777203782006,17347.087796828033,0.0,0.0,0.0,-6073.293306025004,524.0818412051938,0.0,0.0,6988.0991282262175
bucket_3,31.060795170000013,7258.358521,0.0,0.0,-815.61,-2212.54,146.2048278172202,0.0,0.0,4407.4741439872205
bucket_5,0.0,327.3830640000001,0.0,0.0,0.0,-135.14,97.50379501204434,0.0,0.0,289.7468590120443
