bucket,realized_pnl,unrealized_pnl,dividends,withholding_tax,pil_dividends,borrow_fees,short_credit_interest,other_fees,bond_interest,total_pnl
bucket_1,57139.892494080086,-6694.89840512297,680.2335593854028,-6.420002895336192,-863.54,-28519.549650910903,3098.4489628582273,-0.7007755003503378,0.0,24833.466181894153
bucket_2,79675.6817131224,111555.34954721258,22.556440614597136,-10.739997104663807,-155299.33,-22738.265349089095,5096.284651421842,-1.1192244996496625,0.0,18300.417781678025
bucket_4,-4555.920503012481,17386.68133391039,0.0,0.0,0.0,-6073.205,521.7477628906674,0.0,0.0,7279.303593788579
bucket_3,31.060795170000013,7258.358521,0.0,0.0,-815.61,-2212.54,146.2048278172202,0.0,0.0,4407.4741439872205
bucket_5,0.0,327.3830640000001,0.0,0.0,0.0,-135.14,97.50379501204434,0.0,0.0,289.7468590120443
