bucket,realized_pnl,unrealized_pnl,dividends,withholding_tax,pil_dividends,borrow_fees,short_credit_interest,other_fees,bond_interest,total_pnl
bucket_1,-14951.438381843449,61388.920967181126,664.6417672507929,-6.422138856605458,-725.54,-26370.028546279253,2273.24691738062,-0.7001550234565553,0.0,22272.68042980978
bucket_2,68908.05417666344,97092.51197707735,-10.85176725079289,-10.737861143394541,-131841.71,-19029.576453720747,6038.3873096692705,-1.1198449765434448,0.0,21144.95753631858
bucket_4,295.93541793,20759.46493474153,0.0,0.0,0.0,-4449.195,419.3850935817111,0.0,0.0,17025.59044625324
bucket_3,31.060795170000013,5831.728510999999,0.0,0.0,-604.89,-1992.81,195.77525167654653,0.0,0.0,3460.864557846546
bucket_5,0.0,248.76537499999998,0.0,0.0,0.0,-81.22,33.395427691851296,0.0,0.0,200.94080269185127
