bucket,realized_pnl,unrealized_pnl,dividends,withholding_tax,pil_dividends,borrow_fees,short_credit_interest,other_fees,bond_interest,total_pnl
bucket_2,69288.64913262118,111426.18954457888,-81.99350877192983,0.0,-131841.71,-19016.48,6072.565251088609,0.0,0.0,35847.22041951674
bucket_1,-15374.841706701176,71153.8611667218,735.7835087719299,-17.16,-725.54,-26383.125,2286.1137468815227,-1.82,0.0,31673.271715674095
bucket_3,31.060795170000013,5831.728510999999,0.0,0.0,-604.89,-1992.81,196.88336129920071,0.0,0.0,3461.9726674692
bucket_5,0.0,248.76537499999998,0.0,0.0,0.0,-81.22,33.5844495138696,0.0,0.0,201.12982451386955
bucket_4,338.74378718,-1146.6390493006857,0.0,0.0,0.0,-4447.315,371.043191216797,0.0,0.0,-4884.167070903887
