bucket,realized_pnl,unrealized_pnl,dividends,withholding_tax,pil_dividends,borrow_fees,short_credit_interest,other_fees,bond_interest,total_pnl
bucket_1,-15124.598477590298,70038.63402184885,664.6417672507929,-6.422138856605458,-725.54,-26364.368546279253,2273.24691738062,-0.7001550234564042,0.0,30754.89338873066
bucket_2,68907.9564589103,102330.97655934752,-10.85176725079289,-10.737861143394541,-131841.71,-19029.576453720747,6038.3873096692705,-1.119844976543596,0.0,26383.324400835612
bucket_3,31.060795170000013,5831.728510999999,0.0,0.0,-604.89,-1992.81,195.77525167654653,0.0,0.0,3460.864557846546
bucket_4,295.93541793,6871.287297803638,0.0,0.0,0.0,-4449.195,419.3850935817111,0.0,0.0,3137.4128093153486
bucket_5,0.0,248.76537499999998,0.0,0.0,0.0,-81.22,33.395427691851296,0.0,0.0,200.94080269185127
