bucket,realized_pnl,unrealized_pnl,dividends,withholding_tax,pil_dividends,borrow_fees,short_credit_interest,other_fees,bond_interest,total_pnl
bucket_2,69497.01761737074,111407.95447379792,-81.99350877192983,0.0,-131841.71,-19016.48,6072.565251088609,0.0,0.0,36037.353833485344
bucket_1,-15583.210191800743,60949.54198711722,735.7835087719299,-17.16,-725.54,-26383.125,2286.1137468815227,-1.82,0.0,21260.584050969937
bucket_4,338.74378718,9075.91520108486,0.0,0.0,0.0,-4447.315,371.043191216797,0.0,0.0,5338.38717948166
bucket_3,31.060795170000013,5831.728510999999,0.0,0.0,-604.89,-1992.81,196.88336129920071,0.0,0.0,3461.9726674692
bucket_5,0.0,248.76537499999998,0.0,0.0,0.0,-81.22,33.5844495138696,0.0,0.0,201.12982451386955
