bucket,realized_pnl,unrealized_pnl,dividends,withholding_tax,pil_dividends,borrow_fees,short_credit_interest,other_fees,bond_interest,total_pnl
bucket_2,73238.79214517096,104311.4257800247,-10.85176725079289,-10.737861143394541,-131841.71,-19029.576453720747,6038.3873096692705,-1.1198449765435052,0.0,32694.609307773448
bucket_1,-14361.946004142399,70731.2810929753,664.6417672507929,-6.422138856605458,-725.54,-26370.028546279253,2273.24691738062,-0.7001550234564948,0.0,32204.532933305014
bucket_3,31.060795170000013,5831.728510999999,0.0,0.0,-604.89,-1992.81,195.77525167654653,0.0,0.0,3460.864557846546
bucket_5,0.0,248.76537499999998,0.0,0.0,0.0,-81.22,33.395427691851296,0.0,0.0,200.94080269185127
bucket_4,-4624.294928278562,4198.191005999999,0.0,0.0,0.0,-4449.195,419.3850935817111,0.0,0.0,-4455.913828696852
