bucket,realized_pnl,unrealized_pnl,dividends,withholding_tax,pil_dividends,borrow_fees,short_credit_interest,other_fees,bond_interest,total_pnl
bucket_2,69633.22566838087,112757.29915399762,-81.99350877192983,0.0,-131841.71,-19016.48,6072.565251088609,0.0,0.0,37522.90656469517
bucket_1,-15719.418242460864,64087.187875177406,735.7835087719299,-17.16,-725.54,-26378.987250860762,2285.0265593938702,-1.82,0.0,24265.072450021587
bucket_3,31.060795170000013,5831.728510999999,0.0,0.0,-604.89,-1992.81,196.88336129920071,0.0,0.0,3461.9726674692
bucket_4,338.74378718,4837.690007824975,0.0,0.0,0.0,-4532.6727491392385,405.71482821831887,0.0,0.0,1049.4758740840555
