bucket,realized_pnl,unrealized_pnl,dividends,withholding_tax,pil_dividends,borrow_fees,short_credit_interest,other_fees,bond_interest,total_pnl
bucket_2,32967.23072484683,49586.19133518085,40.606491228070176,-2.85,-36815.54,-4537.54,2712.5159018173154,-1.0792190925024545,0.0,43949.53523398056
bucket_1,-19500.191897676843,59746.22259101772,637.1235087719298,-12.85,-732.16,-16841.465,1796.6623046205311,-0.7407809074975457,0.0,25092.600725825843
bucket_4,291.52393533000003,9596.244207801428,0.0,0.0,0.0,-438.915,141.10128190927148,0.0,0.0,9589.9544250407
bucket_3,30.564975440000012,9665.812458,0.0,0.0,-565.99,-1423.49,110.65051165288203,0.0,0.0,7817.5479450928815
