bucket,realized_pnl,unrealized_pnl,dividends,withholding_tax,pil_dividends,borrow_fees,short_credit_interest,other_fees,bond_interest,total_pnl
bucket_2,98275.55279215869,88390.40353620838,1.3344641696335522,0.0,-37265.1,-4570.342250555637,2696.631457885202,0.0,0.0,147528.47999986628
bucket_3,-383.08518752000003,9657.278382,0.0,0.0,-215.67000000000002,-1378.62,107.86332417650776,0.0,0.0,7787.766518656506
bucket_4,584.55806899,-3932.6734740204356,30.728991929222406,0.0,0.0,-495.34169900560784,160.15408355586527,0.0,0.0,-3652.5740285509546
bucket_1,-84164.5493649987,37871.49856781206,645.666543901144,-15.7,-732.16,-17082.676050438753,1796.2811343824253,-1.82,0.0,-61683.459169341826
