bucket,realized_pnl,unrealized_pnl,dividends,withholding_tax,pil_dividends,borrow_fees,short_credit_interest,other_fees,bond_interest,total_pnl
bucket_2,32967.22956094336,49601.900378982165,40.606491228070176,-2.85,-36815.54,-4537.54,2712.5159018173154,-1.0792191107457925,0.0,43965.24311386016
bucket_1,-19673.448547273372,60883.86250932649,637.1235087719298,-12.85,-732.16,-16835.805,1796.6623046205311,-0.7407808892542076,0.0,26062.64399455633
bucket_4,291.52393533000003,8443.367745691341,0.0,0.0,0.0,-438.915,141.10128190927148,0.0,0.0,8437.077962930613
bucket_3,30.564975440000012,9665.812458,0.0,0.0,-565.99,-1423.49,110.65051165288203,0.0,0.0,7817.5479450928815
