bucket,realized_pnl,unrealized_pnl,dividends,withholding_tax,pil_dividends,borrow_fees,short_credit_interest,other_fees,bond_interest,total_pnl
bucket_1,-10823.970652250013,65582.509932,658.7364975846621,-15.7,-732.16,-17083.94,1796.2811343824253,-1.82,0.0,39379.936911717086
bucket_2,24842.7422614,44441.092324,-11.729999999999999,0.0,-37265.1,-4569.71,2696.631457885202,0.0,0.0,30133.9260432852
bucket_4,676.78988399,12306.098874,30.72350241533791,0.0,0.0,-494.71,160.15408355586527,0.0,0.0,12679.056343961203
bucket_3,-383.08518752000003,9657.278382,0.0,0.0,-215.67000000000002,-1378.62,107.86332417650776,0.0,0.0,7787.766518656506
