bucket,realized_pnl,unrealized_pnl,dividends,withholding_tax,pil_dividends,borrow_fees,short_credit_interest,other_fees,bond_interest,total_pnl
bucket_2,40216.39024346367,51020.63141812317,40.606491228070176,-2.85,-36815.54,-4537.54,2712.5159018173154,-1.0792190997997946,0.0,52633.13483553242
bucket_1,-13708.040936733005,57283.886043876824,637.1235087719298,-12.85,-732.16,-16841.465,1796.6623046205311,-0.7407809002002055,0.0,28422.415139636087
bucket_3,30.564975440000012,9665.812458,0.0,0.0,-565.99,-1423.49,110.65051165288203,0.0,0.0,7817.5479450928815
bucket_4,-12749.786545090672,10624.613172,0.0,0.0,0.0,-438.915,141.10128190927148,0.0,0.0,-2422.9870911814014
