bucket,realized_pnl,unrealized_pnl,dividends,withholding_tax,pil_dividends,borrow_fees,short_credit_interest,other_fees,bond_interest,total_pnl
bucket_2,33571.53096371562,56649.04264376446,9.005409405914229,0.0,-36914.78,-4524.84,2694.576081880828,0.0,0.0,51484.53509876681
bucket_1,-19966.409517235625,73401.54765951593,668.7245905940858,-15.7,-732.16,-17083.780501255784,1796.2811343824253,-1.82,0.0,38066.68336600105
bucket_3,30.564975440000012,9665.812458,0.0,0.0,-565.99,-1423.49,109.91870018088183,0.0,0.0,7816.8161336208805
bucket_4,676.78988399,-7729.423249280391,0.0,0.0,0.0,-494.869498744218,160.15408355586527,0.0,0.0,-7387.348780478743
