bucket,realized_pnl,unrealized_pnl,dividends,withholding_tax,pil_dividends,borrow_fees,short_credit_interest,other_fees,bond_interest,total_pnl
bucket_2,32967.22956094336,50775.241882506605,40.606491228070176,-2.85,-36815.54,-4537.54,2712.5159018173154,-1.0792191107457925,0.0,45138.5846173846
bucket_1,-19673.448547273372,56890.22547285683,637.1235087719298,-12.85,-732.16,-16835.805,1796.6623046205311,-0.7407808892542076,0.0,22069.006958086662
bucket_4,291.52393533000003,11263.663278636568,0.0,0.0,0.0,-438.915,141.10128190927148,0.0,0.0,11257.37349587584
bucket_3,30.564975440000012,9665.812458,0.0,0.0,-565.99,-1423.49,110.65051165288203,0.0,0.0,7817.5479450928815
