bucket,realized_pnl,unrealized_pnl,dividends,withholding_tax,pil_dividends,borrow_fees,short_credit_interest,other_fees,bond_interest,total_pnl
bucket_2,32967.23072484683,49601.90043083002,40.606491228070176,-2.85,-36815.54,-4537.54,2712.5159018173154,-1.0792190925024545,0.0,43965.244329629735
bucket_1,-19500.191897676843,60883.86245747863,637.1235087719298,-12.85,-732.16,-16841.465,1796.6623046205311,-0.7407809074975457,0.0,26230.24059228676
bucket_4,291.52393533000003,8443.367745691341,0.0,0.0,0.0,-438.915,141.10128190927148,0.0,0.0,8437.077962930613
bucket_3,30.564975440000012,9665.812458,0.0,0.0,-565.99,-1423.49,110.65051165288203,0.0,0.0,7817.5479450928815
