bucket,realized_pnl,unrealized_pnl,dividends,withholding_tax,pil_dividends,borrow_fees,short_credit_interest,other_fees,bond_interest,total_pnl
bucket_2,98275.55321123193,63756.58023786813,1.3344541452731082,0.0,-37265.1,-4570.144481182933,2696.631457885202,0.0,0.0,122894.8548799476
bucket_4,584.55806899,12306.098874,30.728991929222406,0.0,0.0,-495.58670103172,160.15408355586527,0.0,0.0,12585.953317443367
bucket_3,-383.08518752000003,9657.278382,0.0,0.0,-215.67000000000002,-1378.62,107.86332417650776,0.0,0.0,7787.766518656506
bucket_1,-84164.54978407195,46267.022018131865,645.6665539255044,-15.7,-732.16,-17082.628817785346,1796.2811343824253,-1.82,0.0,-53287.88889541749
