underlying,net_notional_usd,gross_notional_usd,orphan_frac
DKNG,5538.900000000001,5538.900000000001,1.0
BLSH,5029.639999999999,5029.639999999999,1.0
