variant,cagr,vol,sharpe,maxdd,n_names,turnover_per_rebal,sleeve
no_tilt,0.48924079596031733,0.4580052291523719,1.1034125466025309,-0.42039077743994235,205,0.06144899328971413,core_leveraged
lowTR_prod_a1.0,0.5189970798870607,0.47452020140105944,1.1202139569244491,-0.428173519311535,205,0.18711789474330467,core_leveraged
lowTR_a0.5,0.5052004543357866,0.4654339551348526,1.1148994383293358,-0.4241410779456427,205,0.11880749092641035,core_leveraged
lowTR_a1.5,0.5265207784429153,0.47816546234002205,1.1250507008528323,-0.42730323822398364,205,0.22938330312688684,core_leveraged
highTR_a0.5,0.4711432800264692,0.4523811822710028,1.085249963515574,-0.4168855205264217,205,0.11462974277179833,core_leveraged
highTR_a1.0,0.45088840107701844,0.4487390883597432,1.059952887039396,-0.4135937277900612,205,0.1785485729181658,core_leveraged
highTR_a1.5,0.4414354122904476,0.44880988485748396,1.0453398722243399,-0.4147962082912403,205,0.2173656575815963,core_leveraged
highTR_a2.0,0.43420978616910166,0.4490090916976691,1.0339105984592187,-0.41586061302349,205,0.23548953439846462,core_leveraged
highTR_asym_c2.0,0.45088840107701844,0.4487390883597432,1.059952887039396,-0.4135937277900612,205,0.1785485729181658,core_leveraged
