bucket,realized_pnl,unrealized_pnl,dividends,withholding_tax,pil_dividends,borrow_fees,short_credit_interest,other_fees,bond_interest,total_pnl
bucket_2,17559.054623930002,15944.043383,-10.149999999999999,0.0,-12699.98,-1086.46,133.72391097655142,0.0,0.0,19840.231917906553
bucket_4,922.61986557,0.0,0.0,0.0,0.0,-9.07,0.0,0.0,0.0,913.5498655700001
bucket_1,-2352.6520580700007,-477.02356199999974,252.40000000000003,0.0,-61.04,-3213.28,681.9840878978677,0.0,0.0,-5169.611532172129
bucket_3,-400.00158882,-8585.282177000001,0.0,0.0,0.0,-272.64,56.93200112558103,0.0,0.0,-9200.99176469442
