bucket,realized_pnl,unrealized_pnl,dividends,withholding_tax,pil_dividends,borrow_fees,short_credit_interest,other_fees,bond_interest,total_pnl
bucket_1,634.3801548299998,75278.058125,0.0,0.0,-61.64736776611604,-3218.5770653410104,679.2840904625125,0.0,0.0,73311.49793718538
bucket_4,676.78988399,0.0,0.0,0.0,0.0,-7.2364833747396515,0.0,0.0,0.0,669.5534006152604
bucket_3,13.64857414000005,-8570.751987,0.0,0.0,-295.89000000000004,-297.53999999999996,58.07369068421762,0.0,0.0,-9092.459722175783
bucket_2,13965.095317379999,-61554.270538,242.25,0.0,-12403.482632233883,-1055.8264512842497,135.28221885326997,0.0,0.0,-60670.952085284865
