bucket,realized_pnl,unrealized_pnl,dividends,withholding_tax,pil_dividends,borrow_fees,short_credit_interest,other_fees,bond_interest,total_pnl
bucket_2,15181.887042169057,9916.909876564285,-10.149999999999999,0.0,-12404.09,-1062.47,133.3931550805273,0.0,0.0,11755.48007381387
bucket_1,-389.1346360390574,5535.579754435716,252.40000000000003,0.0,-61.04,-3212.935,681.9840878978677,0.0,0.0,2806.854206294527
bucket_4,922.61986557,0.0,0.0,0.0,0.0,-8.505,0.0,0.0,0.0,914.1148655700001
bucket_3,13.64857414000005,-8570.751987,0.0,0.0,-295.89000000000004,-297.53999999999996,57.26275702160518,0.0,0.0,-9093.270655838394
