bucket,realized_pnl,unrealized_pnl,dividends,withholding_tax,pil_dividends,borrow_fees,short_credit_interest,other_fees,bond_interest,total_pnl
bucket_1,-1083.5921203405012,31080.578798626677,116.3544318965683,0.0,-65.2,-3188.72,679.606981307664,0.0,0.0,27539.02809149041
bucket_4,507.3584496378606,0.0,0.0,0.0,1.4022956286048025,-9.502171433552448,0.0,0.0,0.0,499.25857383291304
bucket_3,13.64857414000005,-8570.751987,0.0,0.0,-295.89000000000004,-297.53999999999996,57.26275702160518,0.0,0.0,-9093.270655838394
bucket_2,16291.60593870264,-15628.08916762668,125.8955681034317,0.0,-12401.332295628605,-1085.6878285664475,135.77026167073095,0.0,0.0,-12561.83752334493
