bucket,realized_pnl,unrealized_pnl,dividends,withholding_tax,pil_dividends,borrow_fees,short_credit_interest,other_fees,bond_interest,total_pnl
bucket_2,14255.26404859711,11103.641542554953,-1.6891386094303122,0.0,-12699.20983200007,-1110.8323106675848,134.174368669747,0.0,0.0,11681.348678544724
bucket_1,1203.1177507328903,2730.238092445049,243.93913860943033,0.0,-61.8101679999296,-3269.037689332415,682.3395608224888,0.0,0.0,1528.7866852775119
bucket_3,522.61827675,-8585.282177000001,0.0,0.0,0.0,-280.11,56.12607050776428,0.0,0.0,-8286.647829742236
