bucket,realized_pnl,unrealized_pnl,dividends,withholding_tax,pil_dividends,borrow_fees,short_credit_interest,other_fees,bond_interest,total_pnl
bucket_1,-1943.162102152381,10354.660917047664,243.65577939356564,0.0,-61.04,-3244.93,685.3374563146895,0.0,0.0,6034.522050603539
bucket_4,676.78988399,0.0,0.0,0.0,0.0,-5.4,0.0,0.0,0.0,671.38988399
bucket_2,4861.58265204238,2315.963434952336,8.254220606434377,0.0,-9016.98,-714.52,129.49946647500758,0.0,0.0,-2416.2002259238416
bucket_3,13.64857414000005,-8570.751987,0.0,0.0,-295.89000000000004,-297.53999999999996,57.803077210302966,0.0,0.0,-9092.730335649698
