bucket,realized_pnl,unrealized_pnl,dividends,withholding_tax,pil_dividends,borrow_fees,short_credit_interest,other_fees,bond_interest,total_pnl
bucket_1,1644.5573796044143,18862.931301626217,207.5497728723232,0.0,-61.04,-3268.99,682.3395608224888,0.0,0.0,18067.34801492544
bucket_2,13813.824419725586,-5029.0516666262165,34.700227127676825,0.0,-12699.98,-1110.88,134.174368669747,0.0,0.0,-4857.2126511032075
bucket_3,522.61827675,-8585.282177000001,0.0,0.0,0.0,-280.11,56.12607050776428,0.0,0.0,-8286.647829742236
