bucket,realized_pnl,unrealized_pnl,dividends,withholding_tax,pil_dividends,borrow_fees,short_credit_interest,other_fees,bond_interest,total_pnl
bucket_2,15181.934706295751,7756.381551400527,30.97832309633425,0.0,-12404.09,-1062.47,133.3931550805273,0.0,0.0,9636.12773587314
bucket_1,-346.37393091575166,7696.108079599473,211.27167690366576,0.0,-61.04,-3212.935,681.9840878978677,0.0,0.0,4969.014913485256
bucket_4,879.8114963200001,0.0,0.0,0.0,0.0,-8.505,0.0,0.0,0.0,871.3064963200001
bucket_3,13.64857414000005,-8570.751987,0.0,0.0,-295.89000000000004,-297.53999999999996,57.26275702160518,0.0,0.0,-9093.270655838394
