bucket,realized_pnl,unrealized_pnl,dividends,withholding_tax,pil_dividends,borrow_fees,short_credit_interest,other_fees,bond_interest,total_pnl
bucket_1,-2133.320084900316,10775.132120195043,243.62668931716223,0.0,-61.04,-3250.15,685.9839950174777,0.0,0.0,6260.232719629366
bucket_4,676.78988399,0.0,0.0,0.0,0.0,-5.4,0.0,0.0,0.0,671.38988399
bucket_2,5051.740634790315,1916.759603804957,8.283310682837763,0.0,-9016.98,-720.18,129.05245483587478,0.0,0.0,-2631.323995886014
bucket_3,13.64857414000005,-8570.751987,0.0,0.0,-295.89000000000004,-297.53999999999996,57.60355014664758,0.0,0.0,-9092.929862713352
