bucket,realized_pnl,unrealized_pnl,dividends,withholding_tax,pil_dividends,borrow_fees,short_credit_interest,other_fees,bond_interest,total_pnl
bucket_1,10228.478325319167,1365.1314615857445,243.91006984188644,0.0,-2619.85597798146,-3355.581845924839,665.6702682477455,0.0,0.0,6527.752301088244
bucket_2,4921.033576250832,12612.140778414256,-1.6600698418864317,0.0,-10141.16402201854,-1038.6581540751608,151.07765825313615,0.0,0.0,6502.7697669826375
bucket_3,522.61827675,-8585.282177000001,0.0,0.0,0.0,-280.11,55.89207349911824,0.0,0.0,-8286.881826750881
