bucket,realized_pnl,unrealized_pnl,dividends,withholding_tax,pil_dividends,borrow_fees,short_credit_interest,other_fees,bond_interest,total_pnl
bucket_2,13616.850066330335,9916.909876564285,-10.149999999999999,0.0,-12404.09,-1062.47,133.3931550805273,0.0,0.0,10190.443097975145
bucket_1,1175.902339799666,5120.6918962034715,252.40000000000003,0.0,-61.04,-3212.935,681.9840878978677,0.0,0.0,3957.0033239010063
bucket_4,922.61986557,414.8878582322442,0.0,0.0,0.0,-8.505,0.0,0.0,0.0,1329.0027238022442
bucket_3,13.64857414000005,-8570.751987,0.0,0.0,-295.89000000000004,-297.53999999999996,57.26275702160518,0.0,0.0,-9093.270655838394
