{
  "run_date": "2026-03-24",
  "fifo_summary_present": true,
  "total_realized_pnl": 15672.130178320002,
  "total_unrealized_pnl": 5391.99006299999,
  "total_dividends": 242.25000000000003,
  "total_withholding_tax": 0.0,
  "total_pil_dividends": -12761.02,
  "total_borrow_fees": -4674.35,
  "total_short_credit_interest": 872.6399999999999,
  "total_other_fees": 0.0,
  "total_bond_interest": 0.0,
  "total_pnl": 4743.640241320005,
  "excluded_cash_interest_base": -759.1551274,
  "borrow_mode": "borrow_fee_details_cumulative_by_symbol",
  "borrow_total_account_source": -4674.35,
  "borrow_details_file_present": true,
  "borrow_details_rows_cumulative": 260,
  "universe_source": "/home/runner/work/ls-algo/ls-algo/data/etf_screened_today.csv",
  "universe_allowed_etfs": 398,
  "universe_allowed_underlyings": 211,
  "kept_symbols": 424,
  "kept_underlyings": 171,
  "net_exposure_total": 24435.084809437307,
  "gross_exposure_total": 2181703.515190563,
  "net_exposure_bucket_1": 22314.097165229236,
  "gross_exposure_bucket_1": 2064995.1519605424,
  "net_exposure_bucket_2": 2120.9876442080727,
  "gross_exposure_bucket_2": 116708.3632300201,
  "net_exposure_bucket_3": 212257.83312711594,
  "gross_exposure_bucket_3": 212257.83312711594,
  "yfinance_override": false,
  "yfinance_symbols_overridden": 0,
  "bucket_pnl": {
    "bucket_1": 6527.752301088244,
    "bucket_2": 6502.7697669826375,
    "bucket_3": -8286.881826750881
  }
}