bucket,realized_pnl,unrealized_pnl,dividends,withholding_tax,pil_dividends,borrow_fees,short_credit_interest,other_fees,bond_interest,total_pnl
bucket_1,1688.8371684844142,16643.724940701173,192.61784321006914,0.0,-65.2,-2794.38,683.7615910958712,0.0,0.0,16349.361543491525
bucket_2,13817.679298725585,-7208.866274701174,34.702156789930896,0.0,-12622.39,-1003.29,135.22464370383412,0.0,0.0,-6846.940175481824
bucket_3,516.07253175,-7889.252995,0.0,0.0,0.0,-201.26,53.653765200294814,0.0,0.0,-7520.786698049705
