bucket,realized_pnl,unrealized_pnl,dividends,withholding_tax,pil_dividends,borrow_fees,short_credit_interest,other_fees,bond_interest,total_pnl
bucket_2,14261.179915611578,8851.2036282601,-1.7496023915250163,0.0,-12622.39,-1003.2423106675848,135.22464370383412,0.0,0.0,9620.226274516403
bucket_1,1245.3365515984215,583.6550377399001,229.06960239152502,0.0,-65.2,-2794.4276893324154,683.7615910958712,0.0,0.0,-117.80490650670029
bucket_3,516.07253175,-7889.252995,0.0,0.0,0.0,-201.26,53.653765200294814,0.0,0.0,-7520.786698049705
