bucket,realized_pnl,unrealized_pnl,dividends,withholding_tax,pil_dividends,borrow_fees,short_credit_interest,other_fees,bond_interest,total_pnl
bucket_1,-2407.3075979535347,32247.934735377512,101.43755076603391,0.0,-65.2,-2773.738011629638,683.2197588609675,0.0,0.0,27786.34643542134
bucket_4,855.3163108600812,-1219.4688693073417,0.0,0.0,0.0,-9.396222182190556,0.0,0.0,0.0,-373.5487806294511
bucket_3,7.10282914000004,-7881.9390920000005,0.0,0.0,-295.89000000000004,-218.58,54.722110212772186,0.0,0.0,-8334.584152647229
bucket_2,17315.498222573453,-19916.43091707017,125.8824492339661,0.0,-12326.5,-956.2757661881715,134.69813092626046,0.0,0.0,-15623.127880524664
