bucket,realized_pnl,unrealized_pnl,dividends,withholding_tax,pil_dividends,borrow_fees,short_credit_interest,other_fees,bond_interest,total_pnl
bucket_2,17559.054623930002,13427.657091,-10.149999999999999,0.0,-12622.39,-980.14,134.94736371867225,0.0,0.0,17508.979078648674
bucket_4,922.61986557,0.0,0.0,0.0,0.0,-8.1,0.0,0.0,0.0,914.5198655700001
bucket_1,-2304.5173893900005,-2308.308238999999,237.47000000000003,0.0,-65.2,-2775.96,683.2197588609675,0.0,0.0,-6533.295869529036
bucket_3,-406.54733382,-7889.252995,0.0,0.0,0.0,-193.79000000000002,54.4728774203604,0.0,0.0,-8435.11745139964
