bucket,realized_pnl,unrealized_pnl,dividends,withholding_tax,pil_dividends,borrow_fees,short_credit_interest,other_fees,bond_interest,total_pnl
bucket_1,682.5148227099993,64967.013448,0.0,0.0,-65.2,-2762.6470653410106,681.0531675736413,0.0,0.0,63502.73437294263
bucket_4,676.78988399,0.0,0.0,0.0,0.0,-7.2364833747396515,0.0,0.0,0.0,669.5534006152604
bucket_3,7.10282914000004,-7881.9390920000005,0.0,0.0,-295.89000000000004,-218.58,55.34802245160242,0.0,0.0,-8333.958240408398
bucket_2,13965.095317379999,-55496.700543,227.32000000000002,0.0,-12326.5,-950.0064512842498,136.23880997475638,0.0,0.0,-54444.552866929494
