bucket,realized_pnl,unrealized_pnl,dividends,withholding_tax,pil_dividends,borrow_fees,short_credit_interest,other_fees,bond_interest,total_pnl
bucket_1,9108.065367896821,1710.6168145722338,229.02578588095426,0.0,-2657.511465986834,-2996.421725478764,686.8186013808306,0.0,0.0,6080.59337826524
bucket_2,6146.471864923179,7863.964456427766,-1.705785880954255,0.0,-10030.078534013166,-812.4782745212359,132.3834650161163,0.0,0.0,3298.5571919517056
bucket_3,516.07253175,-7889.252995,0.0,0.0,0.0,-201.26,53.43793360305317,0.0,0.0,-7521.002529646947
