bucket,realized_pnl,unrealized_pnl,dividends,withholding_tax,pil_dividends,borrow_fees,short_credit_interest,other_fees,bond_interest,total_pnl
bucket_1,-2089.221056160359,8599.397260042879,228.69559249819645,0.0,-65.2,-2786.55,687.657900153981,0.0,0.0,4574.779696534695
bucket_4,676.78988399,0.0,0.0,0.0,0.0,-5.4,0.0,0.0,0.0,671.38988399
bucket_2,5055.776273930358,-98.72021704287909,8.284407501803546,0.0,-9016.98,-650.08,130.03571493891332,0.0,0.0,-4571.683820671804
bucket_3,7.10282914000004,-7881.9390920000005,0.0,0.0,-295.89000000000004,-218.58,54.9463849071058,0.0,0.0,-8334.359877952895
