bucket,realized_pnl,unrealized_pnl,dividends,withholding_tax,pil_dividends,borrow_fees,short_credit_interest,other_fees,bond_interest,total_pnl
bucket_2,15192.315679816436,4736.634173800992,31.35084060997076,0.0,-12326.5,-956.26,134.69813092626046,0.0,0.0,6812.23882515366
bucket_1,-307.74664600414377,5527.595163954883,195.96915939002923,0.0,-65.2,-2774.645,683.2197588609675,0.0,0.0,3259.1924362017326
bucket_4,878.937906007707,847.8056112441244,0.0,0.0,0.0,-8.505,0.0,0.0,0.0,1718.2385172518316
bucket_3,7.10282914000004,-7881.9390920000005,0.0,0.0,-295.89000000000004,-218.58,54.722110212772186,0.0,0.0,-8334.584152647229
