bucket,realized_pnl,unrealized_pnl,dividends,withholding_tax,pil_dividends,borrow_fees,short_credit_interest,other_fees,bond_interest,total_pnl
bucket_1,-1899.2323361165068,8268.086162327858,228.7238162425409,0.0,-65.2,-2784.52,687.0259669487052,0.0,0.0,4434.883609402594
bucket_4,676.78988399,0.0,0.0,0.0,0.0,-5.4,0.0,0.0,0.0,671.38988399
bucket_2,4865.787553886506,226.573508672142,8.256183757459128,0.0,-9016.98,-644.42,130.47994108949808,0.0,0.0,-4430.302812594395
bucket_3,7.10282914000004,-7881.9390920000005,0.0,0.0,-295.89000000000004,-218.58,55.134091961796884,0.0,0.0,-8334.172170898204
