bucket,realized_pnl,unrealized_pnl,dividends,withholding_tax,pil_dividends,borrow_fees,short_credit_interest,other_fees,bond_interest,total_pnl
bucket_2,15274.726021927376,4737.411161823529,-10.149999999999999,0.0,-12326.5,-956.26,134.69813092626046,0.0,0.0,6853.925314677165
bucket_4,922.61986557,4799.04949086116,0.0,0.0,0.0,-7.589679446748573,0.0,0.0,0.0,5714.079676984411
bucket_1,-433.83894767737524,1575.57429631531,237.47000000000003,0.0,-65.2,-2775.5603205532516,683.2197588609675,0.0,0.0,-778.3352130543511
bucket_3,7.10282914000004,-7881.9390920000005,0.0,0.0,-295.89000000000004,-218.58,54.722110212772186,0.0,0.0,-8334.584152647229
