bucket,realized_pnl,unrealized_pnl,dividends,withholding_tax,pil_dividends,borrow_fees,short_credit_interest,other_fees,bond_interest,total_pnl
bucket_2,15164.358458330746,7254.882978411714,-10.149999999999999,0.0,-12326.5,-956.26,134.69813092626046,0.0,0.0,9261.02956766872
bucket_1,-323.471384080746,3857.1519705882847,237.47000000000003,0.0,-65.2,-2774.645,683.2197588609675,0.0,0.0,1614.5253453685043
bucket_4,922.61986557,0.0,0.0,0.0,0.0,-8.505,0.0,0.0,0.0,914.1148655700001
bucket_3,7.10282914000004,-7881.9390920000005,0.0,0.0,-295.89000000000004,-218.58,54.722110212772186,0.0,0.0,-8334.584152647229
