bucket,realized_pnl,unrealized_pnl,dividends,withholding_tax,pil_dividends,borrow_fees,short_credit_interest,other_fees,bond_interest,total_pnl
bucket_1,-433.87248512634625,9778.788903014794,195.96915939002923,0.0,-65.2,-2774.645,683.2197588609675,0.0,0.0,7384.26033613944
bucket_2,15274.759559046346,1333.2460459852064,31.35084060997076,0.0,-12326.5,-956.26,134.69813092626046,0.0,0.0,3491.2945765677837
bucket_4,922.61986557,0.0,0.0,0.0,0.0,-8.505,0.0,0.0,0.0,914.1148655700001
bucket_3,7.10282914000004,-7881.9390920000005,0.0,0.0,-295.89000000000004,-218.58,54.722110212772186,0.0,0.0,-8334.584152647229
