{
  "run_date": "2026-03-20",
  "fifo_summary_present": true,
  "total_realized_pnl": 15770.60976457,
  "total_unrealized_pnl": 1685.328275999993,
  "total_dividends": 227.32000000000002,
  "total_withholding_tax": 0.0,
  "total_pil_dividends": -12687.59,
  "total_borrow_fees": -4010.16,
  "total_short_credit_interest": 872.6400000000001,
  "total_other_fees": 0.0,
  "total_bond_interest": 0.0,
  "total_pnl": 1858.1480405699986,
  "excluded_cash_interest_base": -759.1551274,
  "borrow_mode": "borrow_fee_details_cumulative_by_symbol",
  "borrow_total_account_source": -4010.16,
  "borrow_details_file_present": true,
  "borrow_details_rows_cumulative": 260,
  "universe_source": "/home/runner/work/ls-algo/ls-algo/data/etf_screened_today.csv",
  "universe_allowed_etfs": 395,
  "universe_allowed_underlyings": 210,
  "kept_symbols": 420,
  "kept_underlyings": 167,
  "net_exposure_total": -16971.78798661899,
  "gross_exposure_total": 2239089.737986619,
  "net_exposure_bucket_1": -18565.399463220383,
  "gross_exposure_bucket_1": 2120617.130538706,
  "net_exposure_bucket_2": 1593.6114766013961,
  "gross_exposure_bucket_2": 118472.60744791279,
  "net_exposure_bucket_3": 136007.75297034,
  "gross_exposure_bucket_3": 136007.75297034,
  "yfinance_override": false,
  "yfinance_symbols_overridden": 0,
  "bucket_pnl": {
    "bucket_1": 6080.59337826524,
    "bucket_2": 3298.5571919517056,
    "bucket_3": -7521.002529646947
  }
}