bucket,realized_pnl,unrealized_pnl,dividends,withholding_tax,pil_dividends,borrow_fees,short_credit_interest,other_fees,bond_interest,total_pnl
bucket_4,676.78988399,0.0,0.0,0.0,0.0,-3.5,0.0,0.0,0.0,673.28988399
bucket_3,4.463042439999981,-1763.312007,0.0,0.0,-292.2,-39.980000000000004,44.86946494851358,0.0,0.0,-2046.1594996114864
bucket_2,4201.597676638714,-2096.245127449074,-0.34,0.0,-5692.36,-369.37,142.3542614576184,0.0,0.0,-3814.363189352742
bucket_1,-2653.854255108714,-777.382565550926,44.730000000000004,0.0,-40.4,-1357.22,685.4162735938681,0.0,0.0,-4098.710547065772
