bucket,realized_pnl,unrealized_pnl,dividends,withholding_tax,pil_dividends,borrow_fees,short_credit_interest,other_fees,bond_interest,total_pnl
bucket_1,-401.42741046073,5733.176026327633,38.20352194491322,0.0,-40.4,-1355.1,679.6587073450065,0.0,0.0,4654.110845156822
bucket_3,513.43274505,-1763.83157,0.0,0.0,0.0,-20.22,44.20950136524156,0.0,0.0,-1226.4093235847586
bucket_2,14525.32816068073,-7852.818290327634,-3.4735219449132186,0.0,-9141.63,-715.87,148.771791289752,0.0,0.0,-3039.691860302065
