bucket,realized_pnl,unrealized_pnl,dividends,withholding_tax,pil_dividends,borrow_fees,short_credit_interest,other_fees,bond_interest,total_pnl
bucket_1_high_leverage,2602.2759828799994,32164.321448,0.0,0.0,-40.4,-1369.79,661.2361386518049,0.0,0.0,34017.64356953181
bucket_3_inverse,513.43274505,-1763.83157,0.0,0.0,0.0,-20.22,43.99765104404692,0.0,0.0,-1226.6211739059531
bucket_2_low_leverage,11521.62476734,-34317.381744,34.730000000000004,0.0,-9141.63,-701.26,167.40621030414817,0.0,0.0,-32436.510766355852
