bucket,realized_pnl,unrealized_pnl,dividends,withholding_tax,pil_dividends,borrow_fees,short_credit_interest,other_fees,bond_interest,total_pnl
bucket_1,-2469.788389091859,10887.827132075096,21.159983036414957,0.0,-40.4,-1371.23,681.7293793301898,0.0,0.0,7709.298105349841
bucket_4,965.5064185749243,48.91918825928171,0.0,0.0,0.0,-6.025389193668382,0.0,0.0,0.0,1008.4002176405377
bucket_3,4.463042439999981,-1763.312007,0.0,0.0,-292.2,-39.980000000000004,44.45232260588204,0.0,0.0,-2046.5766419541178
bucket_2,16137.152424466934,-12742.828262334377,13.570016963585047,0.0,-8849.43,-674.0346108063317,146.4582980639281,0.0,0.0,-5969.112133646262
