bucket,realized_pnl,unrealized_pnl,dividends,withholding_tax,pil_dividends,borrow_fees,short_credit_interest,other_fees,bond_interest,total_pnl
bucket_1,-832.2717611500007,27537.815743,0.0,0.0,-40.4,-1355.112651924955,657.1402031749361,0.0,0.0,25967.17153309998
bucket_4,676.78988399,0.0,0.0,0.0,0.0,-4.595972277636434,0.0,0.0,0.0,672.1939117123636
bucket_3,4.463042439999981,-1763.312007,0.0,0.0,-292.2,-39.980000000000004,45.0342257862769,0.0,0.0,-2045.9947387737232
bucket_2,14061.0701047,-29782.565081,34.730000000000004,0.0,-8849.43,-669.4713757974088,170.46557103878712,0.0,0.0,-25035.200781058622
