bucket,realized_pnl,unrealized_pnl,dividends,withholding_tax,pil_dividends,borrow_fees,short_credit_interest,other_fees,bond_interest,total_pnl
bucket_2,15244.78073306623,5861.753837627332,-9.999999999999998,0.0,-8849.43,-673.99,136.0882505236327,0.0,0.0,11709.202821217197
bucket_4,922.61986557,0.0,0.0,0.0,0.0,-5.7,0.0,0.0,0.0,916.91986557
bucket_3,4.463042439999981,-1763.312007,0.0,0.0,-292.2,-39.980000000000004,44.45232260588204,0.0,0.0,-2046.5766419541178
bucket_1,-1534.530144756254,-7667.835779627335,44.730000000000004,0.0,-40.4,-1371.6,692.0994268704852,0.0,0.0,-9877.536497513101
