bucket,realized_pnl,unrealized_pnl,dividends,withholding_tax,pil_dividends,borrow_fees,short_credit_interest,other_fees,bond_interest,total_pnl
bucket_2,15279.675017883426,3476.866975441317,-9.999999999999998,0.0,-8849.43,-673.99,136.0882505236327,0.0,0.0,9359.210243848376
bucket_4,869.6425185532305,961.1602240605332,0.0,0.0,0.0,-5.7,0.0,0.0,0.0,1825.102742613764
bucket_3,4.463042439999981,-1763.312007,0.0,0.0,-292.2,-39.980000000000004,44.45232260588204,0.0,0.0,-2046.5766419541178
bucket_1,-1516.4470825566561,-6244.109141501853,44.730000000000004,0.0,-40.4,-1371.6,692.0994268704852,0.0,0.0,-8435.726797188023
