bucket,realized_pnl,unrealized_pnl,dividends,withholding_tax,pil_dividends,borrow_fees,short_credit_interest,other_fees,bond_interest,total_pnl
bucket_4,676.78988399,0.0,0.0,0.0,0.0,-3.5,0.0,0.0,0.0,673.28988399
bucket_3,4.463042439999981,-1763.312007,0.0,0.0,-292.2,-39.980000000000004,44.79735457309927,0.0,0.0,-2046.2316099869008
bucket_2,4358.020778211079,-2107.4326535162213,-0.34,0.0,-5692.36,-375.03000000000003,142.1254818355009,0.0,0.0,-3675.016393469641
bucket_1,-2810.2773566810793,-763.2206484837785,44.730000000000004,0.0,-40.4,-1351.56,685.7171635913999,0.0,0.0,-4235.0108415734585
