bucket,realized_pnl,unrealized_pnl,dividends,withholding_tax,pil_dividends,borrow_fees,short_credit_interest,other_fees,bond_interest,total_pnl
bucket_2,17656.28219818,5482.156985,-9.999999999999998,0.0,-9141.63,-698.28,136.26999463911457,0.0,0.0,13424.799177819114
bucket_4,922.61986557,0.0,0.0,0.0,0.0,-5.29,0.0,0.0,0.0,917.32986557
bucket_3,-409.18712052,-1763.83157,0.0,0.0,0.0,-15.35,44.27057849040016,0.0,0.0,-2144.0981120296
bucket_1,-3532.3814467000007,-7287.719364,44.730000000000004,0.0,-40.4,-1372.35,692.0994268704852,0.0,0.0,-11496.021383829517
