bucket,realized_pnl,unrealized_pnl,dividends,withholding_tax,pil_dividends,borrow_fees,short_credit_interest,other_fees,bond_interest,total_pnl
bucket_2,15361.123494885787,3726.201477064713,-9.999999999999998,0.0,-8849.43,-673.99,136.0882505236327,0.0,0.0,9689.993222474131
bucket_4,922.61986557,530.0069681959528,0.0,0.0,0.0,-174.99284183864916,18.96885299234581,0.0,0.0,1296.6028449196497
bucket_3,4.463042439999981,-1763.312007,0.0,0.0,-292.2,-39.980000000000004,44.45232260588204,0.0,0.0,-2046.5766419541178
bucket_1,-1650.8729056957875,-6062.2903872606685,44.730000000000004,0.0,-40.4,-1202.3071581613508,673.1305738781393,0.0,0.0,-8238.009877239667
