bucket,realized_pnl,unrealized_pnl,dividends,withholding_tax,pil_dividends,borrow_fees,short_credit_interest,other_fees,bond_interest,total_pnl
bucket_2,15272.960424362624,3354.3797211149345,-9.999999999999998,0.0,-9141.63,-715.8132567134559,144.25164697318328,0.0,0.0,8904.148535737286
bucket_3,513.43274505,-1763.83157,0.0,0.0,0.0,-20.22,44.20950136524156,0.0,0.0,-1226.4093235847586
bucket_1,-1149.0596741426239,-5474.021985114935,44.730000000000004,0.0,-40.4,-1355.156743286544,684.1788516615753,0.0,0.0,-7289.729550882528
