bucket,realized_pnl,unrealized_pnl,dividends,withholding_tax,pil_dividends,borrow_fees,short_credit_interest,other_fees,bond_interest,total_pnl
bucket_2,17566.39600693,22638.205592,-10.149999999999999,0.0,-14380.28,-1179.76,140.60275571124404,0.0,0.0,24775.014354641244
bucket_4,922.61986557,0.0,0.0,0.0,0.0,-8.1,0.0,0.0,0.0,914.5198655700001
bucket_1,-1045.1457705600005,-7172.3735579999975,408.25,0.0,-34.82,-3635.13,668.1018528658595,0.0,0.0,-10811.11747569414
bucket_3,-400.00158882,-10179.002177,0.0,0.0,0.0,-344.98,63.93539142289649,0.0,0.0,-10860.048374397104
