bucket,realized_pnl,unrealized_pnl,dividends,withholding_tax,pil_dividends,borrow_fees,short_credit_interest,other_fees,bond_interest,total_pnl
bucket_1,-469.9086326308965,11436.308098760892,393.05275283204105,0.0,-34.82,-3678.51,671.3523653827682,0.0,0.0,8317.474584344804
bucket_4,676.78988399,0.0,0.0,0.0,0.0,-5.4,0.0,0.0,0.0,671.38988399
bucket_2,4703.176851880897,604.8571622391082,14.707247167958949,0.0,-10635.960000000001,-787.89,136.43410536034398,0.0,0.0,-5964.674633351693
bucket_3,13.64857414000005,-10151.031986,0.0,0.0,-298.03000000000003,-370.05,64.85352925688784,0.0,0.0,-10740.609882603112
