bucket,realized_pnl,unrealized_pnl,dividends,withholding_tax,pil_dividends,borrow_fees,short_credit_interest,other_fees,bond_interest,total_pnl
bucket_2,15139.101343230277,11495.642943453817,4.197014675286959,0.0,-14379.50983200007,-1204.7723106675846,138.77206431601036,0.0,0.0,11193.431223007736
bucket_1,1634.1281254597238,2054.3081755461853,393.90298532471303,0.0,-35.5901679999296,-3717.517689332415,670.7650028451139,0.0,0.0,999.996431843388
bucket_3,522.61827675,-10179.002177,0.0,0.0,0.0,-352.45,63.10293283887576,0.0,0.0,-9945.730967411124
