bucket,realized_pnl,unrealized_pnl,dividends,withholding_tax,pil_dividends,borrow_fees,short_credit_interest,other_fees,bond_interest,total_pnl
bucket_1,1607.5025187499996,133735.944895,0.0,0.0,-61.64736776611604,-3647.5270653410107,665.5392561250354,0.0,0.0,132299.8122367679
bucket_4,676.78988399,0.0,0.0,0.0,0.0,-7.2364833747396515,0.0,0.0,0.0,669.5534006152604
bucket_3,13.64857414000005,-10151.031986,0.0,0.0,-298.03000000000003,-370.05,65.07938002590754,0.0,0.0,-10740.384031834092
bucket_2,14306.82062282,-120318.986399,398.1,0.0,-14055.422632233884,-1148.9564512842499,142.02136384905702,0.0,0.0,-120676.42349584907
