bucket,realized_pnl,unrealized_pnl,dividends,withholding_tax,pil_dividends,borrow_fees,short_credit_interest,other_fees,bond_interest,total_pnl
bucket_1,2636.2860782652456,8080.683320103739,408.25,0.0,-34.82,-3633.815,668.1018528658595,0.0,0.0,8124.686251234841
bucket_2,13471.313994904755,7357.1785228962635,-10.149999999999999,0.0,-14082.25,-1155.6,140.26403803111256,0.0,0.0,5720.756555832129
bucket_4,922.61986557,0.0,0.0,0.0,0.0,-8.505,0.0,0.0,0.0,914.1148655700001
bucket_3,13.64857414000005,-10151.031986,0.0,0.0,-298.03000000000003,-370.05,64.27410910302797,0.0,0.0,-10741.189302756973
