bucket,realized_pnl,unrealized_pnl,dividends,withholding_tax,pil_dividends,borrow_fees,short_credit_interest,other_fees,bond_interest,total_pnl
bucket_1,2134.191692207389,25296.751649003076,354.2138073587323,0.0,-34.82,-3717.47,670.7650028451139,0.0,0.0,24703.632151414306
bucket_3,522.61827675,-10179.002177,0.0,0.0,0.0,-352.45,63.10293283887576,0.0,0.0,-9945.730967411124
bucket_2,14639.03777648261,-11746.800530003073,43.88619264126769,0.0,-14380.28,-1204.82,138.77206431601036,0.0,0.0,-12510.204496563185
