bucket,realized_pnl,unrealized_pnl,dividends,withholding_tax,pil_dividends,borrow_fees,short_credit_interest,other_fees,bond_interest,total_pnl
bucket_1,1345.4025176426803,15608.781189519255,355.5174318771446,0.0,-34.82,-3633.815,668.1018528658595,0.0,0.0,14309.167991904937
bucket_4,879.8114963200001,0.0,0.0,0.0,0.0,-8.505,0.0,0.0,0.0,871.3064963200001
bucket_2,14805.00592444732,-170.9193465192534,42.582568122855434,0.0,-14082.25,-1155.6,140.26403803111256,0.0,0.0,-420.9168159179662
bucket_3,13.64857414000005,-10151.031986,0.0,0.0,-298.03000000000003,-370.05,64.27410910302797,0.0,0.0,-10741.189302756973
