bucket,realized_pnl,unrealized_pnl,dividends,withholding_tax,pil_dividends,borrow_fees,short_credit_interest,other_fees,bond_interest,total_pnl
bucket_1,9180.811421881905,2460.191817898637,393.58596364825826,0.0,-2585.6039711855638,-3804.4345787411416,671.6337394421673,0.0,0.0,6316.184392944255
bucket_2,7283.548149048095,11270.275269101367,4.514036351741732,0.0,-11829.496028814436,-1135.3854212588583,138.17488104607082,0.0,0.0,5731.630885473978
bucket_3,522.61827675,-10179.002177,0.0,0.0,0.0,-352.45,62.83137951176173,0.0,0.0,-9946.002520738239
