bucket,realized_pnl,unrealized_pnl,dividends,withholding_tax,pil_dividends,borrow_fees,short_credit_interest,other_fees,bond_interest,total_pnl
bucket_1,-654.5865573011187,12213.36667615474,392.93215503474664,0.0,-34.82,-3685.9900000000002,672.010233208923,0.0,0.0,8902.91250709729
bucket_4,676.78988399,0.0,0.0,0.0,0.0,-5.4,0.0,0.0,0.0,671.38988399
bucket_2,4887.854776551118,-167.46689215473725,14.827844965253382,0.0,-10635.960000000001,-793.55,135.9881981466323,0.0,0.0,-6558.306072491732
bucket_3,13.64857414000005,-10151.031986,0.0,0.0,-298.03000000000003,-370.05,64.64156864444473,0.0,0.0,-10740.821843215555
