bucket,realized_pnl,unrealized_pnl,dividends,withholding_tax,pil_dividends,borrow_fees,short_credit_interest,other_fees,bond_interest,total_pnl
bucket_4,922.61986557,20279.15856047273,0.0,0.0,0.0,-7.466016046367028,0.0,0.0,0.0,21194.312409996364
bucket_2,13588.919813055643,2565.7565350090335,-10.149999999999999,0.0,-14082.25,-1155.6,140.26403803111256,0.0,0.0,1046.9403860957889
bucket_1,2518.680260114356,-7407.053252481763,408.25,0.0,-34.82,-3634.853983953633,668.1018528658595,0.0,0.0,-7481.6951234551825
bucket_3,13.64857414000005,-10151.031986,0.0,0.0,-298.03000000000003,-370.05,64.27410910302797,0.0,0.0,-10741.189302756973
