bucket,realized_pnl,unrealized_pnl,dividends,withholding_tax,pil_dividends,borrow_fees,short_credit_interest,other_fees,bond_interest,total_pnl
bucket_1,1482.7878625048256,9548.864825362592,355.5174318771446,0.0,-34.82,-3633.815,668.1018528658595,0.0,0.0,8386.636972610419
bucket_2,14722.56204521741,4362.142076250586,42.582568122855434,0.0,-14082.25,-1155.6,140.26403803111256,0.0,0.0,4029.700727621963
bucket_4,824.8700310177644,1526.8549413868238,0.0,0.0,0.0,-8.505,0.0,0.0,0.0,2343.2199724045886
bucket_3,13.64857414000005,-10151.031986,0.0,0.0,-298.03000000000003,-370.05,64.27410910302797,0.0,0.0,-10741.189302756973
