bucket,realized_pnl,unrealized_pnl,dividends,withholding_tax,pil_dividends,borrow_fees,short_credit_interest,other_fees,bond_interest,total_pnl
bucket_1,1735.734359333315,54003.707001086994,234.30243337298725,0.0,-38.980000000000004,-3632.9081687597586,668.1018528658595,0.0,0.0,52969.9574778994
bucket_4,846.8136515695705,-5224.865959867452,0.0,0.0,1.3983975920669334,-9.395921640821904,0.0,0.0,0.0,-4386.049832346636
bucket_3,13.64857414000005,-10151.031986,0.0,0.0,-298.03000000000003,-370.05,64.27410910302797,0.0,0.0,-10741.189302756973
bucket_2,14447.671926577113,-33340.979198219546,163.79756662701277,0.0,-14079.488397592067,-1155.6159095994196,140.26403803111256,0.0,0.0,-33824.34997417579
