{
  "run_date": "2026-03-28",
  "fifo_summary_present": true,
  "total_realized_pnl": 16986.97784768,
  "total_unrealized_pnl": 3551.4649100000097,
  "total_dividends": 398.09999999999997,
  "total_withholding_tax": 0.0,
  "total_pil_dividends": -14415.1,
  "total_borrow_fees": -5292.2699999999995,
  "total_short_credit_interest": 872.64,
  "total_other_fees": 0.0,
  "total_bond_interest": 0.0,
  "total_pnl": 2101.812757679989,
  "excluded_cash_interest_base": -759.1551274,
  "borrow_mode": "borrow_fee_details_cumulative_by_symbol",
  "borrow_total_account_source": -5292.27,
  "borrow_details_file_present": true,
  "borrow_details_rows_cumulative": 260,
  "universe_source": "/home/runner/work/ls-algo/ls-algo/data/etf_screened_today.csv",
  "universe_allowed_etfs": 398,
  "universe_allowed_underlyings": 211,
  "kept_symbols": 426,
  "kept_underlyings": 173,
  "net_exposure_total": 24616.66964889101,
  "gross_exposure_total": 2036846.6203511092,
  "net_exposure_bucket_1": 23715.29658115932,
  "gross_exposure_bucket_1": 1924958.4222185323,
  "net_exposure_bucket_2": 901.3730677316913,
  "gross_exposure_bucket_2": 111888.1981325767,
  "net_exposure_bucket_3": 290976.19347849,
  "gross_exposure_bucket_3": 290976.19347849,
  "yfinance_override": false,
  "yfinance_symbols_overridden": 0,
  "bucket_pnl": {
    "bucket_1": 6316.184392944255,
    "bucket_2": 5731.630885473978,
    "bucket_3": -9946.002520738239
  }
}