bucket,realized_pnl,unrealized_pnl,dividends,withholding_tax,pil_dividends,borrow_fees,short_credit_interest,other_fees,bond_interest,total_pnl
bucket_2,98367.95455679206,63806.619732717765,1.30042023149975,0.0,-37265.1,-5851.224021606713,2739.348499603606,0.0,0.0,121798.89918773822
bucket_4,584.55806899,14668.328875,30.71755906156915,0.0,0.0,-889.9068002051014,143.47836875218997,0.0,0.0,14537.176071598657
bucket_3,-383.08518752000003,10882.764334,0.0,0.0,-215.67000000000002,-1444.3400000000001,98.79244670894728,0.0,0.0,8938.46159318895
bucket_1,-83926.86080582207,43866.997252282235,645.7120207069311,-15.7,-732.16,-18316.789178188184,1779.3106849352573,-1.82,0.0,-56701.31002608585
