bucket,realized_pnl,unrealized_pnl,dividends,withholding_tax,pil_dividends,borrow_fees,short_credit_interest,other_fees,bond_interest,total_pnl
bucket_2,38681.31097199559,53362.74867868895,40.606491228070176,-2.85,-36815.54,-5815.9,2753.019253651797,-1.0955962602967388,0.0,52202.29979930411
bucket_1,-15328.040145351559,52652.62886131105,637.1235087719298,-12.85,-732.16,-18068.665,1778.7624565781314,-0.7244037397032613,0.0,20926.07527756985
bucket_3,30.564975440000012,10888.383062,0.0,0.0,-565.99,-1491.93,101.45089371039123,0.0,0.0,8962.478931150392
bucket_4,-9264.617741174045,12120.833172999999,0.0,0.0,0.0,-808.355,127.6973960596802,0.0,0.0,2175.5578278856356
