bucket,realized_pnl,unrealized_pnl,dividends,withholding_tax,pil_dividends,borrow_fees,short_credit_interest,other_fees,bond_interest,total_pnl
bucket_1,-10584.657423430008,64975.537114,658.7364975846621,-15.7,-732.16,-18318.1,1779.3106849352573,-1.82,0.0,37761.14687308991
bucket_2,24933.51935641,42698.079871,-11.729999999999999,0.0,-37265.1,-5850.79,2739.348499603606,0.0,0.0,27243.327727013606
bucket_4,676.78988399,14668.328875,30.72350241533791,0.0,0.0,-889.03,143.47836875218997,0.0,0.0,14630.290630157528
bucket_3,-383.08518752000003,10882.764334,0.0,0.0,-215.67000000000002,-1444.3400000000001,98.79244670894728,0.0,0.0,8938.46159318895
