bucket,realized_pnl,unrealized_pnl,dividends,withholding_tax,pil_dividends,borrow_fees,short_credit_interest,other_fees,bond_interest,total_pnl
bucket_2,33605.420216121245,57708.90761676317,9.006353261206636,0.0,-36914.78,-5803.2,2737.270409710325,0.0,0.0,51342.624595855945
bucket_1,-19670.20844581125,70103.93176211574,668.7236467387934,-15.7,-732.16,-18317.889036978384,1779.3106849352573,-1.82,0.0,33814.18861100015
bucket_3,30.564975440000012,10888.383062,0.0,0.0,-565.99,-1491.93,100.87053660222773,0.0,0.0,8961.898574042229
bucket_4,676.78988399,-5476.512246878918,0.0,0.0,0.0,-889.2409630216156,143.47836875218997,0.0,0.0,-5545.484957158344
