bucket,realized_pnl,unrealized_pnl,dividends,withholding_tax,pil_dividends,borrow_fees,short_credit_interest,other_fees,bond_interest,total_pnl
bucket_2,39418.83940898772,58490.03874692979,9.006109942576916,0.0,-36914.78,-5803.2,2737.270409710325,0.0,0.0,57937.17467557041
bucket_1,-15927.48596303368,50150.54448899116,668.7238900574231,-15.7,-732.16,-18317.88892814936,1779.3106849352573,-1.82,0.0,17603.524172800804
bucket_3,30.564975440000012,10888.383062,0.0,0.0,-565.99,-1491.93,100.87053660222773,0.0,0.0,8961.898574042229
bucket_4,-8879.351792514044,13695.743896079044,0.0,0.0,0.0,-889.2410718506405,143.47836875218997,0.0,0.0,4070.6294004665488
