bucket,realized_pnl,unrealized_pnl,dividends,withholding_tax,pil_dividends,borrow_fees,short_credit_interest,other_fees,bond_interest,total_pnl
bucket_2,33006.4411582289,52239.42508254001,40.606491228070176,-2.85,-36815.54,-5815.9,2753.019253651797,-1.095596266837341,0.0,45404.106389381945
bucket_1,-19382.56982072892,56438.139302377116,637.1235087719298,-12.85,-732.16,-18063.005,1778.7624565781314,-0.7244037331626592,0.0,20662.716043265107
bucket_4,291.52393533000003,9458.646328082878,0.0,0.0,0.0,-808.355,127.6973960596802,0.0,0.0,9069.512659472557
bucket_3,30.564975440000012,10888.383062,0.0,0.0,-565.99,-1491.93,101.45089371039123,0.0,0.0,8962.478931150392
