sleeve,n_pairs,pnl_usd
core_leveraged,322,-69398.85882614722
inverse_decay_bucket4,22,-5536.494176891227
volatility_etp_bucket5,1,-471.3136189698559
yieldboost,28,10931.931783898734
