bucket,realized_pnl,unrealized_pnl,dividends,withholding_tax,pil_dividends,borrow_fees,short_credit_interest,other_fees,bond_interest,total_pnl
bucket_1,48286.39260680777,444.44511220956485,678.3275233524168,-6.4212378886726675,-725.54,-26886.867005628363,2755.080178954575,-0.7001589551649232,0.0,24544.717018852134
bucket_2,62585.37911961223,95299.36288682402,13.182476647583151,-10.738762111327333,-131841.71,-20025.72799437164,5243.186533975009,-1.119841044835077,0.0,11261.814419531041
bucket_4,-4516.88024599,15541.2082769664,0.0,0.0,0.0,-4823.925,675.1887374694236,0.0,0.0,6875.591768445825
bucket_3,31.060795170000013,4031.2885209999995,0.0,0.0,-604.89,-2051.08,176.33471602679916,0.0,0.0,1582.714032196799
bucket_5,0.0,235.80306400000003,0.0,0.0,0.0,-87.57,110.39983357419408,0.0,0.0,258.6328975741941
