bucket,realized_pnl,unrealized_pnl,dividends,withholding_tax,pil_dividends,borrow_fees,short_credit_interest,other_fees,bond_interest,total_pnl
bucket_1,64820.339755108325,17522.103218397526,678.3275233524168,-6.4212378886726675,-725.54,-26892.527005628363,2753.4485145273316,-0.700158955164983,0.0,58149.030608913396
bucket_2,83338.45372424189,102503.28405765297,13.182476647583151,-10.738762111327333,-131841.71,-20025.72799437164,5243.186533975009,-1.1198410448350171,0.0,39218.810194989645
bucket_3,31.060795170000013,4031.2885209999995,0.0,0.0,-604.89,-2051.08,176.33471602679916,0.0,0.0,1582.714032196799
bucket_5,0.0,235.80306400000003,0.0,0.0,0.0,-87.57,110.39983357419408,0.0,0.0,258.6328975741941
bucket_4,-41630.64418542022,-8740.371000050496,0.0,0.0,0.0,-4823.925,676.8204018966669,0.0,0.0,-54518.11978357405
