bucket,realized_pnl,unrealized_pnl,dividends,withholding_tax,pil_dividends,borrow_fees,short_credit_interest,other_fees,bond_interest,total_pnl
bucket_1,48459.58887079293,444.443537795774,678.3275233524168,-6.4212378886726675,-725.54,-26892.527005628363,2755.080178954575,-0.7001589551650229,0.0,24712.251708423508
bucket_2,62585.44066912706,95299.36288682412,13.182476647583151,-10.738762111327333,-131841.71,-20025.72799437164,5243.186533975009,-1.1198410448349774,0.0,11261.875969045977
bucket_4,-4516.88024599,15541.209851380088,0.0,0.0,0.0,-4823.925,675.1887374694236,0.0,0.0,6875.593342859514
bucket_3,31.060795170000013,4031.2885209999995,0.0,0.0,-604.89,-2051.08,176.33471602679916,0.0,0.0,1582.714032196799
bucket_5,0.0,235.80306400000003,0.0,0.0,0.0,-87.57,110.39983357419408,0.0,0.0,258.6328975741941
