bucket,realized_pnl,unrealized_pnl,dividends,withholding_tax,pil_dividends,borrow_fees,short_credit_interest,other_fees,bond_interest,total_pnl
bucket_1,48326.728094037695,3006.525945369936,773.5035087719298,-17.16,-725.54,-26848.353600390612,2342.8157290657878,-1.82,0.0,26856.699676854736
bucket_4,-4474.071876739999,17949.329881468937,0.0,0.0,0.0,-5068.80639960939,1235.8987410110788,0.0,0.0,9642.350346130623
bucket_2,62675.493076632294,90856.78590916112,-81.99350877192983,0.0,-131841.71,-20011.96,5102.438100827773,0.0,0.0,6699.053577849263
bucket_3,31.060795170000013,4031.2885209999995,0.0,0.0,-604.89,-2051.08,171.60117568269496,0.0,0.0,1577.9804918526952
bucket_5,0.0,235.80306400000003,0.0,0.0,0.0,-87.57,107.43625341266525,0.0,0.0,255.66931741266527
