bucket,realized_pnl,unrealized_pnl,dividends,withholding_tax,pil_dividends,borrow_fees,short_credit_interest,other_fees,bond_interest,total_pnl
bucket_2,20445.77157399188,38548.417349676485,8.999071838151082,0.0,-30586.69,-2907.4500000000003,697.3609048943332,0.0,0.0,26206.40890040085
bucket_3,30.564975440000012,12059.880766,0.0,0.0,-557.1800000000001,-1263.92,146.6276610557423,0.0,0.0,10415.973402495742
bucket_1,3708.7819645581203,14947.69422026406,625.080928161849,-10.739999999999998,-722.79,-13681.336133323966,3916.941434049925,-0.25,0.0,8783.38241370999
bucket_4,676.78988399,-1363.9250399405355,0.0,0.0,0.0,-6.373866676033943,0.0,0.0,0.0,-693.5090226265694
