bucket,realized_pnl,unrealized_pnl,dividends,withholding_tax,pil_dividends,borrow_fees,short_credit_interest,other_fees,bond_interest,total_pnl
bucket_2,41239.24434114,277383.261913,471.473253562182,-10.739999999999998,-30556.309999999998,-2909.146265681993,676.9982784098479,0.0,0.0,286294.78152043006
bucket_3,30.564975440000012,12059.880766,0.0,0.0,-557.1800000000001,-1263.92,142.346198941338,0.0,0.0,10411.691940381337
bucket_4,676.78988399,876.927343,30.727198345167704,0.0,0.0,-6.906358781473816,93.64321926684786,0.0,0.0,1671.1812858205417
bucket_1,-13205.477708970002,-228755.02221599998,131.87954809265034,0.0,-753.17,-14059.857375536532,3847.9423033819676,-0.25,0.0,-252793.9554490319
