bucket,realized_pnl,unrealized_pnl,dividends,withholding_tax,pil_dividends,borrow_fees,short_credit_interest,other_fees,bond_interest,total_pnl
bucket_2,21146.773840056136,37834.69546909424,21.596491228070175,0.0,-30487.449999999997,-2895.86,703.3128420687626,0.0,0.0,26323.068642447204
bucket_3,30.564975440000012,12059.880766,0.0,0.0,-557.1800000000001,-1263.92,147.87912012164668,0.0,0.0,10417.224861561646
bucket_1,2426.5224933521986,13983.619711544186,612.4835087719298,-10.739999999999998,-722.79,-13493.956133323965,3909.7380378095922,-0.25,0.0,6704.627618153941
bucket_4,367.0344963516653,-595.7186246384205,0.0,0.0,0.0,-5.3538666760339435,0.0,0.0,0.0,-234.037994962789
