bucket,realized_pnl,unrealized_pnl,dividends,withholding_tax,pil_dividends,borrow_fees,short_credit_interest,other_fees,bond_interest,total_pnl
bucket_2,40173.49485958215,114267.04557923083,241.99813111157914,-8.585192157834436,-30582.53,-2910.66453328572,697.3609048943332,0.0,0.0,121878.11974937534
bucket_3,30.564975440000012,12059.880766,0.0,0.0,-557.1800000000001,-1263.92,146.6276610557423,0.0,0.0,10415.973402495742
bucket_4,321.9131499131239,6901.433876185393,30.739033648702016,0.0,0.0,-7.107443805858194,0.0,0.0,0.0,7246.978615941361
bucket_1,-15664.06458749527,-69036.29292541622,361.34283523971885,-2.154807842165564,-726.95,-13677.388022908422,3916.941434049925,-0.25,0.0,-94828.81607437243
