bucket,realized_pnl,unrealized_pnl,dividends,withholding_tax,pil_dividends,borrow_fees,short_credit_interest,other_fees,bond_interest,total_pnl
bucket_2,21609.395311284607,32622.81472574412,45.64344160144847,-2.4263161388507597,-30586.69,-2932.6110340329906,676.9982784098479,0.0,0.0,21433.12440686818
bucket_1,6424.3713208853915,16005.42497125589,588.4365583985516,-8.31368386114924,-722.79,-14037.89896596701,3847.9423033819676,-0.25,0.0,12096.922504093645
bucket_3,30.564975440000012,12059.880766,0.0,0.0,-557.1800000000001,-1263.92,142.346198941338,0.0,0.0,10411.691940381337
bucket_4,676.78988399,876.927343,0.0,0.0,0.0,-5.4,93.64321926684786,0.0,0.0,1641.9604462568477
