bucket,realized_pnl,unrealized_pnl,dividends,withholding_tax,pil_dividends,borrow_fees,short_credit_interest,other_fees,bond_interest,total_pnl
bucket_2,21452.504880048866,37289.34996405226,21.596491228070175,0.0,-30487.449999999997,-2895.86,703.3128420687626,0.0,0.0,26083.454177397954
bucket_3,30.564975440000012,12059.880766,0.0,0.0,-557.1800000000001,-1263.92,147.87912012164668,0.0,0.0,10417.224861561646
bucket_1,2023.0442017511343,13933.246591947745,612.4835087719298,-10.739999999999998,-722.79,-13488.235,3909.7380378095922,-0.25,0.0,6256.497340280405
bucket_4,291.52393533000003,0.0,0.0,0.0,0.0,-5.415,0.0,0.0,0.0,286.10893533
