bucket,realized_pnl,unrealized_pnl,dividends,withholding_tax,pil_dividends,borrow_fees,short_credit_interest,other_fees,bond_interest,total_pnl
bucket_1,1422.9728492799982,27729.595197,615.0864975846621,-10.739999999999998,-722.79,-13681.68,3916.941434049925,-0.25,0.0,19269.135977914593
bucket_2,23145.23085545,24402.496711,-11.729999999999999,0.0,-30928.199999999997,-2945.84,700.233534852736,0.0,0.0,14362.191101302735
bucket_3,-383.08518752000003,12059.975387999999,0.0,0.0,-215.67000000000002,-1225.53,143.75503109733944,0.0,0.0,10379.445231577338
bucket_4,676.78988399,0.0,30.72350241533791,0.0,0.0,-6.03,0.0,0.0,0.0,701.4833864053379
