bucket,realized_pnl,unrealized_pnl,dividends,withholding_tax,pil_dividends,borrow_fees,short_credit_interest,other_fees,bond_interest,total_pnl
bucket_2,20182.698917674505,38357.05401887212,8.999007781287226,0.0,-30586.69,-2907.4500000000003,697.3609048943332,0.0,0.0,25751.972849222246
bucket_3,30.564975440000012,12059.880766,0.0,0.0,-557.1800000000001,-1263.92,146.6276610557423,0.0,0.0,10415.973402495742
bucket_1,4004.3540908906,14370.851135766312,625.0809922187128,-10.739999999999998,-722.79,-13681.336133323966,3916.941434049925,-0.25,0.0,8502.111519601582
bucket_4,644.2904131048931,-595.7186246384205,0.0,0.0,0.0,-6.373866676033943,0.0,0.0,0.0,42.19792179043878
