bucket,realized_pnl,unrealized_pnl,dividends,withholding_tax,pil_dividends,borrow_fees,short_credit_interest,other_fees,bond_interest,total_pnl
bucket_2,82149.38908565618,149310.59307689208,23.25223806826053,-10.739979517187201,-155628.68,-23824.27073150446,5244.638038798212,-1.1178174384462747,0.0,57263.06391095465
bucket_1,55345.292352597266,27974.580615378312,689.1677619317395,-6.420020482812796,-863.54,-29341.18426849554,2771.1313377382376,-0.7021825615537254,0.0,56568.32559610566
bucket_3,31.060795170000013,8011.3485120000005,0.0,0.0,-815.61,-2298.23,151.98486249484338,0.0,0.0,5080.554169664845
bucket_5,0.0,321.733064,0.0,0.0,0.0,-156.49,103.0182219856808,0.0,0.0,268.26128598568084
bucket_4,-4555.94713373344,-15668.17602327039,0.0,0.0,0.0,-6521.435,689.4175389830278,0.0,0.0,-26056.1406180208
