bucket,realized_pnl,unrealized_pnl,dividends,withholding_tax,pil_dividends,borrow_fees,short_credit_interest,other_fees,bond_interest,total_pnl
bucket_4,922.61986557,7466.85995129792,0.0,0.0,0.0,-7.645721462795482,0.0,0.0,0.0,8381.834095405124
bucket_2,16658.390930068603,7347.510484241241,-10.148055143406125,0.0,-17079.17,-1572.17,281.25609003707365,0.0,0.0,5625.66944920351
bucket_1,3546.2683692513983,3978.8325364608395,448.7680551434061,0.0,-729.04,-4961.204278537204,1799.9322316266498,0.0,0.0,4083.5569139450886
bucket_3,30.564975440000012,-1465.442174,0.0,0.0,-520.01,-605.66,134.0016783362764,0.0,0.0,-2426.5455202237235
