bucket,realized_pnl,unrealized_pnl,dividends,withholding_tax,pil_dividends,borrow_fees,short_credit_interest,other_fees,bond_interest,total_pnl
bucket_1,5018.67065534739,18027.2349594032,394.27721177750135,0.0,-706.03,-5089.7300000000005,1801.6850406489575,0.0,0.0,19446.107867177045
bucket_3,539.5346780499999,-1484.498279,0.0,0.0,-215.67000000000002,-587.52,132.39300661693048,0.0,0.0,-1615.7605943330695
bucket_2,17817.68300663261,-2235.7015824031982,44.342788222498655,0.0,-17383.51,-1621.93,281.11195273411215,0.0,0.0,-3098.0038348139756
