bucket,realized_pnl,unrealized_pnl,dividends,withholding_tax,pil_dividends,borrow_fees,short_credit_interest,other_fees,bond_interest,total_pnl
bucket_1,4004.02405341,46930.015830000004,35.53280161084558,0.0,-736.41,-4969.779689431516,1792.3682609584469,0.0,0.0,47055.75125654778
bucket_4,676.78988399,0.0,30.727198389154424,0.0,0.0,-7.2364833747396515,0.0,0.0,0.0,700.2805990044149
bucket_3,30.564975440000012,-1465.442174,0.0,0.0,-520.01,-605.66,136.4425351765854,0.0,0.0,-2424.1046633834144
bucket_2,17973.42328145,-31532.832482,372.36,0.0,-17048.79,-1567.7238271937445,286.37920386496745,0.0,0.0,-31517.18382387878
