bucket,realized_pnl,unrealized_pnl,dividends,withholding_tax,pil_dividends,borrow_fees,short_credit_interest,other_fees,bond_interest,total_pnl
bucket_2,17858.674313432482,9743.430408128941,2.450000000000001,0.0,-17079.17,-1596.46,281.25609003707365,0.0,0.0,9210.180811598497
bucket_1,2435.5969222327208,8154.378400349962,436.17,0.0,-729.04,-4936.055,1799.9322316266498,0.0,0.0,7160.98255420933
bucket_4,833.0079292247966,895.3941635210978,0.0,0.0,0.0,-8.505,0.0,0.0,0.0,1719.8970927458945
bucket_3,30.564975440000012,-1465.442174,0.0,0.0,-520.01,-605.66,134.0016783362764,0.0,0.0,-2426.5455202237235
