bucket,realized_pnl,unrealized_pnl,dividends,withholding_tax,pil_dividends,borrow_fees,short_credit_interest,other_fees,bond_interest,total_pnl
bucket_1,2306.349475577608,11271.826990448057,436.17,0.0,-729.04,-4936.055,1799.9322316266498,0.0,0.0,10149.183697652314
bucket_2,17941.11819266239,7521.375981551943,2.450000000000001,0.0,-17079.17,-1596.46,281.25609003707365,0.0,0.0,7070.57026425141
bucket_4,879.8114963200001,0.0,0.0,0.0,0.0,-8.505,0.0,0.0,0.0,871.3064963200001
bucket_3,30.564975440000012,-1465.442174,0.0,0.0,-520.01,-605.66,134.0016783362764,0.0,0.0,-2426.5455202237235
