bucket,realized_pnl,unrealized_pnl,dividends,withholding_tax,pil_dividends,borrow_fees,short_credit_interest,other_fees,bond_interest,total_pnl
bucket_1,-1413.2396723621532,21701.248540007393,236.1708934317991,0.0,-733.2,-4935.49,1799.9322316266498,0.0,0.0,16655.421992703687
bucket_2,21573.099279831113,-25.7269129158326,171.73103703875296,0.0,-17075.01,-1596.134297960691,281.25609003707365,0.0,0.0,3329.2151960304172
bucket_4,967.41955714104,-2882.31865509156,30.718069529447963,0.0,0.0,-9.39570203930922,0.0,0.0,0.0,-1893.5767304603812
bucket_3,30.564975440000012,-1465.442174,0.0,0.0,-520.01,-605.66,134.0016783362764,0.0,0.0,-2426.5455202237235
