bucket,realized_pnl,unrealized_pnl,dividends,withholding_tax,pil_dividends,borrow_fees,short_credit_interest,other_fees,bond_interest,total_pnl
bucket_1,2946.1517784775774,10272.220693910282,433.5613280875959,0.0,-706.03,-5013.41,1798.4523312801878,0.0,0.0,9730.946131755645
bucket_4,676.78988399,0.0,0.0,0.0,0.0,-5.4,0.0,0.0,0.0,671.38988399
bucket_3,30.564975440000012,-1465.442174,0.0,0.0,-520.01,-605.66,135.61469917416412,0.0,0.0,-2424.932499385836
bucket_2,6296.567043052422,5302.588219089719,14.718671912404144,0.0,-13581.64,-1148.71,281.1229695456479,0.0,0.0,-2835.3530963998055
