bucket,realized_pnl,unrealized_pnl,dividends,withholding_tax,pil_dividends,borrow_fees,short_credit_interest,other_fees,bond_interest,total_pnl
bucket_2,20381.638571443204,12322.617340026965,-4.381453758759882,0.0,-17383.51,-1621.8823106675848,281.11195273411215,0.0,0.0,13975.594099777938
bucket_1,2454.7150905367953,3468.9160369730325,443.0014537587599,0.0,-706.03,-5089.777689332415,1801.6850406489575,0.0,0.0,2372.5099325851306
bucket_3,539.5346780499999,-1484.498279,0.0,0.0,-215.67000000000002,-587.52,132.39300661693048,0.0,0.0,-1615.7605943330695
