bucket,realized_pnl,unrealized_pnl,dividends,withholding_tax,pil_dividends,borrow_fees,short_credit_interest,other_fees,bond_interest,total_pnl
bucket_1,2760.0375536862102,10621.797243625035,433.2472824481678,0.0,-706.03,-5026.24,1799.5643540870938,0.0,0.0,9882.37643384651
bucket_4,676.78988399,0.0,0.0,0.0,0.0,-5.4,0.0,0.0,0.0,671.38988399
bucket_3,30.564975440000012,-1465.442174,0.0,0.0,-520.01,-605.66,135.25282490708238,0.0,0.0,-2425.2943736529173
bucket_2,6482.681267843789,4966.476192374965,15.032717551832194,0.0,-13581.64,-1154.3700000000001,280.37282100582394,0.0,0.0,-2991.447001223589
