bucket,realized_pnl,unrealized_pnl,dividends,withholding_tax,pil_dividends,borrow_fees,short_credit_interest,other_fees,bond_interest,total_pnl
bucket_1,4923.450423040497,10261.26736354763,398.8145374305094,0.0,-729.04,-5116.43,1803.2188566477803,0.0,0.0,11541.281180666418
bucket_2,17604.033341179504,5727.32197945237,39.80546256949062,0.0,-17383.51,-1622.0700000000002,280.0692227720807,0.0,0.0,4645.650005973446
bucket_3,539.5346780499999,-1484.498279,0.0,0.0,-215.67000000000002,-587.52,131.901920580139,0.0,0.0,-1616.2516803698607
