bucket,realized_pnl,unrealized_pnl,dividends,withholding_tax,pil_dividends,borrow_fees,short_credit_interest,other_fees,bond_interest,total_pnl
bucket_2,16545.983652073246,11359.064336089654,-10.148055143406125,0.0,-17079.17,-1572.17,281.25609003707365,0.0,0.0,9524.816023056566
bucket_1,3658.675647246755,7434.138635910347,448.7680551434061,0.0,-729.04,-4960.345,1799.9322316266498,0.0,0.0,7652.129569927157
bucket_4,922.61986557,0.0,0.0,0.0,0.0,-8.505,0.0,0.0,0.0,914.1148655700001
bucket_3,30.564975440000012,-1465.442174,0.0,0.0,-520.01,-605.66,134.0016783362764,0.0,0.0,-2426.5455202237235
