bucket,realized_pnl,unrealized_pnl,dividends,withholding_tax,pil_dividends,borrow_fees,short_credit_interest,other_fees,bond_interest,total_pnl
bucket_2,23266.84603595,16626.517916,-10.149999999999999,0.0,-17383.51,-1596.8700000000001,282.3035601281423,0.0,0.0,21185.13751207814
bucket_4,922.61986557,0.0,30.718069529447963,0.0,0.0,-8.1,0.0,0.0,0.0,945.237935099448
bucket_3,-383.08518752000003,-1484.498279,0.0,0.0,-215.67000000000002,-580.05,132.9542082452078,0.0,0.0,-2530.349258274792
bucket_1,-2648.5365728700003,2185.7411610000004,418.05193047055207,0.0,-729.04,-4961.66,1799.9322316266498,0.0,0.0,-3935.5112497727996
