underlying,net_notional_usd,gross_notional_usd,orphan_frac
QBTS,-25782.100000000002,25782.100000000002,1.0
SPCX,-2305.2000000000003,2305.2000000000003,1.0
