bucket,realized_pnl,unrealized_pnl,dividends,withholding_tax,pil_dividends,borrow_fees,short_credit_interest,other_fees,bond_interest,total_pnl
bucket_1,211488.90952004388,-63889.09755050825,755.0768918913669,-4.960000098783963,-864.02632799726,-36454.5587094893,7032.145876997972,-0.7000016672134961,0.0,118062.78969917238
bucket_2,98662.27741071614,169125.89693603618,75.61310810863304,-19.41999990121604,-215977.79367200274,-32509.631290510704,7189.074676080453,-5.819998332786505,0.0,26540.197170193973
bucket_3,276.12134444000003,4235.5475910000005,0.0,0.0,-511.65000000000003,-2149.73,212.3910571343947,0.0,0.0,2062.679992574395
bucket_5,0.0,428.9537620000001,0.0,0.0,0.0,-342.64,295.95514004004383,0.0,0.0,382.26890204004417
bucket_4,-25835.26477527,-2235.1995785279405,0.0,0.0,-149.97,-13034.26,861.9632497471393,0.0,0.0,-40392.7311040508
