bucket,realized_pnl,unrealized_pnl,dividends,withholding_tax,pil_dividends,borrow_fees,short_credit_interest,other_fees,bond_interest,total_pnl
bucket_2,23190.8157967,15234.53509,-10.149999999999999,0.0,-21237.280000000002,-1970.0,276.05850608743054,0.0,0.0,15483.97939278743
bucket_3,-383.08518752000003,6556.658139,0.0,0.0,-215.67000000000002,-895.69,97.8342278416263,0.0,0.0,5160.047179321626
bucket_4,676.78988399,-15.650881,30.72350241533791,0.0,0.0,-6.03,17.053175381182474,0.0,0.0,702.8856807865204
bucket_1,299.0617707599986,5623.158918000007,524.7564975846622,-7.89,-706.03,-7752.05,1824.2440906897607,0.0,0.0,-194.74872296557092
