bucket,realized_pnl,unrealized_pnl,dividends,withholding_tax,pil_dividends,borrow_fees,short_credit_interest,other_fees,bond_interest,total_pnl
bucket_2,20283.09799138216,22475.583407518352,10.579021636967283,0.0,-20920.920000000002,-1942.3500000000001,274.55287872069147,0.0,0.0,20180.54329925817
bucket_3,30.564975440000012,6564.083734,0.0,0.0,-532.03,-923.3399999999999,99.33985520836535,0.0,0.0,5238.618564648365
bucket_4,676.78988399,-15.650881,0.0,0.0,0.0,-6.4350000000000005,17.053175381182474,0.0,0.0,671.7571783711825
bucket_1,2793.129411417839,-1625.3149945183447,534.7509783630327,-7.89,-706.03,-7751.6449999999995,1824.2440906897607,0.0,0.0,-4938.755514047713
