bucket,realized_pnl,unrealized_pnl,dividends,withholding_tax,pil_dividends,borrow_fees,short_credit_interest,other_fees,bond_interest,total_pnl
bucket_2,21306.87011904464,22677.734977846223,23.176491228070176,0.0,-20821.68,-1955.05,277.15126267029393,0.0,0.0,21508.20285078923
bucket_3,30.564975440000012,6564.083734,0.0,0.0,-532.03,-923.3399999999999,100.28001320828145,0.0,0.0,5239.558722648281
bucket_4,291.52393533000003,-15.650881,0.0,0.0,0.0,-5.415,17.21456759606906,0.0,0.0,287.67262192606904
bucket_1,1263.6106389753559,-2141.976356846216,522.1535087719299,-7.89,-706.03,-7620.715,1820.5441565253557,0.0,0.0,-6870.303052573582
