bucket,realized_pnl,unrealized_pnl,dividends,withholding_tax,pil_dividends,borrow_fees,short_credit_interest,other_fees,bond_interest,total_pnl
bucket_2,24041.33988739,151389.654817,397.22326354987916,-7.89,-20890.54,-1944.0462651844582,271.3508040013513,0.0,0.0,153257.09250675677
bucket_3,30.564975440000012,6564.083734,0.0,0.0,-532.03,-923.3399999999999,98.18126732370062,0.0,0.0,5237.4599767637
bucket_4,676.78988399,0.0,30.727198389154424,0.0,0.0,-6.9063589060470845,0.0,0.0,0.0,700.6107234731073
bucket_1,1565.1401169499973,-133610.377459,117.37953806096645,0.0,-736.41,-7975.3673759094945,1845.6579286749484,0.0,0.0,-138793.97725122358
