bucket,realized_pnl,unrealized_pnl,dividends,withholding_tax,pil_dividends,borrow_fees,short_credit_interest,other_fees,bond_interest,total_pnl
bucket_2,9597.172716864303,17892.968869123746,15.008290957202133,0.0,-17397.77,-1521.18,264.4961595718003,0.0,0.0,8850.696036517054
bucket_3,30.564975440000012,6564.083734,0.0,0.0,-532.03,-923.3399999999999,97.54337106201856,0.0,0.0,5236.822080502019
bucket_4,676.78988399,0.0,0.0,0.0,0.0,-5.4,0.0,0.0,0.0,671.38988399
bucket_1,3274.578774605693,975.85540087626,539.9817090427979,-7.89,-706.03,-8047.99,1853.1504693661811,0.0,0.0,-2118.3436461090673
