bucket,realized_pnl,unrealized_pnl,dividends,withholding_tax,pil_dividends,borrow_fees,short_credit_interest,other_fees,bond_interest,total_pnl
bucket_2,9403.712560476484,17315.095882696027,14.700024691461953,0.0,-17397.77,-1515.5200000000002,265.0830502772629,0.0,0.0,8085.301518141237
bucket_3,30.564975440000012,6564.083734,0.0,0.0,-532.03,-923.3399999999999,97.75981011333963,0.0,0.0,5237.038519553339
bucket_4,676.78988399,0.0,0.0,0.0,0.0,-5.4,0.0,0.0,0.0,671.38988399
bucket_1,3468.0389309935135,838.9267553039796,540.289975308538,-7.89,-706.03,-8031.04,1852.3471396093983,0.0,0.0,-2045.3571987845787
