bucket,realized_pnl,unrealized_pnl,dividends,withholding_tax,pil_dividends,borrow_fees,short_credit_interest,other_fees,bond_interest,total_pnl
bucket_2,29814.391457235623,102246.08554200499,260.31438241298406,-7.2215780730897015,-20916.760000000002,-1969.7296718812358,274.55287872069147,0.0,0.0,109701.63301041996
bucket_3,30.564975440000012,6564.083734,0.0,0.0,-532.03,-923.3399999999999,99.33985520836535,0.0,0.0,5238.618564648365
bucket_4,528.7882629606466,0.0,30.739033648702016,0.0,0.0,-6.906659739650117,0.0,0.0,0.0,552.6206368696985
bucket_1,-6590.162435166269,-81411.46801000499,254.276583938314,-0.668421926910299,-710.19,-7723.793668379114,1841.2972660709431,0.0,0.0,-94340.70868546802
