bucket,realized_pnl,unrealized_pnl,dividends,withholding_tax,pil_dividends,borrow_fees,short_credit_interest,other_fees,bond_interest,total_pnl
bucket_2,20273.990125286513,22471.999515521227,10.579086045879837,0.0,-20920.920000000002,-1942.3500000000001,274.55287872069147,0.0,0.0,20167.85160557431
bucket_3,30.564975440000012,6564.083734,0.0,0.0,-532.03,-923.3399999999999,99.33985520836535,0.0,0.0,5238.618564648365
bucket_4,676.78988399,5.727846482100121,0.0,0.0,0.0,-6.4350000000000005,17.053175381182474,0.0,0.0,693.1359058532827
bucket_1,2802.237277513487,-1643.1098300033207,534.7509139541202,-7.89,-706.03,-7751.6449999999995,1824.2440906897607,0.0,0.0,-4947.442547845957
