bucket,realized_pnl,unrealized_pnl,dividends,withholding_tax,pil_dividends,borrow_fees,short_credit_interest,other_fees,bond_interest,total_pnl
bucket_2,67301.95157976438,111407.84289749841,-0.9051619826595072,-10.739789402631892,-108278.85,-18531.90880112835,5905.355890909358,-1.1198476128297834,0.0,57791.62676804568
bucket_1,-13346.198225944387,58902.76197314615,657.2751619826595,-6.420210597368108,-725.54,-26084.706198871652,2452.885800585357,-0.7001523871702169,0.0,21849.358147913605
bucket_4,295.93541793,14167.21166235544,0.0,0.0,0.0,-4298.695,389.1072050357302,0.0,0.0,10553.559285321171
bucket_3,31.060795170000013,8276.148518999998,0.0,0.0,-596.6600000000001,-1973.46,180.62344385238288,0.0,0.0,5917.712758022382
bucket_5,0.0,305.60537500000004,0.0,0.0,0.0,-78.13,32.21765961717088,0.0,0.0,259.6930346171709
