bucket,realized_pnl,unrealized_pnl,dividends,withholding_tax,pil_dividends,borrow_fees,short_credit_interest,other_fees,bond_interest,total_pnl
bucket_2,68070.25379480352,121762.96537100428,-72.45350877192982,0.0,-108278.85,-18519.13,5905.169546236999,0.0,0.0,68867.95520327287
bucket_1,-14661.891654443523,59697.370449311085,728.8235087719298,-17.16,-725.54,-26332.78207246074,2466.4208917023107,-1.82,0.0,21153.421122881064
bucket_3,31.060795170000013,8276.148518999998,0.0,0.0,-596.6600000000001,-1973.46,180.61774424391103,0.0,0.0,5917.707058413911
bucket_4,681.20136659,9196.699111684638,0.0,0.0,0.0,-4654.3579275392585,407.9818178167795,0.0,0.0,5631.524368552163
