bucket,realized_pnl,unrealized_pnl,dividends,withholding_tax,pil_dividends,borrow_fees,short_credit_interest,other_fees,bond_interest,total_pnl
bucket_2,70429.5946474514,113783.7440242957,-0.9051619826595072,-10.739789402631892,-108278.85,-18531.90880112835,5905.355890909358,-1.1198476128298576,0.0,63295.170962529985
bucket_1,-13935.274468602678,61817.541503704306,657.2751619826595,-6.420210597368108,-725.54,-26084.706198871652,2452.885800585357,-0.7001523871701425,0.0,24175.061435813455
bucket_3,31.060795170000013,8276.148518999998,0.0,0.0,-596.6600000000001,-1973.46,180.62344385238288,0.0,0.0,5917.712758022382
bucket_4,-2242.6314070987332,8876.531005,0.0,0.0,0.0,-4298.695,389.1072050357302,0.0,0.0,2724.3118029369984
bucket_5,0.0,305.60537500000004,0.0,0.0,0.0,-78.13,32.21765961717088,0.0,0.0,259.6930346171709
