bucket,realized_pnl,unrealized_pnl,dividends,withholding_tax,pil_dividends,borrow_fees,short_credit_interest,other_fees,bond_interest,total_pnl
bucket_2,56018.32082263839,51239.34127358733,8.996491228070175,0.0,-63809.84,-8970.26,5432.492898400362,0.0,0.0,39919.05148585415
bucket_1,-26287.165498758393,74120.8433945501,680.7535087719299,-17.16,-732.16,-20959.990741364385,2678.6742677686702,-1.82,0.0,29481.974930967903
bucket_3,31.060795170000013,8897.059645,0.0,0.0,-580.26,-1630.74,185.74307309607605,0.0,0.0,6902.863513266077
bucket_4,587.99365399,4054.31902186257,0.0,0.0,0.0,-1822.8092586356133,663.2797607348924,0.0,0.0,3482.7831779518488
