bucket,realized_pnl,unrealized_pnl,dividends,withholding_tax,pil_dividends,borrow_fees,short_credit_interest,other_fees,bond_interest,total_pnl
bucket_2,58489.15442311881,51261.93704029164,74.06948470180544,-9.792040759399981,-63710.6,-8982.96,5638.469601982371,-1.118758758566902,0.0,42759.159750576655
bucket_1,-20460.801997383496,60197.64916870837,615.6805152981946,-7.367959240600019,-732.16,-20708.855,2827.567577659913,-0.701241241433098,0.0,21731.011063800925
bucket_3,31.060795170000013,8897.059645,0.0,0.0,-580.26,-1630.74,192.7856494279821,0.0,0.0,6909.906089597981
bucket_4,-8187.834031935321,14599.69693,0.0,0.0,0.0,-1677.195,276.8024932721915,0.0,0.0,5011.470391336869
bucket_5,0.0,26.379698999999995,0.0,0.0,0.0,-5.25,24.564677657543328,0.0,0.0,45.69437665754332
