bucket,realized_pnl,unrealized_pnl,dividends,withholding_tax,pil_dividends,borrow_fees,short_credit_interest,other_fees,bond_interest,total_pnl
bucket_2,53256.70037053189,41708.95314686724,74.06948470180544,-9.792040759399981,-63710.6,-8982.96,5638.469601982371,-1.1187587583469036,0.0,27973.721804565565
bucket_1,-23707.705911191897,66568.93137622466,615.6805152981946,-7.367959240600019,-732.16,-20708.855,2827.567577659913,-0.7012412416530966,0.0,24855.389357508615
bucket_4,291.52393533000003,17781.398615908085,0.0,0.0,0.0,-1677.195,276.8024932721915,0.0,0.0,16672.530044510277
bucket_3,31.060795170000013,8897.059645,0.0,0.0,-580.26,-1630.74,192.7856494279821,0.0,0.0,6909.906089597981
bucket_5,0.0,26.379698999999995,0.0,0.0,0.0,-5.25,24.564677657543328,0.0,0.0,45.69437665754332
