bucket,realized_pnl,unrealized_pnl,dividends,withholding_tax,pil_dividends,borrow_fees,short_credit_interest,other_fees,bond_interest,total_pnl
bucket_2,53256.651485907125,49258.561699698635,74.06948470180544,-9.792040759399981,-63710.6,-8982.96,5638.469601982371,-1.1187587588968997,0.0,35523.28147277164
bucket_1,-23880.91484006713,59335.915925441426,615.6805152981946,-7.367959240600019,-732.16,-20703.195,2827.567577659913,-0.7012412411031004,0.0,17454.824977850683
bucket_4,291.52393533000003,17464.80551385994,0.0,0.0,0.0,-1677.195,276.8024932721915,0.0,0.0,16355.936942462133
bucket_3,31.060795170000013,8897.059645,0.0,0.0,-580.26,-1630.74,192.7856494279821,0.0,0.0,6909.906089597981
bucket_5,0.0,26.379698999999995,0.0,0.0,0.0,-5.25,24.564677657543328,0.0,0.0,45.69437665754332
