bucket,realized_pnl,unrealized_pnl,dividends,withholding_tax,pil_dividends,borrow_fees,short_credit_interest,other_fees,bond_interest,total_pnl
bucket_2,79209.53001429186,76153.3939719644,25.313689986286423,-5.062045259105315,-51038.77,-7078.292546995782,2857.214940123395,-1.041756881106435,0.0,100122.28626722994
bucket_1,-36853.35184717167,72611.13408088632,652.4163100137135,-10.637954740894685,-732.16,-19380.060715636835,1621.9412225631143,-0.7782431188935652,0.0,17908.502852794838
bucket_3,-383.08518752000003,11417.541181999999,0.0,0.0,-215.67000000000002,-1495.07,98.9718442922214,0.0,0.0,9422.68783877222
bucket_4,-21137.97077615019,-3103.200291850718,0.0,0.0,0.0,-1177.316737367382,182.80199302126985,0.0,0.0,-25235.685812347023
