bucket,realized_pnl,unrealized_pnl,dividends,withholding_tax,pil_dividends,borrow_fees,short_credit_interest,other_fees,bond_interest,total_pnl
bucket_2,51703.87575760056,65798.29515500645,64.3947068618848,-7.811994747815524,-50581.07,-7040.96,2871.9356534920903,-1.1192432739168854,0.0,62807.540034939244
bucket_1,-31669.47304864056,68838.57472472287,613.3352931381152,-7.888005252184476,-732.16,-19124.545000000002,1618.969324142636,-0.7007567260831148,0.0,19536.112531384773
bucket_3,30.564975440000012,11426.398846,0.0,0.0,-574.13,-1544.98,101.77230421981155,0.0,0.0,9439.626125659812
bucket_4,291.52393533000003,6210.463336270694,0.0,0.0,0.0,-1079.855,154.30329683638772,0.0,0.0,5576.43556843708
bucket_5,0.0,33.759699,0.0,0.0,0.0,0.0,13.949421309074847,0.0,0.0,47.70912030907485
