bucket,realized_pnl,unrealized_pnl,dividends,withholding_tax,pil_dividends,borrow_fees,short_credit_interest,other_fees,bond_interest,total_pnl
bucket_2,55312.86742979837,72895.20487259171,9.052115544325725,0.0,-50680.31,-7028.26,2855.014125555859,0.0,0.0,73363.56854349027
bucket_1,-35096.30385575837,76818.9837475578,668.6778844556743,-15.7,-732.16,-19379.148180256005,1613.2038159308293,-1.82,0.0,23875.73341192992
bucket_3,30.564975440000012,11426.398846,0.0,0.0,-574.13,-1544.98,101.17265885975755,0.0,0.0,9439.026480299757
bucket_4,587.99365399,-4061.718523149512,0.0,0.0,0.0,-1178.3518197439969,191.53939965355488,0.0,0.0,-4460.537289249954
