bucket,realized_pnl,unrealized_pnl,dividends,withholding_tax,pil_dividends,borrow_fees,short_credit_interest,other_fees,bond_interest,total_pnl
bucket_2,55284.89905873641,72894.65170831163,9.051851943137311,0.0,-50680.31,-7028.26,2855.014125555859,0.0,0.0,73335.04674454704
bucket_1,-35068.335484696414,76823.85020474572,668.6781480568627,-15.7,-732.16,-19379.14805328176,1613.2161303264666,-1.82,0.0,23908.580945150865
bucket_3,30.564975440000012,11426.398846,0.0,0.0,-574.13,-1544.98,101.17265885975755,0.0,0.0,9439.026480299757
bucket_4,587.99365399,-4066.031816057357,0.0,0.0,0.0,-1178.3519467182425,191.52708525791755,0.0,0.0,-4464.863023527681
