bucket,realized_pnl,unrealized_pnl,dividends,withholding_tax,pil_dividends,borrow_fees,short_credit_interest,other_fees,bond_interest,total_pnl
bucket_2,60584.7407938856,73966.06095317575,9.051620202202857,0.0,-50680.31,-7028.26,2855.014125555859,0.0,0.0,79706.29749281942
bucket_3,30.564975440000012,11426.398846,0.0,0.0,-574.13,-1544.98,101.17265885975755,0.0,0.0,9439.026480299757
bucket_4,-8151.378286564372,16213.014502367301,0.0,0.0,0.0,-1178.3513980936725,191.54610689203503,0.0,0.0,7074.830924601291
bucket_1,-31628.805279291228,55473.394641456944,668.6783797977971,-15.7,-732.16,-19379.148601906327,1613.197108692349,-1.82,0.0,5997.636248749527
