bucket,realized_pnl,unrealized_pnl,dividends,withholding_tax,pil_dividends,borrow_fees,short_credit_interest,other_fees,bond_interest,total_pnl
bucket_2,55091.638916059346,72891.05204692352,8.996491228070175,0.0,-50680.31,-7028.26,2855.014125555859,0.0,0.0,73138.1315797668
bucket_1,-34875.07534201935,76836.53416962756,668.7335087719298,-15.7,-732.16,-19379.148601906327,1613.197108692349,-1.82,0.0,24114.560843166157
bucket_3,30.564975440000012,11426.398846,0.0,0.0,-574.13,-1544.98,101.17265885975755,0.0,0.0,9439.026480299757
bucket_4,587.99365399,-4075.1161195510876,0.0,0.0,0.0,-1178.3513980936725,191.54610689203503,0.0,0.0,-4473.927756762725
