bucket,realized_pnl,unrealized_pnl,dividends,withholding_tax,pil_dividends,borrow_fees,short_credit_interest,other_fees,bond_interest,total_pnl
bucket_2,20574.555613543638,25067.463601745025,10.579322244693493,0.0,-24231.600000000002,-2350.45,366.5891729056133,0.0,0.0,19437.13771043897
bucket_3,30.564975440000012,6050.050765,0.0,0.0,-539.9300000000001,-1064.6,87.27028651090167,0.0,0.0,4563.356026950901
bucket_1,3453.4742893163616,7993.836611254979,587.9506777553065,-7.89,-716.44,-10018.855,1761.3305405834853,-0.25,0.0,3053.157118910129
bucket_4,676.78988399,0.0,0.0,0.0,0.0,-6.4350000000000005,0.0,0.0,0.0,670.3548839900001
