bucket,realized_pnl,unrealized_pnl,dividends,withholding_tax,pil_dividends,borrow_fees,short_credit_interest,other_fees,bond_interest,total_pnl
bucket_2,9716.029353878841,19531.879034944817,14.850599176490048,0.0,-20683.86,-1917.9461863621127,356.61583161435925,0.0,0.0,7017.5686332523965
bucket_1,5456.485130181158,10072.729622055185,593.33940082351,-7.89,-716.44,-10362.773813637887,1772.620174385961,-0.25,0.0,6807.820513807922
bucket_3,30.564975440000012,6050.050765,0.0,0.0,-539.9300000000001,-1064.6,85.95399399968022,0.0,0.0,4562.03973443968
bucket_4,676.78988399,0.0,0.0,0.0,0.0,-5.4,0.0,0.0,0.0,671.38988399
