bucket,realized_pnl,unrealized_pnl,dividends,withholding_tax,pil_dividends,borrow_fees,short_credit_interest,other_fees,bond_interest,total_pnl
bucket_1,6051.674448974507,12549.997825963937,543.9093085145295,-4.922471754123713,-716.44,-10357.89396913965,1772.620174385961,-0.25,0.0,9838.695316945155
bucket_2,9522.24628108549,17397.158217036067,64.2806914854705,-2.967528245876287,-20683.86,-1947.8960308603503,356.61583161435925,0.0,0.0,4705.577462115161
bucket_3,30.564975440000012,6050.050765,0.0,0.0,-539.9300000000001,-1064.6,85.95399399968022,0.0,0.0,4562.03973443968
bucket_4,676.78988399,0.0,0.0,0.0,0.0,-5.4,0.0,0.0,0.0,671.38988399
