bucket,realized_pnl,unrealized_pnl,dividends,withholding_tax,pil_dividends,borrow_fees,short_credit_interest,other_fees,bond_interest,total_pnl
bucket_2,40047.65969374,118544.133051,435.92325356218197,-7.89,-24201.22,-2352.146265681993,362.1617502923125,0.0,0.0,132828.6214829125
bucket_3,30.564975440000012,6050.050765,0.0,0.0,-539.9300000000001,-1064.6,86.21629346221147,0.0,0.0,4562.3020339022105
bucket_4,676.78988399,0.0,30.727198345167704,0.0,0.0,-6.906358781473816,0.0,0.0,0.0,700.6107235536939
bucket_1,-12140.416696810002,-89445.439671,131.87954809265034,0.0,-746.82,-10299.317375536533,1766.811956245476,-0.25,0.0,-110733.55223900841
