bucket,realized_pnl,unrealized_pnl,dividends,withholding_tax,pil_dividends,borrow_fees,short_credit_interest,other_fees,bond_interest,total_pnl
bucket_2,41257.95477325178,36732.61573929187,234.58804431109735,-7.2215780730897015,-24227.440000000002,-2377.8236691188804,366.5891729056133,0.0,0.0,51979.26248256839
bucket_3,30.564975440000012,6050.050765,0.0,0.0,-539.9300000000001,-1064.6,87.27028651090167,0.0,0.0,4563.356026950901
bucket_4,528.7882629606466,0.0,30.739033648702016,0.0,0.0,-6.906659739650117,0.0,0.0,0.0,552.6206368696985
bucket_1,-17081.92324909243,-3671.3155262918667,333.20292204020063,-0.668421926910299,-720.6,-9991.00967114147,1761.3305405834853,-0.25,0.0,-29371.233405828993
