bucket,realized_pnl,unrealized_pnl,dividends,withholding_tax,pil_dividends,borrow_fees,short_credit_interest,other_fees,bond_interest,total_pnl
bucket_2,23190.8157967,21892.309055,-10.149999999999999,0.0,-24555.86,-2382.09,368.055185742525,0.0,0.0,18503.080037442523
bucket_3,-383.08518752000003,6043.135383,0.0,0.0,-215.67000000000002,-1032.96,85.80427367398995,0.0,0.0,4497.224469153989
bucket_1,1250.8642729999979,11175.90654,577.9564975846621,-7.89,-716.44,-10019.26,1761.3305405834853,-0.25,0.0,4022.2178511681454
bucket_4,676.78988399,0.0,30.72350241533791,0.0,0.0,-6.03,0.0,0.0,0.0,701.4833864053379
