bucket,realized_pnl,unrealized_pnl,dividends,withholding_tax,pil_dividends,borrow_fees,short_credit_interest,other_fees,bond_interest,total_pnl
bucket_2,21557.350198020114,24828.799071938804,23.176491228070176,0.0,-24132.36,-2363.15,370.48225084637244,0.0,0.0,20284.29801203336
bucket_3,30.564975440000012,6050.050765,0.0,0.0,-539.9300000000001,-1064.6,88.1970733677159,0.0,0.0,4564.282813807715
bucket_1,1791.6752480898854,7703.251167061197,575.3535087719298,-7.89,-716.44,-9852.635,1756.5106757859119,-0.25,0.0,1249.5755997089238
bucket_4,291.52393533000003,0.0,0.0,0.0,0.0,-5.415,0.0,0.0,0.0,286.10893533
