bucket,realized_pnl,unrealized_pnl,dividends,withholding_tax,pil_dividends,borrow_fees,short_credit_interest,other_fees,bond_interest,total_pnl
bucket_1,59993.83505626648,31123.590477681788,689.1837292977558,-6.420004891741193,-863.54,-30776.197003256253,5199.967582545599,-0.7001009002277137,0.0,65359.719736743384
bucket_2,80917.60215846352,154404.72662176623,23.236270702244177,-10.739995108258807,-155628.68,-26018.377996743748,8800.999870374939,-1.1198990997722864,0.0,62487.64703035516
bucket_3,31.060795170000013,9385.798516,0.0,0.0,-815.61,-2414.68,243.26459495150246,0.0,0.0,6429.833906121502
bucket_5,0.0,206.10758899999973,0.0,0.0,0.0,-197.73,188.364909002797,0.0,0.0,196.74249800279676
bucket_4,-4565.44307699,-6531.331272448013,0.0,0.0,0.0,-7600.355,1158.9330431251615,0.0,0.0,-17538.19630631285
