bucket,realized_pnl,unrealized_pnl,dividends,withholding_tax,pil_dividends,borrow_fees,short_credit_interest,other_fees,bond_interest,total_pnl
bucket_1,5018.67065534739,16380.497109191558,394.3360899703721,0.0,-706.03,-5217.17,1805.2066937593704,0.0,0.0,17675.51054826869
bucket_3,539.5346780499999,449.332903,0.0,0.0,-215.67000000000002,-615.77,128.47596026346034,0.0,0.0,285.9035413134602
bucket_2,17817.68300663261,-957.2096171915573,44.28391002962791,0.0,-17486.75,-1646.5800000000002,281.50734597716973,0.0,0.0,-1947.0653545521495
