bucket,realized_pnl,unrealized_pnl,dividends,withholding_tax,pil_dividends,borrow_fees,short_credit_interest,other_fees,bond_interest,total_pnl
bucket_2,16532.61825559797,12521.580963216347,-10.147675710747762,0.0,-17182.41,-1596.76,281.21616245983193,0.0,0.0,10546.097705563401
bucket_1,3672.04104372203,5924.652033783652,448.76767571074777,0.0,-729.04,-5088.075,1803.8408815841601,0.0,0.0,6032.18663480059
bucket_4,922.61986557,0.0,0.0,0.0,0.0,-8.505,0.0,0.0,0.0,914.1148655700001
bucket_3,30.564975440000012,465.49309900000003,0.0,0.0,-520.01,-633.97,130.13295595600857,0.0,0.0,-527.7889696039913
