bucket,realized_pnl,unrealized_pnl,dividends,withholding_tax,pil_dividends,borrow_fees,short_credit_interest,other_fees,bond_interest,total_pnl
bucket_1,4004.02405341,45947.185833999996,35.53280161084558,0.0,-736.41,-5093.069689431516,1796.6553719856352,0.0,0.0,45953.91837157497
bucket_4,676.78988399,0.0,30.727198389154424,0.0,0.0,-7.2364833747396515,0.0,0.0,0.0,700.2805990044149
bucket_3,30.564975440000012,465.49309900000003,0.0,0.0,-520.01,-633.97,132.4061384237561,0.0,0.0,-525.515787136244
bucket_2,17973.42328145,-30983.162462,372.36,0.0,-17152.03,-1592.3138271937446,286.1284895906091,0.0,0.0,-31095.594518153135
