bucket,realized_pnl,unrealized_pnl,dividends,withholding_tax,pil_dividends,borrow_fees,short_credit_interest,other_fees,bond_interest,total_pnl
bucket_4,922.61986557,7278.166841595059,0.0,0.0,0.0,-7.672679220825428,0.0,0.0,0.0,8193.114027944233
bucket_2,16646.101606464803,8276.212280522039,-10.147675710747762,0.0,-17182.41,-1596.76,281.21616245983193,0.0,0.0,6414.212373735924
bucket_1,3558.557692855197,2891.853874882903,448.76767571074777,0.0,-729.04,-5088.907320779174,1803.8408815841601,0.0,0.0,2885.0728042538335
bucket_3,30.564975440000012,465.49309900000003,0.0,0.0,-520.01,-633.97,130.13295595600857,0.0,0.0,-527.7889696039913
