bucket,realized_pnl,unrealized_pnl,dividends,withholding_tax,pil_dividends,borrow_fees,short_credit_interest,other_fees,bond_interest,total_pnl
bucket_2,23266.84603595,16808.982027000002,-10.149999999999999,0.0,-17486.75,-1621.5200000000002,282.4451552847544,0.0,0.0,21239.853218234755
bucket_4,922.61986557,0.0,30.722916435186534,0.0,0.0,-8.1,0.0,0.0,0.0,945.2427820051867
bucket_3,-383.08518752000003,449.332903,0.0,0.0,-215.67000000000002,-608.3,128.90396313108613,0.0,0.0,-628.818321388914
bucket_1,-2648.5365728700003,1653.4111659999992,418.0470835648135,0.0,-729.04,-5089.39,1803.8408815841601,0.0,0.0,-4591.667441721026
