bucket,realized_pnl,unrealized_pnl,dividends,withholding_tax,pil_dividends,borrow_fees,short_credit_interest,other_fees,bond_interest,total_pnl
bucket_2,20376.342723756108,12979.808887824276,-4.5336641176538945,0.0,-17486.75,-1646.5323106675849,281.50734597716973,0.0,0.0,14499.842982772318
bucket_1,2460.0109382238907,2443.4786041757247,443.15366411765393,0.0,-706.03,-5217.217689332415,1805.2066937593704,0.0,0.0,1228.6022109442238
bucket_3,539.5346780499999,449.332903,0.0,0.0,-215.67000000000002,-615.77,128.47596026346034,0.0,0.0,285.9035413134602
