bucket,realized_pnl,unrealized_pnl,dividends,withholding_tax,pil_dividends,borrow_fees,short_credit_interest,other_fees,bond_interest,total_pnl
bucket_1,2942.971318320206,8662.84619191443,433.56029212144466,0.0,-706.03,-5137.56,1802.5966377624186,0.0,0.0,7998.384440118499
bucket_4,676.78988399,0.0,0.0,0.0,0.0,-5.4,0.0,0.0,0.0,671.38988399
bucket_3,30.564975440000012,465.49309900000003,0.0,0.0,-520.01,-633.97,131.56742262546817,0.0,0.0,-526.3545029345321
bucket_2,6299.747503209793,6406.632745085569,14.719707878555361,0.0,-13684.88,-1166.81,281.0259396121137,0.0,0.0,-1849.564104213968
