bucket,realized_pnl,unrealized_pnl,dividends,withholding_tax,pil_dividends,borrow_fees,short_credit_interest,other_fees,bond_interest,total_pnl
bucket_1,4790.778026443925,8122.254037522382,397.22847159293065,0.0,-729.04,-5244.16,1806.7505517135967,0.0,0.0,9143.811087272832
bucket_2,17736.705737776076,7489.149421477617,41.391528407069345,0.0,-17486.75,-1646.72,280.4472848755478,0.0,0.0,6414.223972536309
bucket_3,539.5346780499999,449.332903,0.0,0.0,-215.67000000000002,-615.77,127.99216341085578,0.0,0.0,285.41974446085555
