bucket,realized_pnl,unrealized_pnl,dividends,withholding_tax,pil_dividends,borrow_fees,short_credit_interest,other_fees,bond_interest,total_pnl
bucket_1,2756.881969724008,8966.120167980558,433.2468069758541,0.0,-706.03,-5150.66,1803.6147376352171,0.0,0.0,8103.173682315636
bucket_4,676.78988399,0.0,0.0,0.0,0.0,-5.4,0.0,0.0,0.0,671.38988399
bucket_3,30.564975440000012,465.49309900000003,0.0,0.0,-520.01,-633.97,131.24277179853047,0.0,0.0,-526.6791537614697
bucket_2,6485.8368518059915,6118.263292019443,15.033193024145902,0.0,-13684.88,-1172.47,280.33249056625266,0.0,0.0,-1957.8841725841667
