bucket,realized_pnl,unrealized_pnl,dividends,withholding_tax,pil_dividends,borrow_fees,short_credit_interest,other_fees,bond_interest,total_pnl
bucket_1,-1511.2082322402246,32596.707293098985,217.81905704258298,0.0,-733.2,-5063.22,1803.8408815841601,0.0,0.0,27310.738999485508
bucket_3,30.564975440000012,465.49309900000003,0.0,0.0,-520.01,-633.97,130.13295595600857,0.0,0.0,-527.7889696039913
bucket_4,967.4276788574705,-2971.3474648328515,30.722916435186534,0.0,0.0,-9.395678662546626,0.0,0.0,0.0,-1982.592548202741
bucket_2,21671.059717992754,-11179.126831266138,190.07802652223052,0.0,-17178.25,-1620.7243213374534,281.21616245983193,0.0,0.0,-7835.747245628775
