bucket,realized_pnl,unrealized_pnl,dividends,withholding_tax,pil_dividends,borrow_fees,short_credit_interest,other_fees,bond_interest,total_pnl
bucket_2,17852.491926191546,10878.782195458842,2.450000000000001,0.0,-17182.41,-1621.05,281.21616245983193,0.0,0.0,10211.480284110217
bucket_1,2443.448262854003,6614.955962845117,436.17,0.0,-729.04,-5063.785,1803.8408815841601,0.0,0.0,5505.590107283281
bucket_4,831.3389758444521,952.4948386960409,0.0,0.0,0.0,-8.505,0.0,0.0,0.0,1775.3288145404929
bucket_3,30.564975440000012,465.49309900000003,0.0,0.0,-520.01,-633.97,130.13295595600857,0.0,0.0,-527.7889696039913
