bucket,realized_pnl,unrealized_pnl,dividends,withholding_tax,pil_dividends,borrow_fees,short_credit_interest,other_fees,bond_interest,total_pnl
bucket_2,15283.4798696435,4153.7380382285655,-9.999999999999998,0.0,-10603.2,-818.84,139.69814656249798,0.0,0.0,8144.876054434563
bucket_4,866.9127216422119,1060.404990890713,0.0,0.0,0.0,-8.505,0.0,0.0,0.0,1918.812712532925
bucket_1,-183.00782814571193,-581.9160721192794,91.49000000000001,0.0,-50.4,-1985.695,684.590704814367,0.0,0.0,-2024.9381954506246
bucket_3,1.057084140000029,-2034.531987,0.0,0.0,-294.06,-101.41,48.35114862313509,0.0,0.0,-2380.593754236865
