bucket,realized_pnl,unrealized_pnl,dividends,withholding_tax,pil_dividends,borrow_fees,short_credit_interest,other_fees,bond_interest,total_pnl
bucket_2,15330.42096720497,6349.014383963644,-9.999999999999998,0.0,-10897.26,-862.9023106675847,142.17019676118034,0.0,0.0,10051.443237262209
bucket_3,510.02678675,-2037.13155,0.0,0.0,0.0,-84.17999999999999,48.067645007733574,0.0,0.0,-1563.2171182422667
bucket_1,127.99409161502979,-2213.5777489636457,91.49000000000001,0.0,-50.4,-1981.4976893324153,682.4021582310861,0.0,0.0,-3343.5891884499447
