bucket,realized_pnl,unrealized_pnl,dividends,withholding_tax,pil_dividends,borrow_fees,short_credit_interest,other_fees,bond_interest,total_pnl
bucket_1,-1332.4502371784083,17848.30155162314,37.33587860474861,0.0,-50.4,-1984.788018860595,684.590704814367,0.0,0.0,15202.58987900325
bucket_4,901.4309537614506,-974.6601238175167,0.0,0.0,0.0,-9.396472713740526,0.0,0.0,0.0,-82.62564276980659
bucket_3,1.057084140000029,-2034.531987,0.0,0.0,-294.06,-101.41,48.35114862313509,0.0,0.0,-2380.593754236865
bucket_2,16398.404045966956,-12241.414470805623,44.154121395251394,0.0,-10603.2,-818.8555084256644,139.69814656249798,0.0,0.0,-7081.213665306581
