bucket,realized_pnl,unrealized_pnl,dividends,withholding_tax,pil_dividends,borrow_fees,short_credit_interest,other_fees,bond_interest,total_pnl
bucket_2,15246.83481200469,6765.413590200475,-9.999999999999998,0.0,-10603.2,-818.84,139.69814656249798,0.0,0.0,10719.906548767662
bucket_4,922.61986557,0.0,0.0,0.0,0.0,-8.505,0.0,0.0,0.0,914.1148655700001
bucket_3,1.057084140000029,-2034.531987,0.0,0.0,-294.06,-101.41,48.35114862313509,0.0,0.0,-2380.593754236865
bucket_1,-202.0699144346534,-2133.1866332004765,91.49000000000001,0.0,-50.4,-1985.695,684.590704814367,0.0,0.0,-3595.2708428207625
