bucket,realized_pnl,unrealized_pnl,dividends,withholding_tax,pil_dividends,borrow_fees,short_credit_interest,other_fees,bond_interest,total_pnl
bucket_1,-1608.605133677851,3584.381405635159,91.49000000000001,0.0,-50.4,-1976.91,688.5113323396862,0.0,0.0,728.4676042969934
bucket_4,676.78988399,0.0,0.0,0.0,0.0,-5.4,0.0,0.0,0.0,671.38988399
bucket_3,1.057084140000029,-2034.531987,0.0,0.0,-294.06,-101.41,48.73931666596861,0.0,0.0,-2380.2055861940316
bucket_2,4490.86286380785,-708.8958086351599,-0.34,0.0,-7379.4,-516.87,135.38935099434514,0.0,0.0,-3979.2535938329643
