bucket,realized_pnl,unrealized_pnl,dividends,withholding_tax,pil_dividends,borrow_fees,short_credit_interest,other_fees,bond_interest,total_pnl
bucket_1,502.2425492799991,39795.223032,0.0,0.0,-50.4,-1968.1270653410106,682.1122063152486,0.0,0.0,38961.05072225424
bucket_4,676.78988399,0.0,0.0,0.0,0.0,-7.2364833747396515,0.0,0.0,0.0,669.5534006152604
bucket_3,1.057084140000029,-2034.531987,0.0,0.0,-294.06,-101.41,48.981453103606796,0.0,0.0,-2379.9634497563934
bucket_2,14061.07010287,-36070.43347,81.49000000000001,0.0,-10603.2,-813.3464512842497,141.5463405811446,0.0,0.0,-33202.873477833105
