bucket,realized_pnl,unrealized_pnl,dividends,withholding_tax,pil_dividends,borrow_fees,short_credit_interest,other_fees,bond_interest,total_pnl
bucket_2,17656.28219818,10889.866984,-9.999999999999998,0.0,-10897.26,-842.63,139.89171668868636,0.0,0.0,16936.150898868687
bucket_4,922.61986557,0.0,0.0,0.0,0.0,-8.1,0.0,0.0,0.0,914.5198655700001
bucket_3,-412.59307882,-2037.13155,0.0,0.0,0.0,-76.71,48.15757849694672,0.0,0.0,-2478.2770503230536
bucket_1,-2197.8671378500003,-6255.040464000001,91.49000000000001,0.0,-50.4,-1987.01,684.590704814367,0.0,0.0,-9714.236897035635
