bucket,realized_pnl,unrealized_pnl,dividends,withholding_tax,pil_dividends,borrow_fees,short_credit_interest,other_fees,bond_interest,total_pnl
bucket_1,-1453.528404372018,3485.218091553816,91.49000000000001,0.0,-50.4,-1979.69,688.1877240087954,0.0,0.0,781.2774111905926
bucket_4,676.78988399,0.0,0.0,0.0,0.0,-5.4,0.0,0.0,0.0,671.38988399
bucket_3,1.057084140000029,-2034.531987,0.0,0.0,-294.06,-101.41,48.824976596686916,0.0,0.0,-2380.119926263313
bucket_2,4335.786134502017,-611.7768855538171,-0.34,0.0,-7379.4,-511.21,135.6272993945177,0.0,0.0,-4031.313451657282
