bucket,realized_pnl,unrealized_pnl,dividends,withholding_tax,pil_dividends,borrow_fees,short_credit_interest,other_fees,bond_interest,total_pnl
bucket_1,9844.61372989113,-2221.446260123222,91.49000000000001,0.0,-2635.5520134220756,-2228.9962389894945,685.778473548355,0.0,0.0,3535.8876909046935
bucket_2,5613.801328928868,6288.72486312322,-10.0,0.0,-8312.107986577925,-620.1237610105057,139.01492839185534,0.0,0.0,3099.309372855513
bucket_3,510.02678675,-2037.13155,0.0,0.0,0.0,-84.17999999999999,47.84659805978964,0.0,0.0,-1563.4381651902106
