bucket,realized_pnl,unrealized_pnl,dividends,withholding_tax,pil_dividends,borrow_fees,short_credit_interest,other_fees,bond_interest,total_pnl
bucket_2,15364.935407491093,3948.3014275731625,-9.999999999999998,0.0,-10603.2,-818.84,139.69814656249798,0.0,0.0,8020.894981626753
bucket_4,922.61986557,3428.962003972947,0.0,0.0,0.0,-276.78209518348626,20.499060619844364,0.0,0.0,4095.298834979305
bucket_3,1.057084140000029,-2034.531987,0.0,0.0,-294.06,-101.41,48.35114862313509,0.0,0.0,-2380.593754236865
bucket_1,-320.1705090410931,-2745.036474546111,91.49000000000001,0.0,-50.4,-1717.4179048165138,664.0916441945226,0.0,0.0,-4077.4432442091957
