bucket,realized_pnl,unrealized_pnl,dividends,withholding_tax,pil_dividends,borrow_fees,short_credit_interest,other_fees,bond_interest,total_pnl
bucket_1,784.6753523892698,10388.988552854047,64.2504823364875,0.0,-50.4,-1981.45,682.4021582310861,0.0,0.0,9888.46654581089
bucket_3,510.02678675,-2037.13155,0.0,0.0,0.0,-84.17999999999999,48.067645007733574,0.0,0.0,-1563.2171182422667
bucket_2,14673.73970643073,-6253.551917854049,17.239517663512512,0.0,-10897.26,-862.95,142.17019676118034,0.0,0.0,-3180.6124969986267
