bucket,realized_pnl,unrealized_pnl,dividends,withholding_tax,pil_dividends,borrow_fees,short_credit_interest,other_fees,bond_interest,total_pnl
bucket_2,15365.923748873409,639.5121993656575,-9.999999999999998,0.0,-10603.2,-818.84,139.69814656249798,0.0,0.0,4713.094094801564
bucket_1,-321.1588516334097,3992.7147576343423,91.49000000000001,0.0,-50.4,-1985.695,684.590704814367,0.0,0.0,2411.5416108152995
bucket_4,922.61986557,0.0,0.0,0.0,0.0,-8.505,0.0,0.0,0.0,914.1148655700001
bucket_3,1.057084140000029,-2034.531987,0.0,0.0,-294.06,-101.41,48.35114862313509,0.0,0.0,-2380.593754236865
