bucket,realized_pnl,unrealized_pnl,dividends,withholding_tax,pil_dividends,borrow_fees,short_credit_interest,other_fees,bond_interest,total_pnl
bucket_1,512.4383883832068,8311.052242536656,211.7524277440928,0.0,-61.04,-3316.215,676.7226359316027,0.0,0.0,6334.710694595559
bucket_2,15183.470619611371,5954.936124264132,30.49757225590718,0.0,-14023.07,-1084.41,136.3060377722507,0.0,0.0,6197.730353903662
bucket_4,830.8843846154209,1144.9966701992116,0.0,0.0,0.0,-8.505,0.0,0.0,0.0,1967.3760548146327
bucket_3,13.64857414000005,-8448.121987,0.0,0.0,-298.03000000000003,-319.46,59.611326296146615,0.0,0.0,-8992.352086563853
