bucket,realized_pnl,unrealized_pnl,dividends,withholding_tax,pil_dividends,borrow_fees,short_credit_interest,other_fees,bond_interest,total_pnl
bucket_1,110.63272257965522,41491.00992194447,95.54364474971672,0.0,-65.2,-3291.3380668941218,674.24095772668,0.0,0.0,39014.889180106395
bucket_4,854.1667445046311,-2453.233664272485,0.0,0.0,1.3978113289303808,-9.396191494274051,0.0,0.0,0.0,-1607.0652999331974
bucket_3,13.64857414000005,-8448.121987,0.0,0.0,-298.03000000000003,-319.46,59.611326296146615,0.0,0.0,-8992.352086563853
bucket_2,15561.993922345713,-23626.79122067198,146.7063552502833,0.0,-14020.30781132893,-1108.3957416116045,138.78771597717338,0.0,0.0,-22908.006780039348
