bucket,realized_pnl,unrealized_pnl,dividends,withholding_tax,pil_dividends,borrow_fees,short_credit_interest,other_fees,bond_interest,total_pnl
bucket_2,14259.159294416095,11378.552378564062,-1.4972278860460566,0.0,-14320.32983200007,-1133.1123106675848,137.13809452598318,0.0,0.0,10319.910396952439
bucket_1,2010.643626953905,2068.6226624359388,243.74722788604606,0.0,-61.8101679999296,-3377.417689332415,677.0837820945743,0.0,0.0,1560.8694420381191
bucket_3,522.61827675,-8463.612177,0.0,0.0,0.0,-302.01,58.41812337944259,0.0,0.0,-8184.585776870557
