bucket,realized_pnl,unrealized_pnl,dividends,withholding_tax,pil_dividends,borrow_fees,short_credit_interest,other_fees,bond_interest,total_pnl
bucket_1,2468.3485811841147,19986.755854885174,207.55026308318816,0.0,-61.04,-3377.37,677.0837820945743,0.0,0.0,19901.328481247052
bucket_2,13801.454340185885,-6539.5808138851735,34.69973691681186,0.0,-14321.1,-1133.16,137.13809452598318,0.0,0.0,-8020.548642256493
bucket_3,522.61827675,-8463.612177,0.0,0.0,0.0,-302.01,58.41812337944259,0.0,0.0,-8184.585776870557
