bucket,realized_pnl,unrealized_pnl,dividends,withholding_tax,pil_dividends,borrow_fees,short_credit_interest,other_fees,bond_interest,total_pnl
bucket_1,9775.073449599822,2081.2507424750697,243.72772258024048,0.0,-2618.1211469678465,-3462.358576233936,676.8031561344806,0.0,0.0,6696.37534758783
bucket_2,6185.859574010177,11535.516903524931,-1.4777225802404788,0.0,-11764.018853032154,-1063.3014237660639,137.67407871071453,0.0,0.0,5030.2525568673655
bucket_3,522.61827675,-8463.612177,0.0,0.0,0.0,-302.01,58.1627651548049,0.0,0.0,-8184.841135095195
