bucket,realized_pnl,unrealized_pnl,dividends,withholding_tax,pil_dividends,borrow_fees,short_credit_interest,other_fees,bond_interest,total_pnl
bucket_1,9775.25339941994,2081.1801286560462,243.72253774975354,0.0,-2618.0970862319564,-3462.3523750627123,676.8031561344806,0.0,0.0,6696.50976066555
bucket_2,6185.67962419006,11535.587517343953,-1.4725377497535357,0.0,-11764.042913768042,-1063.3076249372878,137.67407871071453,0.0,0.0,5030.118143789644
bucket_3,522.61827675,-8463.612177,0.0,0.0,0.0,-302.01,58.1627651548049,0.0,0.0,-8184.841135095195
