bucket,realized_pnl,unrealized_pnl,dividends,withholding_tax,pil_dividends,borrow_fees,short_credit_interest,other_fees,bond_interest,total_pnl
bucket_1,1899.7136988299999,85765.948682,0.0,0.0,-61.64736776611604,-3322.0270653410107,674.1480656115938,0.0,0.0,84956.13601333447
bucket_4,676.78988399,0.0,0.0,0.0,0.0,-7.2364833747396515,0.0,0.0,0.0,669.5534006152604
bucket_3,13.64857414000005,-8448.121987,0.0,0.0,-298.03000000000003,-319.46,60.394684893013256,0.0,0.0,-8991.568727966987
bucket_2,13511.18289542,-72434.495691,242.25,0.0,-14022.462632233885,-1077.7664512842498,138.09724949539304,0.0,0.0,-73643.19462960275
