bucket,realized_pnl,unrealized_pnl,dividends,withholding_tax,pil_dividends,borrow_fees,short_credit_interest,other_fees,bond_interest,total_pnl
bucket_1,-1321.7784068428969,10598.942919836587,243.62697062097521,0.0,-61.04,-3355.34,680.7258890823811,0.0,0.0,6785.137372697045
bucket_4,676.78988399,0.0,0.0,0.0,0.0,-5.4,0.0,0.0,0.0,671.38988399
bucket_2,5051.620078772897,1464.7742111634125,8.283029379024791,0.0,-10635.960000000001,-737.3800000000001,131.99237476384098,0.0,0.0,-4716.670305920825
bucket_3,13.64857414000005,-8448.121987,0.0,0.0,-298.03000000000003,-319.46,59.92173615377814,0.0,0.0,-8992.041676706223
