bucket,realized_pnl,unrealized_pnl,dividends,withholding_tax,pil_dividends,borrow_fees,short_credit_interest,other_fees,bond_interest,total_pnl
bucket_1,9775.170631754687,2078.6313417142264,243.72729195919095,0.0,-2618.1225639216614,-3462.357568524567,676.8031561344806,0.0,0.0,6693.852289116356
bucket_2,6185.762391855313,11538.136304285774,-1.4772919591909277,0.0,-11764.017436078339,-1063.302431475433,137.67407871071453,0.0,0.0,5032.77561533884
bucket_3,522.61827675,-8463.612177,0.0,0.0,0.0,-302.01,58.1627651548049,0.0,0.0,-8184.841135095195
