bucket,realized_pnl,unrealized_pnl,dividends,withholding_tax,pil_dividends,borrow_fees,short_credit_interest,other_fees,bond_interest,total_pnl
bucket_2,15152.126140194323,8773.073492971713,-10.149999999999999,0.0,-14023.07,-1084.41,136.3060377722507,0.0,0.0,8943.875670938285
bucket_1,452.0473868456771,6637.911544028285,252.40000000000003,0.0,-61.04,-3316.215,676.7226359316027,0.0,0.0,4641.826566805567
bucket_4,922.61986557,0.0,0.0,0.0,0.0,-8.505,0.0,0.0,0.0,914.1148655700001
bucket_3,13.64857414000005,-8448.121987,0.0,0.0,-298.03000000000003,-319.46,59.611326296146615,0.0,0.0,-8992.352086563853
