bucket,realized_pnl,unrealized_pnl,dividends,withholding_tax,pil_dividends,borrow_fees,short_credit_interest,other_fees,bond_interest,total_pnl
bucket_2,17559.054623930002,18070.71339,-10.149999999999999,0.0,-14321.1,-1108.42,136.65000937098128,0.0,0.0,20326.74802330098
bucket_4,922.61986557,0.0,0.0,0.0,0.0,-8.1,0.0,0.0,0.0,914.5198655700001
bucket_1,-1541.2309350700007,-2644.2381630000014,252.40000000000003,0.0,-61.04,-3317.53,676.7226359316027,0.0,0.0,-6634.916462138395
bucket_3,-400.00158882,-8463.612177,0.0,0.0,0.0,-294.53999999999996,59.267354697416046,0.0,0.0,-9098.886411122585
