bucket,realized_pnl,unrealized_pnl,dividends,withholding_tax,pil_dividends,borrow_fees,short_credit_interest,other_fees,bond_interest,total_pnl
bucket_4,922.61986557,8049.69805508159,0.0,0.0,0.0,-7.565793211016541,0.0,0.0,0.0,8964.752127440574
bucket_2,13722.917813735336,5324.127063036996,-10.149999999999999,0.0,-14023.07,-1084.41,136.3060377722507,0.0,0.0,4065.720914544582
bucket_1,1881.2557133046644,2037.1599188814128,252.40000000000003,0.0,-61.04,-3317.1542067889836,676.7226359316027,0.0,0.0,1469.3440613286984
bucket_3,13.64857414000005,-8448.121987,0.0,0.0,-298.03000000000003,-319.46,59.611326296146615,0.0,0.0,-8992.352086563853
