bucket,realized_pnl,unrealized_pnl,dividends,withholding_tax,pil_dividends,borrow_fees,short_credit_interest,other_fees,bond_interest,total_pnl
bucket_1,381.06739711871836,13403.44855171852,211.7524277440928,0.0,-61.04,-3316.215,676.7226359316027,0.0,0.0,11295.736012512936
bucket_2,15265.91449884128,2007.5364852814785,30.49757225590718,0.0,-14023.07,-1084.41,136.3060377722507,0.0,0.0,2332.7745941509174
bucket_4,879.8114963200001,0.0,0.0,0.0,0.0,-8.505,0.0,0.0,0.0,871.3064963200001
bucket_3,13.64857414000005,-8448.121987,0.0,0.0,-298.03000000000003,-319.46,59.611326296146615,0.0,0.0,-8992.352086563853
