bucket,realized_pnl,unrealized_pnl,dividends,withholding_tax,pil_dividends,borrow_fees,short_credit_interest,other_fees,bond_interest,total_pnl
bucket_1,-1131.5792559031663,10135.78430623795,243.65628981222494,0.0,-61.04,-3349.55,680.0937044962266,0.0,0.0,6517.365044643237
bucket_4,676.78988399,0.0,0.0,0.0,0.0,-5.4,0.0,0.0,0.0,671.38988399
bucket_2,4861.420927833166,1912.4354527620494,8.253710187775074,0.0,-10635.960000000001,-731.72,132.42717106108373,0.0,0.0,-4453.142738155925
bucket_3,13.64857414000005,-8448.121987,0.0,0.0,-298.03000000000003,-319.46,60.11912444268979,0.0,0.0,-8991.844288417311
