bucket,realized_pnl,unrealized_pnl,dividends,withholding_tax,pil_dividends,borrow_fees,short_credit_interest,other_fees,bond_interest,total_pnl
bucket_2,23145.23085545,24357.226728,-10.149999999999999,0.0,-27829.05,-2758.67,701.3576515046813,0.0,0.0,17605.945234954677
bucket_1,1422.9728492799982,20855.205194,615.0864975846621,-10.739999999999998,-722.79,-12428.58,3912.488063312412,-0.25,0.0,13643.392604177083
bucket_3,-383.08518752000003,11234.865386,0.0,0.0,-215.67000000000002,-1166.12,147.08428518290765,0.0,0.0,9617.074483662907
bucket_4,676.78988399,0.0,30.72350241533791,0.0,0.0,-6.03,0.0,0.0,0.0,701.4833864053379
