bucket,realized_pnl,unrealized_pnl,dividends,withholding_tax,pil_dividends,borrow_fees,short_credit_interest,other_fees,bond_interest,total_pnl
bucket_2,20135.47550049482,37581.107786486704,10.579054704263141,0.0,-27496.3,-2722.71,698.4856729418505,0.0,0.0,28206.638014627635
bucket_3,30.564975440000012,11235.970768000001,0.0,0.0,-548.42,-1202.08,149.9562637457385,0.0,0.0,9665.99200718574
bucket_1,4019.0780371851765,7630.218753513294,625.0809452957369,-10.739999999999998,-722.79,-12428.175,3912.488063312412,-0.25,0.0,3024.91079930663
bucket_4,676.78988399,0.0,0.0,0.0,0.0,-6.4350000000000005,0.0,0.0,0.0,670.3548839900001
