bucket,realized_pnl,unrealized_pnl,dividends,withholding_tax,pil_dividends,borrow_fees,short_credit_interest,other_fees,bond_interest,total_pnl
bucket_2,21090.836169961825,37141.4380614208,23.176491228070176,0.0,-27397.06,-2711.12,704.8724190474552,0.0,0.0,28852.143141658147
bucket_3,30.564975440000012,11235.970768000001,0.0,0.0,-548.42,-1202.08,151.32741940517445,0.0,0.0,9667.363162845175
bucket_1,2557.970724468175,7264.878504579197,612.4835087719298,-10.739999999999998,-722.79,-12257.475,3904.7301615473707,-0.25,0.0,1348.8078993666677
bucket_4,291.52393533000003,0.0,0.0,0.0,0.0,-5.415,0.0,0.0,0.0,286.10893533
