bucket,realized_pnl,unrealized_pnl,dividends,withholding_tax,pil_dividends,borrow_fees,short_credit_interest,other_fees,bond_interest,total_pnl
bucket_2,20134.027885914493,37581.11502492862,10.579119953329917,0.0,-27496.3,-2722.71,698.4856729418505,0.0,0.0,28205.197703738297
bucket_3,30.564975440000012,11235.970768000001,0.0,0.0,-548.42,-1202.08,149.9562637457385,0.0,0.0,9665.99200718574
bucket_1,4020.5256517655066,7630.211515071376,625.0808800466701,-10.739999999999998,-722.79,-12428.175,3912.488063312412,-0.25,0.0,3026.351110195972
bucket_4,676.78988399,0.0,0.0,0.0,0.0,-6.4350000000000005,0.0,0.0,0.0,670.3548839900001
