bucket,realized_pnl,unrealized_pnl,dividends,withholding_tax,pil_dividends,borrow_fees,short_credit_interest,other_fees,bond_interest,total_pnl
bucket_2,41239.24434114,269168.431927,473.05325356218196,-10.739999999999998,-27465.92,-2724.4062656819933,690.9405475426153,0.0,0.0,281370.6038035628
bucket_3,30.564975440000012,11235.970768000001,0.0,0.0,-548.42,-1202.08,148.33641833130497,0.0,0.0,9664.372161771305
bucket_4,676.78988399,0.0,30.727198345167704,0.0,0.0,-6.906358781473816,0.0,0.0,0.0,700.6107235536939
bucket_1,-13205.477708970002,-227536.08222,131.87954809265034,0.0,-753.17,-12775.267375536534,3921.65303412608,-0.25,0.0,-250216.71472228778
