bucket,realized_pnl,unrealized_pnl,dividends,withholding_tax,pil_dividends,borrow_fees,short_credit_interest,other_fees,bond_interest,total_pnl
bucket_2,39980.79578691552,101604.53720241414,243.45451502367393,-8.552945583278433,-27492.14,-2725.774076617251,698.4856729418505,0.0,0.0,112300.80615509464
bucket_3,30.564975440000012,11235.970768000001,0.0,0.0,-548.42,-1202.08,149.9562637457385,0.0,0.0,9665.99200718574
bucket_4,528.7882629606466,0.0,30.739033648702016,0.0,0.0,-6.906659739650117,0.0,0.0,0.0,552.6206368696985
bucket_1,-15678.240627516168,-56393.21066241413,361.4664513276241,-2.187054416721567,-726.95,-12424.6392636431,3912.488063312412,-0.25,0.0,-80951.52309335009
