bucket,realized_pnl,unrealized_pnl,dividends,withholding_tax,pil_dividends,borrow_fees,short_credit_interest,other_fees,bond_interest,total_pnl
bucket_2,8967.340771273468,29502.217702164056,57.47672919900299,-2.4669046418798057,-23904.34,-2308.9718973980357,687.5094438938577,0.0,0.0,12998.76584449047
bucket_1,5783.4754659665305,14079.938508835945,587.8432708009971,-8.273095358120194,-722.79,-12818.948102601964,3924.9590864369593,-0.25,0.0,10825.95513408034
bucket_3,30.564975440000012,11235.970768000001,0.0,0.0,-548.42,-1202.08,148.4614696691832,0.0,0.0,9664.497213109184
bucket_4,676.78988399,0.0,0.0,0.0,0.0,-5.4,0.0,0.0,0.0,671.38988399
