bucket,realized_pnl,unrealized_pnl,dividends,withholding_tax,pil_dividends,borrow_fees,short_credit_interest,other_fees,bond_interest,total_pnl
bucket_1,2938.76572873369,7699.245838186639,471.11839887804064,-7.89,-706.03,-5886.69,1830.0723271005124,0.0,0.0,6338.592292898882
bucket_3,30.564975440000012,2057.277513,0.0,0.0,-520.01,-731.0799999999999,121.11340028641239,0.0,0.0,957.8658887264123
bucket_2,6303.95309279631,9132.273074813362,14.72160112195938,0.0,-13684.88,-1265.6100000000001,264.0042726130757,0.0,0.0,764.4620413447074
bucket_4,676.78988399,0.0,0.0,0.0,0.0,-5.4,0.0,0.0,0.0,671.38988399
