bucket,realized_pnl,unrealized_pnl,dividends,withholding_tax,pil_dividends,borrow_fees,short_credit_interest,other_fees,bond_interest,total_pnl
bucket_1,5018.67065534739,13942.002910353638,415.83025518675714,-4.492937900543641,-706.03,-5979.68,1832.4276516868974,0.0,0.0,14518.72853467414
bucket_2,17817.68300663261,3225.1337416463616,60.349744813242886,-3.3970620994563587,-17498.71,-1747.29,264.6799491827879,0.0,0.0,2118.4493801755475
bucket_3,539.5346780499999,2041.0381329999998,0.0,0.0,-215.67000000000002,-712.64,118.08239913031464,0.0,0.0,1770.3452101803148
