bucket,realized_pnl,unrealized_pnl,dividends,withholding_tax,pil_dividends,borrow_fees,short_credit_interest,other_fees,bond_interest,total_pnl
bucket_2,17850.697778078862,12943.126058348309,2.450000000000001,0.0,-17194.37,-1721.52,265.2281620498125,0.0,0.0,12145.611998476985
bucket_1,2443.7100970228234,6451.077387279245,473.73,-7.89,-729.04,-5818.605,1829.7108466799666,0.0,0.0,4642.693330982034
bucket_4,832.8712893983158,775.549527372445,0.0,0.0,0.0,-8.505,0.0,0.0,0.0,1599.9158167707608
bucket_3,30.564975440000012,2057.277513,0.0,0.0,-520.01,-731.0799999999999,120.25099127022072,0.0,0.0,957.0034797102212
