bucket,realized_pnl,unrealized_pnl,dividends,withholding_tax,pil_dividends,borrow_fees,short_credit_interest,other_fees,bond_interest,total_pnl
bucket_2,16533.762429439226,14437.985488110857,-10.147398495127774,0.0,-17194.37,-1697.23,265.2281620498125,0.0,0.0,12335.228681104769
bucket_1,3670.8968694907744,5731.767484889139,486.3273984951278,-7.89,-729.04,-5842.895,1829.7108466799666,0.0,0.0,5138.877599555011
bucket_3,30.564975440000012,2057.277513,0.0,0.0,-520.01,-731.0799999999999,120.25099127022072,0.0,0.0,957.0034797102212
bucket_4,922.61986557,0.0,0.0,0.0,0.0,-8.505,0.0,0.0,0.0,914.1148655700001
