bucket,realized_pnl,unrealized_pnl,dividends,withholding_tax,pil_dividends,borrow_fees,short_credit_interest,other_fees,bond_interest,total_pnl
bucket_1,3558.3934504085933,11353.474145364202,486.3273984951278,-7.89,-729.04,-5843.684002969106,1829.7108466799666,0.0,0.0,10647.291837978784
bucket_2,16646.265848521405,10606.460906148666,-10.147398495127774,0.0,-17194.37,-1697.23,265.2281620498125,0.0,0.0,8616.207518224757
bucket_3,30.564975440000012,2057.277513,0.0,0.0,-520.01,-731.0799999999999,120.25099127022072,0.0,0.0,957.0034797102212
bucket_4,922.61986557,-1790.1820785128666,0.0,0.0,0.0,-7.715997030893992,0.0,0.0,0.0,-875.2782099737603
