bucket,realized_pnl,unrealized_pnl,dividends,withholding_tax,pil_dividends,borrow_fees,short_credit_interest,other_fees,bond_interest,total_pnl
bucket_2,23266.84603595,16914.211189999998,-10.149999999999999,0.0,-17498.71,-1722.23,266.5586183213358,0.0,0.0,21216.525844271335
bucket_4,922.61986557,0.0,30.725202834433304,0.0,0.0,-8.1,0.0,0.0,0.0,945.2450684044334
bucket_3,-383.08518752000003,2041.0381329999998,0.0,0.0,-215.67000000000002,-705.1700000000001,118.92053499869742,0.0,0.0,856.0334804786976
bucket_1,-2648.5365728700003,3271.781162999998,455.6047971655667,-7.89,-729.04,-5844.21,1829.7108466799666,0.0,0.0,-3672.579766024469
