bucket,realized_pnl,unrealized_pnl,dividends,withholding_tax,pil_dividends,borrow_fees,short_credit_interest,other_fees,bond_interest,total_pnl
bucket_2,17742.68762128456,10085.081060787226,64.77797019890176,-3.18640242735737,-17498.71,-1747.43,264.6799491827879,0.0,0.0,8907.900199026122
bucket_1,4784.796142935438,7295.481558212774,411.40202980109825,-4.70359757264263,-729.04,-6010.55,1832.4276516868974,0.0,0.0,7579.813785063566
bucket_3,539.5346780499999,2041.0381329999998,0.0,0.0,-215.67000000000002,-712.64,118.08239913031464,0.0,0.0,1770.3452101803148
