bucket,realized_pnl,unrealized_pnl,dividends,withholding_tax,pil_dividends,borrow_fees,short_credit_interest,other_fees,bond_interest,total_pnl
bucket_2,20373.60589500624,14567.77194541617,-4.61092849628214,0.0,-17498.71,-1747.2423106675847,264.6799491827879,0.0,0.0,15955.494550441332
bucket_3,539.5346780499999,2041.0381329999998,0.0,0.0,-215.67000000000002,-712.64,118.08239913031464,0.0,0.0,1770.3452101803148
bucket_1,2462.747766973761,2599.3647065838295,480.79092849628216,-7.89,-706.03,-5979.727689332415,1832.4276516868974,0.0,0.0,681.6833644083551
