bucket,realized_pnl,unrealized_pnl,dividends,withholding_tax,pil_dividends,borrow_fees,short_credit_interest,other_fees,bond_interest,total_pnl
bucket_1,2752.696212814094,7815.348834085443,470.8059014653938,-7.89,-706.03,-5900.76,1830.999866554233,0.0,0.0,6255.170814919161
bucket_3,30.564975440000012,2057.277513,0.0,0.0,-520.01,-731.0799999999999,120.8217038386899,0.0,0.0,957.5741922786899
bucket_2,6490.022608715905,9040.444601914558,15.034098534606224,0.0,-13684.88,-1271.27,263.36842960707736,0.0,0.0,852.7197387721476
bucket_4,676.78988399,0.0,0.0,0.0,0.0,-5.4,0.0,0.0,0.0,671.38988399
