bucket,realized_pnl,unrealized_pnl,dividends,withholding_tax,pil_dividends,borrow_fees,short_credit_interest,other_fees,bond_interest,total_pnl
bucket_1,-1511.55177960588,16132.291606690573,220.9351856263562,-0.668421926910299,-733.2,-5818.04,1829.7108466799666,0.0,0.0,10119.477437464106
bucket_2,21672.192878923393,4481.366998675823,224.51961153921053,-7.2215780730897015,-17190.21,-1721.2520872745986,265.2281620498125,0.0,0.0,7724.62398584055
bucket_3,30.564975440000012,2057.277513,0.0,0.0,-520.01,-731.0799999999999,120.25099127022072,0.0,0.0,957.0034797102212
bucket_4,966.6380652924873,-443.9056323663957,30.725202834433304,0.0,0.0,-9.33791272540134,0.0,0.0,0.0,544.1197230351237
