bucket,realized_pnl,unrealized_pnl,dividends,withholding_tax,pil_dividends,borrow_fees,short_credit_interest,other_fees,bond_interest,total_pnl
bucket_2,17973.42328145,22490.647517,409.92,-7.89,-17163.989999999998,-1692.7838271937444,268.7312565192613,0.0,0.0,22278.058227775517
bucket_3,30.564975440000012,2057.277513,0.0,0.0,-520.01,-731.0799999999999,121.83924863779743,0.0,0.0,958.5917370777979
bucket_4,676.78988399,0.0,30.727198389154424,0.0,0.0,-7.2364833747396515,0.0,0.0,0.0,700.2805990044149
bucket_1,4004.02405341,-5784.53417,35.53280161084558,0.0,-736.41,-5838.409689431516,1824.6194948429418,0.0,0.0,-6495.1775095677285
