bucket,realized_pnl,unrealized_pnl,dividends,withholding_tax,pil_dividends,borrow_fees,short_credit_interest,other_fees,bond_interest,total_pnl
bucket_2,17933.14165730877,10929.438269591345,2.450000000000001,0.0,-17194.37,-1721.52,265.2281620498125,0.0,0.0,10214.368088949928
bucket_1,2314.3260105412296,9240.314703408656,473.73,-7.89,-729.04,-5818.605,1829.7108466799666,0.0,0.0,7302.546560629852
bucket_3,30.564975440000012,2057.277513,0.0,0.0,-520.01,-731.0799999999999,120.25099127022072,0.0,0.0,957.0034797102212
bucket_4,879.8114963200001,0.0,0.0,0.0,0.0,-8.505,0.0,0.0,0.0,871.3064963200001
