bucket,realized_pnl,unrealized_pnl,dividends,withholding_tax,pil_dividends,borrow_fees,short_credit_interest,other_fees,bond_interest,total_pnl
bucket_2,20541.70520330145,43234.33322524642,1.3407469051169443,0.0,-36914.78,-3905.7346545256414,2663.5965689819304,0.0,0.0,25620.46108990927
bucket_1,-14411.339192110676,50533.45394003883,645.6565318322539,-15.7,-722.79,-16511.22867295149,1833.2331886007883,-1.82,0.0,21349.46579540971
bucket_3,30.564975440000012,9617.705093999999,0.0,0.0,-565.99,-1388.4299999999998,111.23333056871871,0.0,0.0,7805.083400008718
bucket_4,3356.7636296392266,1337.992248714753,30.732721262629198,0.0,0.0,-332.7866725228697,152.8669118485628,0.0,0.0,4545.568838942301
