bucket,realized_pnl,unrealized_pnl,dividends,withholding_tax,pil_dividends,borrow_fees,short_credit_interest,other_fees,bond_interest,total_pnl
bucket_1,-14038.20018458,65105.581663,658.7364975846621,-15.7,-722.79,-16512.54,1833.2331886007883,-1.82,0.0,36306.50116460544
bucket_2,23262.190103189998,34088.214201,-11.729999999999999,0.0,-37265.1,-3948.84,2665.617461221833,0.0,0.0,18790.351765411833
bucket_3,-383.08518752000003,9615.459716,0.0,0.0,-215.67000000000002,-1344.8899999999999,109.21243832881588,0.0,0.0,7781.026966808815
bucket_4,676.78988399,-4085.771072,30.72350241533791,0.0,0.0,-331.91,152.8669118485628,0.0,0.0,-3557.3007737460994
