bucket,realized_pnl,unrealized_pnl,dividends,withholding_tax,pil_dividends,borrow_fees,short_credit_interest,other_fees,bond_interest,total_pnl
bucket_2,96269.54598116555,45636.49918770207,1.3344641696335522,0.0,-37265.1,-3949.2744807491376,2665.617461221833,0.0,0.0,103358.62261350994
bucket_3,-383.08518752000003,9615.459716,0.0,0.0,-215.67000000000002,-1344.8899999999999,109.21243832881588,0.0,0.0,7781.026966808815
bucket_4,584.55806899,-4085.771072,30.728991929222406,0.0,0.0,-332.78670112186154,152.8669118485628,0.0,0.0,-3650.4038003540763
bucket_1,-86953.32424328555,53557.29667629793,645.666543901144,-15.7,-722.79,-16511.228818129002,1833.2331886007883,-1.82,0.0,-48168.66665261471
