bucket,realized_pnl,unrealized_pnl,dividends,withholding_tax,pil_dividends,borrow_fees,short_credit_interest,other_fees,bond_interest,total_pnl
bucket_1,-18502.127962000814,62253.984119224384,637.1235087719298,-12.85,-722.79,-16273.385,1834.25734410817,-1.225493862141246,0.0,29212.98651624153
bucket_2,27298.09408210342,35190.79062477561,40.606491228070176,-2.85,-36815.54,-3918.0000000000005,2681.961976043083,-0.5945061378587542,0.0,24474.468668012327
bucket_3,30.564975440000012,9617.705093999999,0.0,0.0,-565.99,-1388.4299999999998,112.00028057100195,0.0,0.0,7805.850350011
bucket_4,215.36403994738686,-5531.136774,0.0,0.0,0.0,-291.465,132.7103992777453,0.0,0.0,-5474.527334774868
