bucket,realized_pnl,unrealized_pnl,dividends,withholding_tax,pil_dividends,borrow_fees,short_credit_interest,other_fees,bond_interest,total_pnl
bucket_2,133915.3513357379,65257.54754809175,211.4364139031397,-2.962706916384308,-36910.62,-3938.817576577682,2663.5965689819304,-0.9220837026067542,0.0,161194.60949951806
bucket_3,30.564975440000012,9617.705093999999,0.0,0.0,-565.99,-1388.4299999999998,111.23333056871871,0.0,0.0,7805.083400008718
bucket_4,3453.069360500253,2006.8475976084999,30.73271356622839,0.0,0.0,-332.7866679228875,152.8669118485628,0.0,0.0,5310.7299156006575
bucket_1,-127881.29105771818,27841.38426829975,435.5608725306319,-12.737293083615691,-726.95,-16478.14575549943,1833.2331886007883,-0.8979162973932457,0.0,-114989.84369316745
