bucket,realized_pnl,unrealized_pnl,dividends,withholding_tax,pil_dividends,borrow_fees,short_credit_interest,other_fees,bond_interest,total_pnl
bucket_2,141527.75567902345,124371.17607112559,8.996491228070175,0.0,-36914.78,-3905.3,2663.5965689819304,0.0,0.0,227751.44481035904
bucket_3,30.564975440000012,9617.705093999999,0.0,0.0,-565.99,-1388.4299999999998,111.23333056871871,0.0,0.0,7805.083400008718
bucket_4,3317.354581614,-1000.664233223886,0.0,0.0,0.0,-332.35,152.8669118485628,0.0,0.0,2137.2072602386766
bucket_1,-135357.98062176743,-28264.732423901703,668.7335087719298,-15.7,-722.79,-16512.1,1833.2331886007883,-1.82,0.0,-178373.15634829644
