bucket,realized_pnl,unrealized_pnl,dividends,withholding_tax,pil_dividends,borrow_fees,short_credit_interest,other_fees,bond_interest,total_pnl
bucket_1,-20114.719731913436,68374.99063833406,668.7335087719298,-15.7,-722.79,-16513.74066811495,1833.2331886007883,-1.82,0.0,33508.18693567839
bucket_2,28925.05949033344,40430.405011293515,8.996491228070175,0.0,-36914.78,-3905.3,2663.5965689819304,0.0,0.0,31207.977561836957
bucket_3,30.564975440000012,9617.705093999999,0.0,0.0,-565.99,-1388.4299999999998,111.23333056871871,0.0,0.0,7805.083400008718
bucket_4,676.78988399,-13699.616235627584,0.0,0.0,0.0,-330.7093318850472,152.8669118485628,0.0,0.0,-13200.668771674069
