bucket,realized_pnl,unrealized_pnl,dividends,withholding_tax,pil_dividends,borrow_fees,short_credit_interest,other_fees,bond_interest,total_pnl
bucket_2,96269.5454601736,44050.81884501798,1.3344558673370788,0.0,-37265.1,-3951.226884393557,2665.617461221833,0.0,0.0,101770.9893378872
bucket_3,-383.08518752000003,9615.459716,0.0,0.0,-215.67000000000002,-1344.8899999999999,109.21243832881588,0.0,0.0,7781.026966808815
bucket_4,584.55806899,-13692.924484894016,30.728991929222406,0.0,0.0,-331.184297563364,152.8669118485628,0.0,0.0,-13255.954809689594
bucket_1,-86953.32372229359,64750.13043187603,645.6665522034406,-15.7,-722.79,-16510.87881804308,1833.2331886007883,-1.82,0.0,-36975.48236765643
