bucket,realized_pnl,unrealized_pnl,dividends,withholding_tax,pil_dividends,borrow_fees,short_credit_interest,other_fees,bond_interest,total_pnl
bucket_2,20372.566491095793,42611.77809038438,1.3442730069638085,0.0,-36914.78,-3905.7346544446964,2663.5965689819304,0.0,0.0,24828.770769024377
bucket_1,-14465.821399530698,50468.97768905923,645.653005730407,-15.7,-722.79,-16511.228672764544,1833.2331886007883,-1.82,0.0,21230.50381109519
bucket_3,30.564975440000012,9617.705093999999,0.0,0.0,-565.99,-1388.4299999999998,111.23333056871871,0.0,0.0,7805.083400008718
bucket_4,3580.3845492649043,2025.0236345563799,30.732721262629198,0.0,0.0,-332.7866727907613,152.8669118485628,0.0,0.0,5456.221144141714
