bucket,realized_pnl,unrealized_pnl,dividends,withholding_tax,pil_dividends,borrow_fees,short_credit_interest,other_fees,bond_interest,total_pnl
bucket_2,20541.705203511243,43234.333043142826,1.3442813042197272,0.0,-36914.78,-3905.73465468561,2663.5965689819304,0.0,0.0,25620.464442254608
bucket_1,-14411.339192320469,50533.45412214242,645.6530051295518,-15.7,-722.79,-16511.228672595593,1833.2331886007883,-1.82,0.0,21349.462450956697
bucket_3,30.564975440000012,9617.705093999999,0.0,0.0,-565.99,-1388.4299999999998,111.23333056871871,0.0,0.0,7805.083400008718
bucket_4,3356.7636296392266,1337.992248714753,30.73271356622839,0.0,0.0,-332.7866727187982,152.8669118485628,0.0,0.0,4545.568831049972
