bucket,realized_pnl,unrealized_pnl,dividends,withholding_tax,pil_dividends,borrow_fees,short_credit_interest,other_fees,bond_interest,total_pnl
bucket_1,-14433.681883527905,59802.53401568709,645.6413044112926,-15.7,-722.79,-16511.228637113712,1833.2331886007883,-1.82,0.0,30596.187988057554
bucket_2,20363.642973781025,33312.19741728063,1.3496619400053564,0.0,-36914.78,-3905.7347031466393,2663.5965689819304,0.0,0.0,15520.271918836948
bucket_3,30.564975440000012,9617.705093999999,0.0,0.0,-565.99,-1388.4299999999998,111.23333056871871,0.0,0.0,7805.083400008718
bucket_4,3557.168550456881,1991.0479810322806,30.739033648702016,0.0,0.0,-332.78665973965013,152.8669118485628,0.0,0.0,5399.035817246777
