bucket,realized_pnl,unrealized_pnl,dividends,withholding_tax,pil_dividends,borrow_fees,short_credit_interest,other_fees,bond_interest,total_pnl
bucket_2,133845.83445247207,65271.47585263996,211.43455587775398,-2.962770310622983,-36910.62,-3938.818454872231,2663.5965689819304,-0.9220837026067542,0.0,161139.01812108626
bucket_3,30.564975440000012,9617.705093999999,0.0,0.0,-565.99,-1388.4299999999998,111.23333056871871,0.0,0.0,7805.083400008718
bucket_4,3439.180974935228,1991.0479810322806,30.739033648702016,0.0,0.0,-332.78665973965013,152.8669118485628,0.0,0.0,5281.048241725124
bucket_1,-127797.8857888873,27843.255580327754,435.556410473544,-12.737229689377017,-726.95,-16478.14488538812,1833.2331886007883,-0.8979162973932457,0.0,-114904.57064086011
