bucket,realized_pnl,unrealized_pnl,dividends,withholding_tax,pil_dividends,borrow_fees,short_credit_interest,other_fees,bond_interest,total_pnl
bucket_2,29072.789454363243,41008.23146608032,8.996491228070175,0.0,-36914.78,-3905.3,2663.5965689819304,0.0,0.0,31933.53398065356
bucket_1,-20186.289801430634,61472.80363052224,668.7335087719298,-15.7,-722.79,-16513.739767547973,1833.2331886007883,-1.82,0.0,26534.43075891634
bucket_3,30.564975440000012,9617.705093999999,0.0,0.0,-565.99,-1388.4299999999998,111.23333056871871,0.0,0.0,7805.083400008718
bucket_4,600.6299886073868,-7375.255682602556,0.0,0.0,0.0,-330.7102324520262,152.8669118485628,0.0,0.0,-6952.469014598633
