bucket,realized_pnl,unrealized_pnl,dividends,withholding_tax,pil_dividends,borrow_fees,short_credit_interest,other_fees,bond_interest,total_pnl
bucket_1,-18601.619593702788,58629.40506409218,637.1235087719298,-12.85,-722.79,-16267.725,1834.25734410817,-1.2254937190935775,0.0,25494.575829550395
bucket_2,27148.168005792784,32674.184459037308,40.606491228070176,-2.85,-36815.54,-3918.0000000000005,2681.961976043083,-0.5945062809064225,0.0,21807.93642582034
bucket_3,30.564975440000012,9617.705093999999,0.0,0.0,-565.99,-1388.4299999999998,112.00028057100195,0.0,0.0,7805.850350011
bucket_4,291.52393533000003,610.0484468705127,0.0,0.0,0.0,-291.465,132.7103992777453,0.0,0.0,742.8177814782583
