bucket,realized_pnl,unrealized_pnl,dividends,withholding_tax,pil_dividends,borrow_fees,short_credit_interest,other_fees,bond_interest,total_pnl
bucket_1,-13687.975979616653,64748.141337059846,633.6083688369998,-15.7,-722.79,-16954.005664981334,1834.5587554103374,-0.7752894855216548,0.0,35835.06152722367
bucket_2,19980.6682120558,30496.196999233645,13.38521221384394,0.0,-36914.78,-3905.7347566199733,2613.9272010633194,-1.0447105144783455,0.0,12282.618157432154
bucket_3,30.564975440000012,9617.705093999999,0.0,0.0,-565.99,-1388.4299999999998,109.15910908744469,0.0,0.0,7803.009178527444
bucket_4,-2137.8078106391463,-535.8040902934918,30.736418949156203,0.0,0.0,-372.1095783986925,203.28493443889818,0.0,0.0,-2811.7001259432773
