bucket,realized_pnl,unrealized_pnl,dividends,withholding_tax,pil_dividends,borrow_fees,short_credit_interest,other_fees,bond_interest,total_pnl
bucket_2,74161.13479176378,65380.71761640506,-67.88350877192983,0.0,-84050.14,-11602.35,5919.502693665874,0.0,0.0,49740.98159306279
bucket_1,-10324.444113143774,61639.464517309294,683.7435087719298,-17.16,-734.19,-22817.104998048537,2196.150878359539,-1.82,0.0,30624.639793248447
bucket_3,31.060795170000013,5245.268517,0.0,0.0,-588.36,-1726.78,192.84393765163335,0.0,0.0,3154.0332498216335
bucket_4,587.99365399,-3627.1124487143566,0.0,0.0,0.0,-2624.555001951464,651.6924903229534,0.0,0.0,-5011.981306352867
