bucket,realized_pnl,unrealized_pnl,dividends,withholding_tax,pil_dividends,borrow_fees,short_credit_interest,other_fees,bond_interest,total_pnl
bucket_2,72534.71996450573,59333.157037621146,2.1154351753195613,-10.694474905775126,-83950.0339611184,-11615.050000000001,6127.924184204588,-1.1199901038699795,0.0,42421.01819537873
bucket_1,-9055.34436972573,56504.603182718034,613.7445648246804,-6.465525094224874,-735.0560388815971,-22532.085,2238.413623320947,-0.7000098961300207,0.0,27027.11042726598
bucket_3,31.060795170000013,5245.268517,0.0,0.0,-588.36,-1726.78,199.63383589253058,0.0,0.0,3160.82314806253
bucket_5,0.0,-5.714624999999984,0.0,0.0,0.0,-34.73,34.67942277087734,0.0,0.0,-5.76520222912265
bucket_4,291.52393533000003,19.419295660817852,0.0,0.0,0.0,-2372.115,359.5389338110579,0.0,0.0,-1701.6328351981235
