bucket,realized_pnl,unrealized_pnl,dividends,withholding_tax,pil_dividends,borrow_fees,short_credit_interest,other_fees,bond_interest,total_pnl
bucket_2,77370.47996925701,60936.842696696556,2.1154351753195613,-10.694474905775126,-83950.0339611184,-11615.050000000001,6127.924184204588,-1.1199901038673838,0.0,48860.463859205425
bucket_1,-4657.86866993704,58181.83926095888,613.7445648246804,-6.465525094224874,-735.0560388815971,-22538.032693502115,2238.413623320947,-0.7000098961326163,0.0,33095.87451179339
bucket_3,31.060795170000013,5245.268517,0.0,0.0,-588.36,-1726.78,199.63383589253058,0.0,0.0,3160.82314806253
bucket_5,0.0,-5.714624999999984,0.0,0.0,0.0,-34.73,34.67942277087734,0.0,0.0,-5.76520222912265
bucket_4,-8768.453956579975,-3261.5024416554334,0.0,0.0,0.0,-2371.8273064978853,359.5389338110579,0.0,0.0,-14042.244770922234
