bucket,realized_pnl,unrealized_pnl,dividends,withholding_tax,pil_dividends,borrow_fees,short_credit_interest,other_fees,bond_interest,total_pnl
bucket_2,71453.23922006607,49561.88030576081,8.996491228070175,0.0,-63809.84,-9384.25,5483.197689699311,0.0,0.0,53313.22370675426
bucket_1,-29329.185111936073,70705.43157641115,680.7535087719299,-17.16,-732.16,-21317.18205094797,2637.164743063873,-1.82,0.0,22625.842665362914
bucket_3,31.060795170000013,10055.993955999998,0.0,0.0,-580.26,-1646.77,179.49382948171146,0.0,0.0,8039.518580651711
bucket_4,587.99365399,-100.49533717195806,0.0,0.0,0.0,-1936.6479490520298,660.3337377551054,0.0,0.0,-788.8158944788823
