bucket,realized_pnl,unrealized_pnl,dividends,withholding_tax,pil_dividends,borrow_fees,short_credit_interest,other_fees,bond_interest,total_pnl
bucket_2,71827.21579189955,44223.43929979144,77.1393262782319,-10.448799470037343,-63710.6,-9396.95,5687.235176782892,-1.1197765114065577,0.0,48695.91101877066
bucket_1,-21657.63252800735,57085.30493420856,612.6106737217681,-6.711200529962658,-732.16,-21053.645,2747.9195707321496,-0.7002234885934424,0.0,16994.98622663659
bucket_3,31.060795170000013,10055.993955999998,0.0,0.0,-580.26,-1646.77,186.17304697249386,0.0,0.0,8046.1977981424925
bucket_4,-7938.0624924621925,14944.215539,0.0,0.0,0.0,-1789.385,302.8321437400024,0.0,0.0,5519.600190277809
bucket_5,0.0,77.76537499999998,0.0,0.0,0.0,-6.82,36.03006177246091,0.0,0.0,106.97543677246085
