bucket,realized_pnl,unrealized_pnl,dividends,withholding_tax,pil_dividends,borrow_fees,short_credit_interest,other_fees,bond_interest,total_pnl
bucket_2,66817.06593384601,41499.145436921914,77.1393262782319,-10.448799470037343,-63710.6,-9396.95,5687.235176782892,-1.1197765114659277,0.0,40961.467297847536
bucket_1,-25050.326910376003,62531.42889302781,612.6106737217681,-6.711200529962658,-732.16,-21047.985,2747.9195707321496,-0.7002234885340723,0.0,19054.075803087257
bucket_4,291.52393533000003,12222.385443050267,0.0,0.0,0.0,-1789.385,302.8321437400024,0.0,0.0,11027.356522120268
bucket_3,31.060795170000013,10055.993955999998,0.0,0.0,-580.26,-1646.77,186.17304697249386,0.0,0.0,8046.1977981424925
bucket_5,0.0,77.76537499999998,0.0,0.0,0.0,-6.82,36.03006177246091,0.0,0.0,106.97543677246085
