bucket,realized_pnl,unrealized_pnl,dividends,withholding_tax,pil_dividends,borrow_fees,short_credit_interest,other_fees,bond_interest,total_pnl
bucket_2,20598.455667552196,23947.20720143556,10.576491228070175,0.0,-24231.600000000002,-2298.82,376.4229297242101,0.0,0.0,18402.242289940037
bucket_3,30.564975440000012,4792.410757,0.0,0.0,-539.9300000000001,-1046.2,93.4870424057642,0.0,0.0,3330.3327748457646
bucket_4,676.78988399,0.0,0.0,0.0,0.0,-6.4350000000000005,0.0,0.0,0.0,670.3548839900001
bucket_1,3429.574235307805,3295.072988564446,579.1935087719298,-7.89,-716.44,-9729.135,1745.2800278700254,-0.25,0.0,-1404.5942394857975
