bucket,realized_pnl,unrealized_pnl,dividends,withholding_tax,pil_dividends,borrow_fees,short_credit_interest,other_fees,bond_interest,total_pnl
bucket_2,21554.778692454427,23638.15879886187,23.176491228070176,0.0,-24132.36,-2311.52,380.5543202302358,0.0,0.0,19152.788302774607
bucket_3,30.564975440000012,4792.410757,0.0,0.0,-539.9300000000001,-1046.2,94.51309966458894,0.0,0.0,3331.3588321045886
bucket_4,291.52393533000003,0.0,0.0,0.0,0.0,-5.415,0.0,0.0,0.0,286.10893533
bucket_1,1794.24675365557,3137.2014171381343,566.5935087719298,-7.89,-716.44,-9567.555,1740.1225801051748,-0.25,0.0,-3053.9707403292
