bucket,realized_pnl,unrealized_pnl,dividends,withholding_tax,pil_dividends,borrow_fees,short_credit_interest,other_fees,bond_interest,total_pnl
bucket_2,860.0769911330917,21479.487795999077,63.971077281776246,-2.9614118604308404,-18163.760000000002,-1727.3371656216343,382.3423259510517,0.0,0.0,2891.819612882931
bucket_3,413.65016296000005,11.185374,0.0,0.0,-324.26,-31.1,1.5623201240415925,0.0,0.0,71.03785708404162
bucket_1,4697.345538706906,2390.078227000927,535.4589227182238,-4.928588139569159,-716.44,-10057.402834378365,1831.2853539249065,-0.25,0.0,-1324.8533801669748
