bucket,realized_pnl,unrealized_pnl,dividends,withholding_tax,pil_dividends,borrow_fees,short_credit_interest,other_fees,bond_interest,total_pnl
bucket_2,193.28146084792365,23997.457900283298,-0.4869604163015819,0.0,-18163.760000000002,-1702.17,386.55697571885406,0.0,0.0,4710.879376433772
bucket_3,413.65016296000005,11.185374,0.0,0.0,-324.26,-31.1,1.5795419477872268,0.0,0.0,71.05507890778726
bucket_1,1484.9279760720756,4183.374955716711,599.9169604163015,-7.89,-716.44,-9807.24,1827.0534823333587,-0.25,0.0,-2436.5466254615603
