bucket,realized_pnl,unrealized_pnl,dividends,withholding_tax,pil_dividends,borrow_fees,short_credit_interest,other_fees,bond_interest,total_pnl
bucket_2,9642.621329649608,16089.115357557033,64.19506649834946,-2.9614118604308404,-20683.86,-1897.0571656216343,368.5952957355672,0.0,0.0,3580.648471958493
bucket_1,5931.299400410391,6117.081546442971,535.2349335016505,-4.928588139569159,-716.44,-10054.582834378365,1753.8833360433148,-0.25,0.0,3561.2977938803883
bucket_3,30.564975440000012,4792.410757,0.0,0.0,-539.9300000000001,-1046.2,92.71136822111815,0.0,0.0,3329.5571006611176
bucket_4,676.78988399,0.0,0.0,0.0,0.0,-5.4,0.0,0.0,0.0,671.38988399
