bucket,realized_pnl,unrealized_pnl,dividends,withholding_tax,pil_dividends,borrow_fees,short_credit_interest,other_fees,bond_interest,total_pnl
bucket_2,1093.584347,24597.237148,-0.49,0.0,-18488.02,-1733.2700000000002,388.1365176666413,0.0,0.0,5857.178012666642
bucket_1,998.2752553599985,3594.7810820000077,599.92,-7.89,-716.44,-9807.24,1827.0534823333587,-0.25,0.0,-3511.7901803066447
