bucket,realized_pnl,unrealized_pnl,dividends,withholding_tax,pil_dividends,borrow_fees,short_credit_interest,other_fees,bond_interest,total_pnl
bucket_2,9721.952092885676,17954.364500208736,14.816590767433231,0.0,-20683.86,-1867.1073173611105,366.68199648644196,0.0,0.0,5506.847862987179
bucket_3,30.564975440000012,4792.410757,0.0,0.0,-539.9300000000001,-1046.2,92.23012336190516,0.0,0.0,3329.0758558019047
bucket_1,5450.562391174321,5547.334136791267,584.6134092325668,-7.89,-716.44,-10064.86268263889,1756.2778801516527,-0.25,0.0,2549.345134710922
bucket_4,676.78988399,0.0,0.0,0.0,0.0,-5.4,0.0,0.0,0.0,671.38988399
