bucket,realized_pnl,unrealized_pnl,dividends,withholding_tax,pil_dividends,borrow_fees,short_credit_interest,other_fees,bond_interest,total_pnl
bucket_2,19143.775748997316,29784.44134349235,67.34722475422774,-7.2215780730897015,-18159.600000000002,-1726.9191629576585,386.55697571885406,-0.25,0.0,29488.130551932005
bucket_3,413.65016296000005,11.185374,0.0,0.0,-324.26,-31.1,1.5795419477872268,0.0,0.0,71.05507890778726
bucket_1,-17465.566311587318,-1603.6084874923463,532.0827752457723,-0.668421926910299,-720.6,-9782.490837042342,1827.0534823333587,0.0,0.0,-27213.797800469794
