bucket,realized_pnl,unrealized_pnl,dividends,withholding_tax,pil_dividends,borrow_fees,short_credit_interest,other_fees,bond_interest,total_pnl
bucket_2,40047.65969374,65909.943033,427.163253562182,-7.89,-24201.22,-2300.516265681993,372.47507616807707,0.0,0.0,80247.61479078827
bucket_3,30.564975440000012,4792.410757,0.0,0.0,-539.9300000000001,-1046.2,92.50656772244892,0.0,0.0,3329.3523001624485
bucket_4,676.78988399,0.0,30.727198345167704,0.0,0.0,-6.906358781473816,0.0,0.0,0.0,700.6107235536939
bucket_1,-12140.416696810002,-42978.92967599999,131.87954809265034,0.0,-746.82,-10002.297375536533,1750.2083561094744,-0.25,0.0,-63986.62584414441
