bucket,realized_pnl,unrealized_pnl,dividends,withholding_tax,pil_dividends,borrow_fees,short_credit_interest,other_fees,bond_interest,total_pnl
bucket_2,22224.849532630895,15838.427595000894,55.775877302781424,-3.0540382885165105,-24231.600000000002,-2329.6471656216345,370.57906634961796,0.0,0.0,11925.330867374038
bucket_1,6083.799710299104,8009.801052999112,533.9941226972186,-4.835961711483489,-716.44,-10059.982834378367,1752.5752520942726,-0.25,0.0,5598.661341999854
bucket_3,30.564975440000012,4792.410757,0.0,0.0,-539.9300000000001,-1046.2,92.03568155610965,0.0,0.0,3328.8814139961096
bucket_4,676.78988399,0.0,0.0,0.0,0.0,-5.4,0.0,0.0,0.0,671.38988399
