bucket,realized_pnl,unrealized_pnl,dividends,withholding_tax,pil_dividends,borrow_fees,short_credit_interest,other_fees,bond_interest,total_pnl
bucket_2,41261.721245956425,52811.60364243996,234.53063485982278,-7.2215780730897015,-24256.8,-2431.7909178727828,353.23377035204646,0.0,0.0,67965.27679766237
bucket_3,30.564975440000012,6532.150763,0.0,0.0,-539.9300000000001,-1081.95,84.40815471981348,0.0,0.0,5025.2438931598135
bucket_4,528.7882629606466,0.0,30.739033648702016,0.0,0.0,-6.906659739650117,0.0,0.0,0.0,552.6206368696985
bucket_1,-17102.032425777074,-13955.930694439949,351.38033149147526,-0.668421926910299,-720.6,-10265.022422387567,1777.5480749281396,-0.25,0.0,-39915.575558111894
