bucket,realized_pnl,unrealized_pnl,dividends,withholding_tax,pil_dividends,borrow_fees,short_credit_interest,other_fees,bond_interest,total_pnl
bucket_2,9706.185194501924,24216.62090826034,14.911947075432106,0.0,-20683.86,-1971.0744565819316,343.8258948089786,0.0,0.0,11626.609488064742
bucket_1,5449.9865855780745,11187.32048373967,611.3980529245679,-7.89,-716.44,-10644.525543418069,1788.1539927860063,-0.25,0.0,7667.753571610254
bucket_3,30.564975440000012,6532.150763,0.0,0.0,-539.9300000000001,-1081.95,83.21011240501507,0.0,0.0,5024.045850845015
bucket_4,676.78988399,0.0,0.0,0.0,0.0,-5.4,0.0,0.0,0.0,671.38988399
