bucket,realized_pnl,unrealized_pnl,dividends,withholding_tax,pil_dividends,borrow_fees,short_credit_interest,other_fees,bond_interest,total_pnl
bucket_2,21530.063607833083,30179.202383069456,23.176491228070176,0.0,-24161.72,-2417.12,357.04530047236483,0.0,0.0,25510.647782602973
bucket_3,30.564975440000012,6532.150763,0.0,0.0,-539.9300000000001,-1081.95,85.31895162293637,0.0,0.0,5026.154690062936
bucket_1,1975.876947796915,8020.910590930546,593.4735087719298,-7.89,-716.44,-10127.735,1772.8257479046988,-0.25,0.0,1510.7717954040986
bucket_4,291.52393533000003,0.0,0.0,0.0,0.0,-5.415,0.0,0.0,0.0,286.10893533
