bucket,realized_pnl,unrealized_pnl,dividends,withholding_tax,pil_dividends,borrow_fees,short_credit_interest,other_fees,bond_interest,total_pnl
bucket_1,5766.0384584683015,12916.513092778721,564.0143589486397,-5.083210787366434,-716.44,-10620.235259196703,1788.1539927860063,-0.25,0.0,9692.711432997601
bucket_2,9390.133321611698,22487.428299221283,62.29564105136036,-2.8067892126335656,-20683.86,-1995.3647408032964,343.8258948089786,0.0,0.0,9601.651626677389
bucket_3,30.564975440000012,6532.150763,0.0,0.0,-539.9300000000001,-1081.95,83.21011240501507,0.0,0.0,5024.045850845015
bucket_4,676.78988399,0.0,0.0,0.0,0.0,-5.4,0.0,0.0,0.0,671.38988399
