bucket,realized_pnl,unrealized_pnl,dividends,withholding_tax,pil_dividends,borrow_fees,short_credit_interest,other_fees,bond_interest,total_pnl
bucket_2,32968.41467900588,33242.3992731979,40.606491228070176,-2.85,-36815.54,-4165.05,2643.7874372891574,-1.077556742785589,0.0,27910.690323978226
bucket_1,-22718.539916225665,62193.1089448021,637.1235087719298,-12.85,-732.16,-16519.885,1838.730285951028,-0.7424432572144112,0.0,24684.785380042176
bucket_4,102.16399064977426,8234.983172,0.0,0.0,0.0,-369.815,159.46440696057766,0.0,0.0,8126.796569610353
bucket_3,30.564975440000012,9932.412454000001,0.0,0.0,-565.99,-1406.3400000000001,118.94786979923731,0.0,0.0,8109.595299239237
