bucket,realized_pnl,unrealized_pnl,dividends,withholding_tax,pil_dividends,borrow_fees,short_credit_interest,other_fees,bond_interest,total_pnl
bucket_4,8648.51992766505,19667.663713726517,30.732721262629198,0.0,0.0,-418.3966725228697,180.10136877513017,0.0,0.0,28108.621058906458
bucket_2,22136.114136529224,40870.81659209514,1.3407469051169443,0.0,-36914.78,-4152.784654525642,2624.7882484013553,0.0,0.0,24565.495069405195
bucket_1,-19909.246741104274,46477.85750417834,645.6565318322539,-15.7,-732.16,-16759.31867295149,1837.9473143650519,-1.82,0.0,11543.215936319883
bucket_3,30.564975440000012,9932.412454000001,0.0,0.0,-565.99,-1406.3400000000001,118.09306845846287,0.0,0.0,8108.740497898463
