bucket,realized_pnl,unrealized_pnl,dividends,withholding_tax,pil_dividends,borrow_fees,short_credit_interest,other_fees,bond_interest,total_pnl
bucket_1,-13948.318100230006,69016.992835,658.7364975846621,-15.7,-732.16,-16760.63,1837.9473143650519,-1.82,0.0,40055.048546719714
bucket_2,24560.5657015,28143.970172,-11.729999999999999,0.0,-37265.1,-4196.54,2627.0352147533054,0.0,0.0,13858.201088253307
bucket_4,676.78988399,9855.208874,30.72350241533791,0.0,0.0,-417.52,180.10136877513017,0.0,0.0,10325.303629180467
bucket_3,-383.08518752000003,9932.578383,0.0,0.0,-215.67000000000002,-1362.15,115.84610210651299,0.0,0.0,8087.519297586513
