bucket,realized_pnl,unrealized_pnl,dividends,withholding_tax,pil_dividends,borrow_fees,short_credit_interest,other_fees,bond_interest,total_pnl
bucket_2,33302.193478878835,39190.90887065585,9.005283014701567,0.0,-36914.78,-4152.35,2624.7882484013553,0.0,0.0,34059.76588095074
bucket_1,-23100.272294323488,58481.504874966675,668.7247169852984,-15.7,-732.16,-16760.48099211674,1837.9473143650519,-1.82,0.0,20377.7436198768
bucket_4,673.4661377046469,9343.924064377476,0.0,0.0,0.0,-417.669007883261,180.10136877513017,0.0,0.0,9779.822562973994
bucket_3,30.564975440000012,9932.412454000001,0.0,0.0,-565.99,-1406.3400000000001,118.09306845846287,0.0,0.0,8108.740497898463
