bucket,realized_pnl,unrealized_pnl,dividends,withholding_tax,pil_dividends,borrow_fees,short_credit_interest,other_fees,bond_interest,total_pnl
bucket_1,-22810.11197920959,64355.298486348336,637.1235087719298,-12.85,-732.16,-16514.225,1838.730285951028,-0.7424432466405262,0.0,26761.062858615063
bucket_2,32697.368984669574,31090.872138883595,40.606491228070176,-2.85,-36815.54,-4165.05,2643.7874372891574,-1.077556753359474,0.0,25488.117495317038
bucket_4,291.52393533000003,8224.32076476807,0.0,0.0,0.0,-369.815,159.46440696057766,0.0,0.0,8305.494107058648
bucket_3,30.564975440000012,9932.412454000001,0.0,0.0,-565.99,-1406.3400000000001,118.94786979923731,0.0,0.0,8109.595299239237
