bucket,realized_pnl,unrealized_pnl,dividends,withholding_tax,pil_dividends,borrow_fees,short_credit_interest,other_fees,bond_interest,total_pnl
bucket_2,22276.863248136196,41142.39149382834,1.3296426799864758,0.0,-36914.78,-4152.785170248847,2624.7882484013553,0.0,0.0,24977.807462797035
bucket_4,6379.433432249918,15480.223236291504,30.73180669722395,0.0,0.0,-418.39655325632117,180.10136877513017,0.0,0.0,21652.093290757453
bucket_1,-17780.909357296117,50393.723079880154,645.6685506227896,-15.7,-732.16,-16759.318276494832,1837.9473143650519,-1.82,0.0,17587.431311077053
bucket_3,30.564975440000012,9932.412454000001,0.0,0.0,-565.99,-1406.3400000000001,118.09306845846287,0.0,0.0,8108.740497898463
