bucket,realized_pnl,unrealized_pnl,dividends,withholding_tax,pil_dividends,borrow_fees,short_credit_interest,other_fees,bond_interest,total_pnl
bucket_2,98001.14799156482,44103.2511546902,1.3344641696335522,0.0,-37265.1,-4196.974480749138,2627.0352147533054,0.0,0.0,103270.69434442883
bucket_4,584.55806899,9855.208874,30.728991929222406,0.0,0.0,-418.39670112186155,180.10136877513017,0.0,0.0,10232.200602572491
bucket_3,-383.08518752000003,9932.578383,0.0,0.0,-215.67000000000002,-1362.15,115.84610210651299,0.0,0.0,8087.519297586513
bucket_1,-87296.66857037484,53057.711852309796,645.666543901144,-15.7,-732.16,-16759.318818129002,1837.9473143650519,-1.82,0.0,-49264.34167792784
