bucket,realized_pnl,unrealized_pnl,dividends,withholding_tax,pil_dividends,borrow_fees,short_credit_interest,other_fees,bond_interest,total_pnl
bucket_1,-23109.79754885688,74233.9648409269,668.7244941990373,-15.7,-732.16,-16760.481135774957,1837.9473143650519,-1.82,0.0,36120.677964859155
bucket_2,33308.39498712687,40116.07917852862,9.005505800962787,0.0,-36914.78,-4152.35,2624.7882484013553,0.0,0.0,34991.137919857814
bucket_3,30.564975440000012,9932.412454000001,0.0,0.0,-565.99,-1406.3400000000001,118.09306845846287,0.0,0.0,8108.740497898463
bucket_4,676.78988399,-7333.7062094555195,0.0,0.0,0.0,-417.66886422504234,180.10136877513017,0.0,0.0,-6894.483820915431
