bucket,realized_pnl,unrealized_pnl,dividends,withholding_tax,pil_dividends,borrow_fees,short_credit_interest,other_fees,bond_interest,total_pnl
bucket_1,-22636.855435977686,64355.2984363379,637.1235087719298,-12.85,-732.16,-16519.885,1838.730285951028,-0.7424432642636724,0.0,26928.659351818904
bucket_2,32697.370254937676,31090.872188894027,40.606491228070176,-2.85,-36815.54,-4165.05,2643.7874372891574,-1.0775567357363278,0.0,25488.118815613194
bucket_4,291.52393533000003,8224.32076476807,0.0,0.0,0.0,-369.815,159.46440696057766,0.0,0.0,8305.494107058648
bucket_3,30.564975440000012,9932.412454000001,0.0,0.0,-565.99,-1406.3400000000001,118.94786979923731,0.0,0.0,8109.595299239237
