bucket,realized_pnl,unrealized_pnl,dividends,withholding_tax,pil_dividends,borrow_fees,short_credit_interest,other_fees,bond_interest,total_pnl
bucket_2,98001.14747045167,73349.95272507693,1.3344558673370788,0.0,-37265.1,-4197.1764433725,2627.0352147533054,0.0,0.0,132517.19342277673
bucket_3,-383.08518752000003,9932.578383,0.0,0.0,-215.67000000000002,-1362.15,115.84610210651299,0.0,0.0,8087.519297586513
bucket_4,584.55806899,-7332.763688689569,30.728991929222406,0.0,0.0,-418.1410861091026,180.10136877513017,0.0,0.0,-6955.516345104319
bucket_1,-87296.66804926167,40998.98284461265,645.6665522034406,-15.7,-732.16,-16759.372470518396,1837.9473143650519,-1.82,0.0,-61323.12380859893
