bucket,realized_pnl,unrealized_pnl,dividends,withholding_tax,pil_dividends,borrow_fees,short_credit_interest,other_fees,bond_interest,total_pnl
bucket_2,32697.368984669574,32982.718388444984,40.606491228070176,-2.85,-36815.54,-4165.05,2643.7874372891574,-1.077556753359474,0.0,27379.963744878427
bucket_1,-22810.11197920959,61813.73972291845,637.1235087719298,-12.85,-732.16,-16514.225,1838.730285951028,-0.7424432466405262,0.0,24219.50409518518
bucket_4,291.52393533000003,8874.033278636569,0.0,0.0,0.0,-369.815,159.46440696057766,0.0,0.0,8955.206620927149
bucket_3,30.564975440000012,9932.412454000001,0.0,0.0,-565.99,-1406.3400000000001,118.94786979923731,0.0,0.0,8109.595299239237
