bucket,realized_pnl,unrealized_pnl,dividends,withholding_tax,pil_dividends,borrow_fees,short_credit_interest,other_fees,bond_interest,total_pnl
bucket_3,30.564975440000012,5621.316197,0.0,0.0,-525.2,-799.85,102.80374888724064,0.0,0.0,4429.63492132724
bucket_2,9042.197290854661,11430.796005936165,14.718098002927086,0.0,-15477.83,-1345.99,254.5755752857234,0.0,0.0,3918.466970079478
bucket_4,676.78988399,0.0,0.0,0.0,0.0,-5.4,0.0,0.0,0.0,671.38988399
bucket_1,1924.2376594853376,1949.4586550638383,483.12190199707294,-7.89,-706.03,-6522.36,1857.810675827036,0.0,0.0,-1021.6511076267197
