bucket,realized_pnl,unrealized_pnl,dividends,withholding_tax,pil_dividends,borrow_fees,short_credit_interest,other_fees,bond_interest,total_pnl
bucket_2,20673.216051397285,15342.692545179987,2.450000000000001,0.0,-18888.08,-1783.73,264.0695508674862,0.0,0.0,15610.618147444757
bucket_3,30.564975440000012,5621.316197,0.0,0.0,-525.2,-799.85,105.4442659979692,0.0,0.0,4432.275438437969
bucket_4,291.52393533000003,0.0,0.0,0.0,0.0,-5.415,0.0,0.0,0.0,286.10893533
bucket_1,28.815403122715963,729.5554558200155,485.73,-7.89,-706.03,-6160.215,1845.6761831345448,0.0,0.0,-3784.357957922724
