bucket,realized_pnl,unrealized_pnl,dividends,withholding_tax,pil_dividends,borrow_fees,short_credit_interest,other_fees,bond_interest,total_pnl
bucket_2,9214.265208068373,11854.481212580667,15.028969391107898,0.0,-15477.83,-1351.65,253.99047726715318,0.0,0.0,4508.285867307302
bucket_3,30.564975440000012,5621.316197,0.0,0.0,-525.2,-799.85,102.56747221494791,0.0,0.0,4429.398644654948
bucket_4,676.78988399,0.0,0.0,0.0,0.0,-5.4,0.0,0.0,0.0,671.38988399
bucket_1,1752.169742271626,1914.6450804193341,482.8110306088921,-7.89,-706.03,-6537.2300000000005,1858.6320505178992,0.0,0.0,-1242.8920961822482
