bucket,realized_pnl,unrealized_pnl,dividends,withholding_tax,pil_dividends,borrow_fees,short_credit_interest,other_fees,bond_interest,total_pnl
bucket_2,19802.80396189293,21170.55017401023,-10.147701400563145,0.0,-18987.32,-1771.03,261.45993991061187,0.0,0.0,20466.316374413207
bucket_3,30.564975440000012,5621.316197,0.0,0.0,-525.2,-799.85,104.40223555188435,0.0,0.0,4431.233407991884
bucket_4,676.78988399,0.0,0.0,0.0,0.0,-6.4350000000000005,0.0,0.0,0.0,670.3548839900001
bucket_1,1561.1749109070724,-4710.32717201023,498.32770140056317,-7.89,-706.03,-6275.315,1849.3278245375038,0.0,0.0,-7790.7317351650945
