bucket,realized_pnl,unrealized_pnl,dividends,withholding_tax,pil_dividends,borrow_fees,short_credit_interest,other_fees,bond_interest,total_pnl
bucket_2,19995.393494608277,38956.54013102984,-10.147642882442609,0.0,-18987.32,-1771.03,261.45993991061187,0.0,0.0,38444.89592266629
bucket_1,1368.5853786617208,37543.262595994995,498.3276428824426,-7.89,-706.03,-6286.158124934356,1849.3278245375038,0.0,0.0,34259.4253171423
bucket_3,30.564975440000012,5621.316197,0.0,0.0,-525.2,-799.85,104.40223555188435,0.0,0.0,4431.233407991884
bucket_4,676.78988399,-60039.57972502483,0.0,0.0,0.0,4.408124934356275,0.0,0.0,0.0,-59358.38171610048
