bucket,realized_pnl,unrealized_pnl,dividends,withholding_tax,pil_dividends,borrow_fees,short_credit_interest,other_fees,bond_interest,total_pnl
bucket_2,25406.345797555154,30242.991034872757,233.17234961546083,-7.2215780730897015,-18983.16,-1798.410190015656,261.45993991061187,0.0,0.0,35355.17735386524
bucket_3,30.564975440000012,5621.316197,0.0,0.0,-525.2,-799.85,104.40223555188435,0.0,0.0,4431.233407991884
bucket_4,97.32889789216642,872.0720926119862,30.739033648702016,0.0,0.0,-7.245413699443377,0.0,0.0,0.0,992.8946104534116
bucket_1,-3462.9059388473197,-14654.840125484741,224.26861673583718,-0.668421926910299,-710.19,-6247.1243962849,1849.3278245375038,0.0,0.0,-23002.132441270536
