bucket,realized_pnl,unrealized_pnl,dividends,withholding_tax,pil_dividends,borrow_fees,short_credit_interest,other_fees,bond_interest,total_pnl
bucket_2,18536.31533597,101491.259169,421.92,-7.89,-18956.940000000002,-1774.923641093953,259.09139383605935,0.0,0.0,99968.8322577121
bucket_3,30.564975440000012,5621.316197,0.0,0.0,-525.2,-799.85,103.45646349488983,0.0,0.0,4430.287635934889
bucket_4,676.78988399,0.0,30.727198389154424,0.0,0.0,-6.9063589060470845,0.0,0.0,0.0,700.6107234731073
bucket_1,5164.848127699999,-88276.290071,35.53280161084558,0.0,-736.41,-6470.85,1852.642142669051,0.0,0.0,-88430.5269990201
