bucket,realized_pnl,unrealized_pnl,dividends,withholding_tax,pil_dividends,borrow_fees,short_credit_interest,other_fees,bond_interest,total_pnl
bucket_2,23190.8157967,14893.688404999999,-10.149999999999999,0.0,-19296.85,-1797.3,262.86703294785656,0.0,0.0,17243.071234647858
bucket_3,-383.08518752000003,5612.656041,0.0,0.0,-215.67000000000002,-773.58,102.99514251463967,0.0,0.0,4343.315995994639
bucket_4,676.78988399,0.0,30.72350241533791,0.0,0.0,-6.03,0.0,0.0,0.0,701.4833864053379
bucket_1,-1413.18676062,1575.194753000003,467.6064975846621,-7.89,-706.03,-6275.72,1849.3278245375038,0.0,0.0,-4510.697685497834
