bucket,realized_pnl,unrealized_pnl,dividends,withholding_tax,pil_dividends,borrow_fees,short_credit_interest,other_fees,bond_interest,total_pnl
bucket_2,19914.20116504663,9049.429786978426,60.08712577898913,-3.377608661881618,-18987.32,-1803.04,253.96796559030273,0.0,0.0,8483.948434732467
bucket_1,4232.2184627833685,6866.467748021579,428.0928742210109,-4.512391338118381,-706.03,-6627.56,1859.8113809258155,0.0,0.0,6048.488074613653
bucket_3,30.564975440000012,5621.316197,0.0,0.0,-525.2,-799.85,101.4106534838819,0.0,0.0,4428.241825923881
bucket_4,922.61986557,0.0,0.0,0.0,0.0,-7.470000000000001,0.0,0.0,0.0,915.1498655700001
