bucket,realized_pnl,unrealized_pnl,dividends,withholding_tax,pil_dividends,borrow_fees,short_credit_interest,other_fees,bond_interest,total_pnl
bucket_2,23269.121336997752,16907.663724179987,2.450000000000001,0.0,-18888.08,-1783.73,264.0695508674862,0.0,0.0,19771.494612045226
bucket_3,30.564975440000012,5621.316197,0.0,0.0,-525.2,-799.85,105.4442659979692,0.0,0.0,4432.275438437969
bucket_1,-18753.370559468876,25792.653893357237,485.73,-7.89,-706.03,-6176.718124934357,1845.6761831345448,0.0,0.0,2480.0513920885464
bucket_4,16651.062425351123,-26628.069616537225,0.0,0.0,0.0,5.428124934356275,0.0,0.0,0.0,-9971.579066251745
