bucket,realized_pnl,unrealized_pnl,dividends,withholding_tax,pil_dividends,borrow_fees,short_credit_interest,other_fees,bond_interest,total_pnl
bucket_2,20325.3575494948,9756.858287145875,60.10691486582785,-3.3776091206991055,-19296.85,-1829.31,255.3347392390211,0.0,0.0,9268.119881624825
bucket_1,4234.7122412951985,6167.699403854128,428.0730851341722,-4.512390879300894,-706.03,-6627.56,1859.8113809258155,0.0,0.0,5352.193720330011
bucket_3,539.5346780499999,5612.656041,0.0,0.0,-215.67000000000002,-781.0500000000001,100.04387983516352,0.0,0.0,5255.514598885163
