bucket,realized_pnl,unrealized_pnl,dividends,withholding_tax,pil_dividends,borrow_fees,short_credit_interest,other_fees,bond_interest,total_pnl
bucket_1,56001.39231038093,13437.38459235955,671.7118773887128,-6.42003528758648,-725.54,-27110.13452093734,2870.4144089994343,-0.7001443898469436,0.0,45138.10848851384
bucket_2,80814.06809514156,91469.20442916609,21.808122611287196,-10.739964712413519,-132199.75,-20534.430479062663,5201.125303213862,-1.1198556101530566,0.0,24760.165650747564
bucket_3,31.060795170000013,4836.828505,0.0,0.0,-604.89,-2094.23,156.8899121232293,0.0,0.0,2325.6592122932298
bucket_5,0.0,275.123064,0.0,0.0,0.0,-90.87,99.69443088300225,0.0,0.0,283.94749488300226
bucket_4,-4555.920503012481,8219.38404947438,0.0,0.0,0.0,-5034.945,632.0659447804721,0.0,0.0,-739.4155087576314
