bucket,realized_pnl,unrealized_pnl,dividends,withholding_tax,pil_dividends,borrow_fees,short_credit_interest,other_fees,bond_interest,total_pnl
bucket_1,56336.426172401545,20933.980878591312,671.7118773887128,-6.42003528758648,-725.54,-27115.79452093734,2868.028764917069,-0.7001443898469975,0.0,52961.692992683864
bucket_2,80923.61823091847,106266.35020343986,21.808122611287196,-10.739964712413519,-132199.75,-20534.430479062663,5201.125303213862,-1.1198556101530028,0.0,39666.86156079825
bucket_3,31.060795170000013,4836.828505,0.0,0.0,-604.89,-2094.23,156.8899121232293,0.0,0.0,2325.6592122932298
bucket_5,0.0,275.123064,0.0,0.0,0.0,-90.87,99.69443088300225,0.0,0.0,283.94749488300226
bucket_4,-4827.246687230025,-14074.358011031161,0.0,0.0,0.0,-5034.945,634.4515888628374,0.0,0.0,-23302.09810939835
