bucket,realized_pnl,unrealized_pnl,dividends,withholding_tax,pil_dividends,borrow_fees,short_credit_interest,other_fees,bond_interest,total_pnl
bucket_2,81152.13574089404,130606.42598303285,-82.73350877192982,0.0,-132199.75,-20521.69,5201.125303213862,0.0,0.0,64155.513518368825
bucket_1,55793.782018882564,-9485.889362280917,776.2535087719298,-17.16,-725.54,-27128.535,2868.9320536570544,-1.82,0.0,22080.023219030634
bucket_3,31.060795170000013,4836.828505,0.0,0.0,-604.89,-2094.23,156.8899121232293,0.0,0.0,2325.6592122932298
bucket_5,0.0,275.123064,0.0,0.0,0.0,-90.87,99.69443088300225,0.0,0.0,283.94749488300226
bucket_4,-4513.120043766602,-7994.563549751916,0.0,0.0,0.0,-5034.945,633.548300122852,0.0,0.0,-16909.08029339567
