bucket,realized_pnl,unrealized_pnl,dividends,withholding_tax,pil_dividends,borrow_fees,short_credit_interest,other_fees,bond_interest,total_pnl
bucket_2,51703.82590596801,66910.36577627224,64.3947068618848,-7.811994747815524,-50581.07,-7040.96,2871.9356534920903,-1.1192432742506346,0.0,63919.56080457216
bucket_4,291.52393533000003,16471.870644468276,0.0,0.0,0.0,-1079.855,154.30329683638772,0.0,0.0,15837.842876634662
bucket_3,30.564975440000012,11426.398846,0.0,0.0,-574.13,-1544.98,101.77230421981155,0.0,0.0,9439.626125659812
bucket_1,-31842.681010508015,57465.09679525948,613.3352931381152,-7.888005252184476,-732.16,-19118.885000000002,1618.969324142636,-0.7007567257493654,0.0,7995.086640054275
bucket_5,0.0,33.759699,0.0,0.0,0.0,0.0,13.949421309074847,0.0,0.0,47.70912030907485
