bucket,realized_pnl,unrealized_pnl,dividends,withholding_tax,pil_dividends,borrow_fees,short_credit_interest,other_fees,bond_interest,total_pnl
bucket_2,55501.43091722688,72880.14569375786,9.053208034176498,0.0,-50680.31,-7028.26,2855.014125555859,0.0,0.0,73537.07394457476
bucket_1,-35284.867343186874,75875.52468120116,668.6767919658236,-15.7,-732.16,-19379.148262632618,1621.9412226030183,-1.82,0.0,22752.4470899505
bucket_3,30.564975440000012,11426.398846,0.0,0.0,-574.13,-1544.98,101.17265885975755,0.0,0.0,9439.026480299757
bucket_4,587.99365399,-3103.200277959027,0.0,0.0,0.0,-1178.351737367382,182.8019929813658,0.0,0.0,-3510.756368355042
