bucket,realized_pnl,unrealized_pnl,dividends,withholding_tax,pil_dividends,borrow_fees,short_credit_interest,other_fees,bond_interest,total_pnl
bucket_2,56710.64669318089,67191.14397297235,64.3947068618848,-7.811994747815524,-50581.07,-7040.96,2871.9356534920903,-1.119243274050385,0.0,69207.15978848534
bucket_1,-25958.383493948855,60628.96571365289,613.3352931381152,-7.888005252184476,-732.16,-19124.91826263262,1618.969324142636,-0.700756725949615,0.0,17037.219812374024
bucket_3,30.564975440000012,11426.398846,0.0,0.0,-574.13,-1544.98,101.77230421981155,0.0,0.0,9439.626125659812
bucket_4,-10426.336555812039,13027.223529374769,0.0,0.0,0.0,-1079.481737367382,154.30329683638772,0.0,0.0,1675.7085330317352
bucket_5,0.0,33.759699,0.0,0.0,0.0,0.0,13.949421309074847,0.0,0.0,47.70912030907485
