bucket,realized_pnl,unrealized_pnl,dividends,withholding_tax,pil_dividends,borrow_fees,short_credit_interest,other_fees,bond_interest,total_pnl
bucket_2,79209.5498140218,76153.40654797353,25.313667208950893,-5.062045259105315,-51038.77,-7078.292547208954,2857.214940123395,-1.041756881106435,0.0,100122.3186199785
bucket_1,-36853.371661577265,72611.1214909855,652.4163327910492,-10.637954740894685,-732.16,-19380.060715423664,1621.9412226030183,-0.7782431188935652,0.0,17908.470471518838
bucket_3,-383.08518752000003,11417.541181999999,0.0,0.0,-215.67000000000002,-1495.07,98.9718442922214,0.0,0.0,9422.68783877222
bucket_4,-21137.97076147454,-3103.200277959027,0.0,0.0,0.0,-1177.316737367382,182.8019929813658,0.0,0.0,-25235.68578381958
