bucket,realized_pnl,unrealized_pnl,dividends,withholding_tax,pil_dividends,borrow_fees,short_credit_interest,other_fees,bond_interest,total_pnl
bucket_2,79209.51972929464,76153.37599888003,25.313689986286423,-5.062045259105315,-51038.77,-7078.292547315539,2857.214940123395,-1.0417567452282208,0.0,100122.25800896449
bucket_1,-36853.28114657302,72611.14522205766,652.4163100137135,-10.637954740894685,-732.16,-19380.06071531708,1621.9412077852428,-0.7782432547717792,0.0,17908.584679970834
bucket_3,-383.08518752000003,11417.541181999999,0.0,0.0,-215.67000000000002,-1495.07,98.9718442922214,0.0,0.0,9422.68783877222
bucket_4,-21138.03119175162,-3103.1934599376955,0.0,0.0,0.0,-1177.316737367382,182.80200779914117,0.0,0.0,-25235.739381257554
