bucket,realized_pnl,unrealized_pnl,dividends,withholding_tax,pil_dividends,borrow_fees,short_credit_interest,other_fees,bond_interest,total_pnl
bucket_2,60565.30339605305,73966.05665783733,9.051851943137311,0.0,-50680.31,-7028.26,2855.014125555859,0.0,0.0,79686.85603138938
bucket_3,30.564975440000012,11426.398846,0.0,0.0,-574.13,-1544.98,101.17265885975755,0.0,0.0,9439.026480299757
bucket_4,-8150.5110232037205,16295.435025218061,0.0,0.0,0.0,-1178.351737367382,182.80199302126985,0.0,0.0,7149.374257668229
bucket_1,-31610.235144819337,55390.978413944606,668.6781480568627,-15.7,-732.16,-19379.148262632618,1621.9412225631143,-1.82,0.0,5942.53437711262
