underlying,net_notional_usd,gross_notional_usd,orphan_frac
QBTS,-25143.120000000003,25143.120000000003,1.0
SPCX,-1179.9900000000002,1179.9900000000002,1.0
