bucket,realized_pnl,unrealized_pnl,dividends,withholding_tax,pil_dividends,borrow_fees,short_credit_interest,other_fees,bond_interest,total_pnl
bucket_1,66023.28910405892,87209.4337616642,677.31922453493,-4.960000013704577,-863.34,-34529.801862896726,4983.842532146293,-0.7000017560497181,0.0,123495.08275773788
bucket_2,102714.06984134797,156298.94632478786,79.27077546507005,-19.419999986295426,-199899.47,-30619.278137103276,7959.877639067558,-5.819998243950282,0.0,36508.17644533491
bucket_3,276.12134444000003,2496.777593,0.0,0.0,-510.35,-2020.65,256.7125257458133,0.0,0.0,498.6114631858145
bucket_5,0.0,420.42220399999997,0.0,0.0,0.0,-290.65999999999997,228.0848396586292,0.0,0.0,357.8470436586292
bucket_4,-8898.8178671669,-70628.35787545207,0.0,0.0,-149.97,-11073.539999999999,2163.0124633817077,0.0,0.0,-88587.67327923726
